name,address,city,arrondissement,neighborhood,category,cuisine,price_range,rating,review_count,latitude,longitude,google_maps_url,website_url,booking_url,description
ALMAS,"Rue de Chabrol, Paris, France",Paris,,,restaurant,,,5,130,48.8769653,2.3525352,https://maps.google.com/?cid=5487986251545238210&g_mp=CiVnb29nbGUubWFwcy5wbGFjZXMudjEuUGxhY2VzLkdldFBsYWNlEAIYBCAA,http://almasrestaurant.fr/,,"Type: Restaurant
Google: 5.0 (130 reviews)
Food types: restaurant
Tags: Restaurant, Street food
Google Maps: https://maps.google.com/?cid=5487986251545238210&g_mp=CiVnb29nbGUubWFwcy5wbGFjZXMudjEuUGxhY2VzLkdldFBsYWNlEAIYBCAA
Website: http://almasrestaurant.fr/"
AMA PARIS,"2 Rue Bichat, 75010 Paris, France",Paris,10e,,restaurant,,,4,1008,48.86965,2.36932,https://maps.google.com/?cid=4519042102872921569&g_mp=CiVnb29nbGUubWFwcy5wbGFjZXMudjEuUGxhY2VzLkdldFBsYWNlEAIYBCAA,http://ama-paris.fr/,https://bookings.zenchef.com/results?rid=353663&fullscreen=1&mini=0&pid=mapstr&primaryColor=FFC222&type=web,"Type: Restaurant
Arrondissement: 10e
Google: 4.0 (1,008 reviews)
Food types: restaurant
Tags: Restaurant
Google Maps: https://maps.google.com/?cid=4519042102872921569&g_mp=CiVnb29nbGUubWFwcy5wbGFjZXMudjEuUGxhY2VzLkdldFBsYWNlEAIYBCAA
Website: http://ama-paris.fr/
Booking: https://bookings.zenchef.com/results?rid=353663&fullscreen=1&mini=0&pid=mapstr&primaryColor=FFC222&type=web"
AVE Pizza Romana,"90 Rue de la Folie Méricourt, 75011 Paris, France",Paris,11e,,restaurant,,,4.7,1576,48.8669478,2.3696267,https://maps.google.com/?cid=5925243916874515936&g_mp=CiVnb29nbGUubWFwcy5wbGFjZXMudjEuUGxhY2VzLkdldFBsYWNlEAIYBCAA,https://ave-pizza-romana.business.site/,https://bookings.zenchef.com/results?rid=363087&fullscreen=1&mini=0&pid=mapstr&primaryColor=FFC222&type=web,"Type: Pizza Restaurant
Arrondissement: 11e
Google: 4.7 (1,576 reviews)
Food types: restaurant
Tags: Restaurant, Italian
Google summary: Airy, contemporary pizzeria serving Roman-style pies, plus calzones, starters, cocktails & desserts.
Google Maps: https://maps.google.com/?cid=5925243916874515936&g_mp=CiVnb29nbGUubWFwcy5wbGFjZXMudjEuUGxhY2VzLkdldFBsYWNlEAIYBCAA
Website: https://ave-pizza-romana.business.site/
Booking: https://bookings.zenchef.com/results?rid=363087&fullscreen=1&mini=0&pid=mapstr&primaryColor=FFC222&type=web"
Acid Lactic,"15 Rue de la Folie Méricourt, 75011 Paris, France",Paris,11e,,restaurant,,,4.3,39,48.8621272,2.3739241,https://maps.google.com/?cid=9406144155338785582&g_mp=CiVnb29nbGUubWFwcy5wbGFjZXMudjEuUGxhY2VzLkdldFBsYWNlEAIYBCAA,,,"Type: Pizza Restaurant
Arrondissement: 11e
Google: 4.3 (39 reviews)
Food types: restaurant
Tags: bootstrap, paris, Pizza
Google Maps: https://maps.google.com/?cid=9406144155338785582&g_mp=CiVnb29nbGUubWFwcy5wbGFjZXMudjEuUGxhY2VzLkdldFBsYWNlEAIYBCAA"
Allard,41 rue Saint-André Des Arts Paris 75006,Paris,6e,,restaurant,,€€€,4.3,1269,48.85330320000001,2.3410216,https://maps.google.com/?cid=7378348292976889048&g_mp=CiVnb29nbGUubWFwcy5wbGFjZXMudjEuUGxhY2VzLkdldFBsYWNlEAIYBCAA,https://www.restaurant-allard.fr/,https://bookings.zenchef.com/results?rid=374504&fullscreen=1&mini=0&pid=mapstr&primaryColor=FFC222&type=web,"Type: French Restaurant
Arrondissement: 6e
Price: €€€
Google: 4.3 (1,269 reviews)
Food types: restaurant
Tags: Frenchie, Bistrot
Google summary: Old-school bistro offering elevated, traditional French dishes & wines in a warm atmosphere.
Google Maps: https://maps.google.com/?cid=7378348292976889048&g_mp=CiVnb29nbGUubWFwcy5wbGFjZXMudjEuUGxhY2VzLkdldFBsYWNlEAIYBCAA
Website: https://www.restaurant-allard.fr/
Booking: https://bookings.zenchef.com/results?rid=374504&fullscreen=1&mini=0&pid=mapstr&primaryColor=FFC222&type=web"
Ama Siam,"49 Rue de Belleville, 75019 Paris, France",Paris,19e,,restaurant,,,4.5,222,48.8731455,2.380934,https://maps.google.com/?cid=12753787120855512862&g_mp=CiVnb29nbGUubWFwcy5wbGFjZXMudjEuUGxhY2VzLkdldFBsYWNlEAIYBCAA,https://www.instagram.com/amasiam.paris/,,"Type: Thai Restaurant
Arrondissement: 19e
Google: 4.5 (222 reviews)
Food types: restaurant
Tags: Restaurant, Vietnamiese
Google Maps: https://maps.google.com/?cid=12753787120855512862&g_mp=CiVnb29nbGUubWFwcy5wbGFjZXMudjEuUGxhY2VzLkdldFBsYWNlEAIYBCAA
Website: https://www.instagram.com/amasiam.paris/"
Amagat,"23 Villa Riberolle, 75020 Paris, France",Paris,20e,,restaurant,,,4,339,48.85804539999999,2.396694799999999,https://maps.google.com/?cid=7537745217197584923&g_mp=CiVnb29nbGUubWFwcy5wbGFjZXMudjEuUGxhY2VzLkdldFBsYWNlEAIYBCAA,https://www.amagatparis.fr/,,"Type: Restaurant
Arrondissement: 20e
Google: 4.0 (339 reviews)
Food types: restaurant
Tags: Restaurant, Trendy, ❤️
Google summary: Laid-back, simply furnished destination serving traditional small plates, desserts & wine.
Google Maps: https://maps.google.com/?cid=7537745217197584923&g_mp=CiVnb29nbGUubWFwcy5wbGFjZXMudjEuUGxhY2VzLkdldFBsYWNlEAIYBCAA
Website: https://www.amagatparis.fr/"
Ambassade d’Auvergne,"22 rue du grenier-saint-lazare, Paris 75003",Paris,3e,,restaurant,,€€€,4.2,2020,48.8630446,2.3534095,https://maps.google.com/?cid=11113300398678527964&g_mp=CiVnb29nbGUubWFwcy5wbGFjZXMudjEuUGxhY2VzLkdldFBsYWNlEAIYBCAA,http://www.ambassade-auvergne.com/,https://thefork.fr/restaurant/ambassade-d-auvergne-r841113/?cc=24751-923,"Type: French Restaurant
Arrondissement: 3e
Price: €€€
Google: 4.2 (2,020 reviews)
Food types: restaurant
Tags: Restaurant
Google summary: Venerable locale with exposed rafters & vintage posters, serving traditional Auvergne cuisine.
Google Maps: https://maps.google.com/?cid=11113300398678527964&g_mp=CiVnb29nbGUubWFwcy5wbGFjZXMudjEuUGxhY2VzLkdldFBsYWNlEAIYBCAA
Website: http://www.ambassade-auvergne.com/
Booking: https://thefork.fr/restaurant/ambassade-d-auvergne-r841113/?cc=24751-923"
Anahi,"49 Rue Volta, 75003 Paris, France",Paris,3e,,restaurant,,€€€€,4.3,490,48.86704959999999,2.3582183,https://maps.google.com/?cid=3269382794094178512&g_mp=CiVnb29nbGUubWFwcy5wbGFjZXMudjEuUGxhY2VzLkdldFBsYWNlEAIYBCAA,http://www.anahi-paris.com/,https://www.sevenrooms.com/reservations/anahiparis,"Type: South American Restaurant
Arrondissement: 3e
Price: €€€€
Google: 4.3 (490 reviews)
Food types: restaurant
Tags: Argentinian, Restaurant
Google Maps: https://maps.google.com/?cid=3269382794094178512&g_mp=CiVnb29nbGUubWFwcy5wbGFjZXMudjEuUGxhY2VzLkdldFBsYWNlEAIYBCAA
Website: http://www.anahi-paris.com/
Booking: https://www.sevenrooms.com/reservations/anahiparis"
Anima,"78 Rue du Cherche-Midi, 75006 Paris, France",Paris,6e,,restaurant,,€€,4.2,766,48.8480208,2.3235003,https://maps.google.com/?cid=16278103625304564261&g_mp=CiVnb29nbGUubWFwcy5wbGFjZXMudjEuUGxhY2VzLkdldFBsYWNlEAIYBCAA,https://anima.paris/,https://bookings.zenchef.com/results?rid=360988&fullscreen=1&mini=0&pid=mapstr&primaryColor=FFC222&type=web,"Type: Italian Restaurant
Arrondissement: 6e
Price: €€
Google: 4.2 (766 reviews)
Food types: restaurant
Tags: bootstrap, left-bank, Pizza
Google summary: Fashionable restaurant in a former tapestry workshop dishing up traditional Italian cuisine.
Google Maps: https://maps.google.com/?cid=16278103625304564261&g_mp=CiVnb29nbGUubWFwcy5wbGFjZXMudjEuUGxhY2VzLkdldFBsYWNlEAIYBCAA
Website: https://anima.paris/
Booking: https://bookings.zenchef.com/results?rid=360988&fullscreen=1&mini=0&pid=mapstr&primaryColor=FFC222&type=web"
Arcane 17,"Rue Charlot, Paris, France",Paris,,,restaurant,,,4.5,151,48.8628796,2.3625658,https://maps.google.com/?cid=12634743828309489625&g_mp=CiVnb29nbGUubWFwcy5wbGFjZXMudjEuUGxhY2VzLkdldFBsYWNlEAIYBCAA,https://arcane17paris.com/,,"Type: Restaurant
Google: 4.5 (151 reviews)
Food types: restaurant
Tags: Restaurant, Trendy, Basque
Google Maps: https://maps.google.com/?cid=12634743828309489625&g_mp=CiVnb29nbGUubWFwcy5wbGFjZXMudjEuUGxhY2VzLkdldFBsYWNlEAIYBCAA
Website: https://arcane17paris.com/"
Arnaud Nicolas Charcuterie Cuisinée,"46 Avenue de la Bourdonnais, 75007 Paris, France",Paris,7e,,restaurant,,,,,48.8569275,2.3010287,https://www.google.com/maps/search/?api=1&query=Arnaud%20Nicolas%20Charcuterie%20Cuisin%C3%A9e%2C%20Paris%2C%20France,http://arnaudnicolas.paris/,https://thefork.fr/restaurant/arnaud-nicolas-r313657/?cc=24751-923,"Arrondissement: 7e
Food types: restaurant
Tags: Frenchie, Restaurant, Meat
Google Maps: https://www.google.com/maps/search/?api=1&query=Arnaud%20Nicolas%20Charcuterie%20Cuisin%C3%A9e%2C%20Paris%2C%20France
Website: http://arnaudnicolas.paris/
Booking: https://thefork.fr/restaurant/arnaud-nicolas-r313657/?cc=24751-923"
Aroma-Zone,"25 Rue de l'École de Médecine, 75006 Paris, France",Paris,6e,,shopping,,,,,48.8516826,2.3397984,https://www.google.com/maps/search/?api=1&query=Aroma-Zone%2C%20Paris%2C%20France,http://www.aroma-zone.com/,,"Arrondissement: 6e
Food types: shopping
Tags: Healthy
Google Maps: https://www.google.com/maps/search/?api=1&query=Aroma-Zone%2C%20Paris%2C%20France
Website: http://www.aroma-zone.com/"
Astier,"44 Rue Jean-Pierre Timbaud, 75011 Paris, France",Paris,11e,,restaurant,,,,,48.8662113,2.3720222,https://www.google.com/maps/search/?api=1&query=Astier%2C%20Paris%2C%20France,http://www.restaurant-astier.com/,https://thefork.fr/restaurant/astier-r5686/?cc=24751-923,"Arrondissement: 11e
Food types: restaurant
Tags: Frenchie, Restaurant
Google Maps: https://www.google.com/maps/search/?api=1&query=Astier%2C%20Paris%2C%20France
Website: http://www.restaurant-astier.com/
Booking: https://thefork.fr/restaurant/astier-r5686/?cc=24751-923"
Au Moulin A Vent,"20 Rue des Fossés Saint-Bernard, 75005 Paris, France",Paris,5e,,restaurant,,,,,48.8485564,2.354766199999999,https://www.google.com/maps/search/?api=1&query=Au%20Moulin%20A%20Vent%2C%20Paris%2C%20France,http://www.au-moulinavent.com/,https://bookings.zenchef.com/results?rid=363128&fullscreen=1&mini=0&pid=mapstr&primaryColor=FFC222&type=web,"Arrondissement: 5e
Food types: restaurant
Tags: Frenchie, Restaurant, Bistrot
Google Maps: https://www.google.com/maps/search/?api=1&query=Au%20Moulin%20A%20Vent%2C%20Paris%2C%20France
Website: http://www.au-moulinavent.com/
Booking: https://bookings.zenchef.com/results?rid=363128&fullscreen=1&mini=0&pid=mapstr&primaryColor=FFC222&type=web"
Au Petit Bar,"7 Rue du Mont-Thabor, 75001 Paris, France",Paris,1er,,restaurant,,€,4.6,353,48.8654785,2.3291239,https://maps.google.com/?cid=1408194716450924502&g_mp=CiVnb29nbGUubWFwcy5wbGFjZXMudjEuUGxhY2VzLkdldFBsYWNlEAIYBCAA,https://www.paris-bistro.com/choisir/paris1/au-petit-bar,,"Type: Bar
Arrondissement: 1er
Price: €
Google: 4.6 (353 reviews)
Food types: restaurant
Tags: Bistrot
Google summary: Old-school, family-owned cafe & 24-seat bar offering homestyle bistro classics alongside wine.
Google Maps: https://maps.google.com/?cid=1408194716450924502&g_mp=CiVnb29nbGUubWFwcy5wbGFjZXMudjEuUGxhY2VzLkdldFBsYWNlEAIYBCAA
Website: https://www.paris-bistro.com/choisir/paris1/au-petit-bar"
Au Trou Gascon,"40 Rue Taine, 75012 Paris, France",Paris,12e,,restaurant,,€€€,4.4,451,48.8391195,2.3942845,https://maps.google.com/?cid=8313021902176705266&g_mp=CiVnb29nbGUubWFwcy5wbGFjZXMudjEuUGxhY2VzLkdldFBsYWNlEAIYBCAA,http://www.autrougascon.fr/,https://bookings.zenchef.com/results?rid=371061&fullscreen=1&mini=0&pid=mapstr&primaryColor=FFC222&type=web,"Type: Restaurant
Arrondissement: 12e
Price: €€€
Google: 4.4 (451 reviews)
Food types: restaurant
Tags: Restaurant, Trendy
Google Maps: https://maps.google.com/?cid=8313021902176705266&g_mp=CiVnb29nbGUubWFwcy5wbGFjZXMudjEuUGxhY2VzLkdldFBsYWNlEAIYBCAA
Website: http://www.autrougascon.fr/
Booking: https://bookings.zenchef.com/results?rid=371061&fullscreen=1&mini=0&pid=mapstr&primaryColor=FFC222&type=web"
Auberge Bressane,"16 Avenue de la Motte-Picquet, 75007 Paris, France",Paris,7e,,restaurant,,€€,4.6,2309,48.85653699999999,2.308508999999999,https://maps.google.com/?cid=9060875296924406592&g_mp=CiVnb29nbGUubWFwcy5wbGFjZXMudjEuUGxhY2VzLkdldFBsYWNlEAIYBCAA,http://www.auberge-bressane.com/,https://bookings.zenchef.com/results?rid=355693&fullscreen=1&mini=0&pid=mapstr&primaryColor=FFC222&type=web,"Type: French Restaurant
Arrondissement: 7e
Price: €€
Google: 4.6 (2,309 reviews)
Food types: restaurant
Tags: Frenchie, Restaurant, Bistrot
Google summary: Folksy, easygoing locale making traditional French food like coq au vin & chocolate soufflé.
Google Maps: https://maps.google.com/?cid=9060875296924406592&g_mp=CiVnb29nbGUubWFwcy5wbGFjZXMudjEuUGxhY2VzLkdldFBsYWNlEAIYBCAA
Website: http://www.auberge-bressane.com/
Booking: https://bookings.zenchef.com/results?rid=355693&fullscreen=1&mini=0&pid=mapstr&primaryColor=FFC222&type=web"
Aux Crus de Bourgogne,"3 Rue Bachaumont, Paris 75002",Paris,2e,,restaurant,,,4.6,1991,48.8658261,2.3465718,https://maps.google.com/?cid=3731929306327284416&g_mp=CiVnb29nbGUubWFwcy5wbGFjZXMudjEuUGxhY2VzLkdldFBsYWNlEAIYBCAA,http://www.auxcrusdebourgogne.com/,https://bookings.zenchef.com/results?rid=352723&fullscreen=1&mini=0&pid=mapstr&primaryColor=FFC222&type=web,"Type: French Restaurant
Arrondissement: 2e
Google: 4.6 (1,991 reviews)
Food types: restaurant
Tags: Frenchie
Google summary: Classic regional dishes & a long wine list in a vintage-chic bistro with sidewalk tables.
Google Maps: https://maps.google.com/?cid=3731929306327284416&g_mp=CiVnb29nbGUubWFwcy5wbGFjZXMudjEuUGxhY2VzLkdldFBsYWNlEAIYBCAA
Website: http://www.auxcrusdebourgogne.com/
Booking: https://bookings.zenchef.com/results?rid=352723&fullscreen=1&mini=0&pid=mapstr&primaryColor=FFC222&type=web"
Aï Hsu,"16 Rue Saint-Sébastien, 75011 Paris, France",Paris,11e,,restaurant,,,,,48.86096999999999,2.3689244,https://www.google.com/maps/search/?api=1&query=A%C3%AF%20Hsu%2C%20Paris%2C%20France,,https://thefork.fr/restaurant/ai-hsu-table-r301139/?cc=24751-923,"Arrondissement: 11e
Food types: restaurant
Tags: Japanese, Restaurant
Google Maps: https://www.google.com/maps/search/?api=1&query=A%C3%AF%20Hsu%2C%20Paris%2C%20France
Booking: https://thefork.fr/restaurant/ai-hsu-table-r301139/?cc=24751-923"
BISTROT MEE,"5 Rue d'Argenteuil, 75001 Paris, France",Paris,1er,,restaurant,,€€,4.2,1408,48.8644675,2.3339743,https://maps.google.com/?cid=5162366246008904487&g_mp=CiVnb29nbGUubWFwcy5wbGFjZXMudjEuUGxhY2VzLkdldFBsYWNlEAIYBCAA,https://www.meeandyou.com/bistrot,https://thefork.fr/restaurant/bistrot-mee-r63282/?cc=24751-923,"Type: Korean Restaurant
Arrondissement: 1er
Price: €€
Google: 4.2 (1,408 reviews)
Food types: restaurant
Tags: Restaurant, Korean
Google Maps: https://maps.google.com/?cid=5162366246008904487&g_mp=CiVnb29nbGUubWFwcy5wbGFjZXMudjEuUGxhY2VzLkdldFBsYWNlEAIYBCAA
Website: https://www.meeandyou.com/bistrot
Booking: https://thefork.fr/restaurant/bistrot-mee-r63282/?cc=24751-923"
BIWAN ⸱ iRASSHAi,"40 Rue du Louvre, 75001 Paris, France",Paris,1er,,restaurant,,,4.7,730,48.8642928,2.3425687,https://maps.google.com/?cid=1942768491856955954&g_mp=CiVnb29nbGUubWFwcy5wbGFjZXMudjEuUGxhY2VzLkdldFBsYWNlEAIYBCAA,https://irasshai.co/pages/biwan-la-table,https://www.thefork.fr/restaurant/irasshai-biwan-r804659,"Type: Japanese Restaurant
Arrondissement: 1er
Google: 4.7 (730 reviews)
Food types: restaurant
Tags: Japanese, Restaurant
Google Maps: https://maps.google.com/?cid=1942768491856955954&g_mp=CiVnb29nbGUubWFwcy5wbGFjZXMudjEuUGxhY2VzLkdldFBsYWNlEAIYBCAA
Website: https://irasshai.co/pages/biwan-la-table
Booking: https://www.thefork.fr/restaurant/irasshai-biwan-r804659"
BMK Paris-Bamako,"14 rue de la fidélité, Paris 75010",Paris,10e,,restaurant,,,,,48.87464610000001,2.3565492,https://www.google.com/maps/search/?api=1&query=BMK%20Paris-Bamako%2C%20Paris%2C%20France,http://www.bmkparis.com/,https://thefork.fr/restaurant/bmk-paris-bamako-r843735/?cc=24751-923,"Arrondissement: 10e
Food types: restaurant
Tags: Restaurant, African
Google Maps: https://www.google.com/maps/search/?api=1&query=BMK%20Paris-Bamako%2C%20Paris%2C%20France
Website: http://www.bmkparis.com/
Booking: https://thefork.fr/restaurant/bmk-paris-bamako-r843735/?cc=24751-923"
BREIZH Café Marais | La Crêpe Autrement,"109 Rue Vieille du Temple, 75003 Paris, France",Paris,3e,,restaurant,,€€,4.3,5863,48.8606353,2.3618604,https://maps.google.com/?cid=2739135305373629346&g_mp=CiVnb29nbGUubWFwcy5wbGFjZXMudjEuUGxhY2VzLkdldFBsYWNlEAIYBCAA,https://breizhcafe.com/,https://bookings.zenchef.com/results?rid=349932&fullscreen=1&mini=0&pid=mapstr&primaryColor=FFC222&type=web,"Type: Dessert Shop
Arrondissement: 3e
Price: €€
Google: 4.3 (5,863 reviews)
Food types: restaurant
Tags: Restaurant, Creps
Google Maps: https://maps.google.com/?cid=2739135305373629346&g_mp=CiVnb29nbGUubWFwcy5wbGFjZXMudjEuUGxhY2VzLkdldFBsYWNlEAIYBCAA
Website: https://breizhcafe.com/
Booking: https://bookings.zenchef.com/results?rid=349932&fullscreen=1&mini=0&pid=mapstr&primaryColor=FFC222&type=web"
BRUTOS,"5 Rue du Général Renault, 75011 Paris, France",Paris,11e,,restaurant,,,,,48.8614625,2.3782218,https://www.google.com/maps/search/?api=1&query=BRUTOS%2C%20Paris%2C%20France,https://www.brutosparis.com/,https://bookings.zenchef.com/results?rid=349110&fullscreen=1&mini=0&pid=mapstr&primaryColor=FFC222&type=web,"Arrondissement: 11e
Food types: restaurant
Tags: Restaurant, Meat
Google Maps: https://www.google.com/maps/search/?api=1&query=BRUTOS%2C%20Paris%2C%20France
Website: https://www.brutosparis.com/
Booking: https://bookings.zenchef.com/results?rid=349110&fullscreen=1&mini=0&pid=mapstr&primaryColor=FFC222&type=web"
Baieta,"5 Rue de Pontoise, 75005 Paris, France",Paris,5e,,restaurant,,,,,48.8501043,2.352244999999999,https://www.google.com/maps/search/?api=1&query=Baieta%2C%20Paris%2C%20France,http://www.restaurant-baieta-paris.fr/,https://thefork.fr/restaurant/baieta-r724954/?cc=24751-923,"Arrondissement: 5e
Food types: restaurant
Tags: Restaurant, Bistrot
Google Maps: https://www.google.com/maps/search/?api=1&query=Baieta%2C%20Paris%2C%20France
Website: http://www.restaurant-baieta-paris.fr/
Booking: https://thefork.fr/restaurant/baieta-r724954/?cc=24751-923"
BangBang Restaurant,"Rue du Liban, Paris, France",Paris,,,restaurant,,,4.5,473,48.8686873,2.3853813,https://maps.google.com/?cid=7588482950229057893&g_mp=CiVnb29nbGUubWFwcy5wbGFjZXMudjEuUGxhY2VzLkdldFBsYWNlEAIYBCAA,http://spicybangbang.com/,https://bookings.zenchef.com/results?rid=358138&fullscreen=1&mini=0&pid=mapstr&primaryColor=FFC222&type=web,"Type: Restaurant
Google: 4.5 (473 reviews)
Food types: restaurant
Tags: Libanese, Street food, Restaurant
Google Maps: https://maps.google.com/?cid=7588482950229057893&g_mp=CiVnb29nbGUubWFwcy5wbGFjZXMudjEuUGxhY2VzLkdldFBsYWNlEAIYBCAA
Website: http://spicybangbang.com/
Booking: https://bookings.zenchef.com/results?rid=358138&fullscreen=1&mini=0&pid=mapstr&primaryColor=FFC222&type=web"
Banh Mi,"81 Rue de Turbigo, 75003 Paris, France",Paris,3e,,restaurant,,,,,48.8666716,2.3607034,https://www.google.com/maps/search/?api=1&query=Banh%20Mi%2C%20Paris%2C%20France,,,"Arrondissement: 3e
Food types: restaurant
Tags: Asian, Vietnamiese, Restaurant
Google Maps: https://www.google.com/maps/search/?api=1&query=Banh%20Mi%2C%20Paris%2C%20France"
Baronne,"11 Rue Berryer, 75008 Paris, France",Paris,8e,,restaurant,,,4.5,1303,48.875255,2.3039288,https://maps.google.com/?cid=14335811537082220816&g_mp=CiVnb29nbGUubWFwcy5wbGFjZXMudjEuUGxhY2VzLkdldFBsYWNlEAIYBCAA,https://baronne-restaurant.com/,,"Type: Restaurant
Arrondissement: 8e
Google: 4.5 (1,303 reviews)
Food types: restaurant
Tags: Restaurant, Trendy
Google Maps: https://maps.google.com/?cid=14335811537082220816&g_mp=CiVnb29nbGUubWFwcy5wbGFjZXMudjEuUGxhY2VzLkdldFBsYWNlEAIYBCAA
Website: https://baronne-restaurant.com/"
Benoit Paris,"Rue Saint-Martin, Paris, France",Paris,,,restaurant,,€€€€,4.3,2893,48.85838489999999,2.350088,https://maps.google.com/?cid=14478655399410179573&g_mp=CiVnb29nbGUubWFwcy5wbGFjZXMudjEuUGxhY2VzLkdldFBsYWNlEAIYBCAA,http://www.benoit-paris.com/,https://bookings.zenchef.com/results?rid=371167&fullscreen=1&mini=0&pid=mapstr&primaryColor=FFC222&type=web,"Type: French Restaurant
Price: €€€€
Google: 4.3 (2,893 reviews)
Food types: restaurant
Tags: Bistrot, Restaurant
Google summary: Casseroles, snails & desserts like profiteroles in a venerable bistro with brass details & mirrors.
Google Maps: https://maps.google.com/?cid=14478655399410179573&g_mp=CiVnb29nbGUubWFwcy5wbGFjZXMudjEuUGxhY2VzLkdldFBsYWNlEAIYBCAA
Website: http://www.benoit-paris.com/
Booking: https://bookings.zenchef.com/results?rid=371167&fullscreen=1&mini=0&pid=mapstr&primaryColor=FFC222&type=web"
Bien Élevé,"47 rue richer, Paris 75009",Paris,9e,,restaurant,,,,,48.8739843,2.343312899999999,https://www.google.com/maps/search/?api=1&query=Bien%20%C3%89lev%C3%A9%2C%20Paris%2C%20France,http://bieneleve.fr/,https://bookings.zenchef.com/results?rid=354279&fullscreen=1&mini=0&pid=mapstr&primaryColor=FFC222,"Arrondissement: 9e
Food types: restaurant
Tags: Restaurant, Meat
Google Maps: https://www.google.com/maps/search/?api=1&query=Bien%20%C3%89lev%C3%A9%2C%20Paris%2C%20France
Website: http://bieneleve.fr/
Booking: https://bookings.zenchef.com/results?rid=354279&fullscreen=1&mini=0&pid=mapstr&primaryColor=FFC222"
Billie,"Rue des Petits Champs, Paris, France",Paris,,,restaurant,,,4.2,204,48.866831,2.3365718,https://maps.google.com/?cid=7710219016150904196&g_mp=CiVnb29nbGUubWFwcy5wbGFjZXMudjEuUGxhY2VzLkdldFBsYWNlEAIYBCAA,https://www.billie-paris.com/,http://www.opentable.fr/r/billie-paris?ref=17374,"Type: Restaurant
Google: 4.2 (204 reviews)
Food types: restaurant
Tags: Restaurant, Dancing, Trendy
Google Maps: https://maps.google.com/?cid=7710219016150904196&g_mp=CiVnb29nbGUubWFwcy5wbGFjZXMudjEuUGxhY2VzLkdldFBsYWNlEAIYBCAA
Website: https://www.billie-paris.com/
Booking: http://www.opentable.fr/r/billie-paris?ref=17374"
Biondi,"118 Rue Amelot, 75011 Paris, France",Paris,11e,,restaurant,,,,,48.8638464,2.3671635,https://www.google.com/maps/search/?api=1&query=Biondi%2C%20Paris%2C%20France,https://www.biondi-restaurant.fr/,https://bookings.zenchef.com/results?rid=353425&fullscreen=1&mini=0&pid=mapstr&primaryColor=FFC222&type=web,"Arrondissement: 11e
Food types: restaurant
Tags: Restaurant, Trendy
Google Maps: https://www.google.com/maps/search/?api=1&query=Biondi%2C%20Paris%2C%20France
Website: https://www.biondi-restaurant.fr/
Booking: https://bookings.zenchef.com/results?rid=353425&fullscreen=1&mini=0&pid=mapstr&primaryColor=FFC222&type=web"
Bistrot Belhara,"23 Rue Duvivier, 75007 Paris, France",Paris,7e,,restaurant,,,4.6,371,48.8564004,2.307450499999999,https://maps.google.com/?cid=4003693556219215886&g_mp=CiVnb29nbGUubWFwcy5wbGFjZXMudjEuUGxhY2VzLkdldFBsYWNlEAIYBCAA,http://www.bistrotbelhara.com/,https://thefork.fr/restaurant/bistrot-belhara-r43563/?cc=24751-923,"Type: Bistro
Arrondissement: 7e
Google: 4.6 (371 reviews)
Food types: restaurant
Tags: Restaurant, Bistrot
Google Maps: https://maps.google.com/?cid=4003693556219215886&g_mp=CiVnb29nbGUubWFwcy5wbGFjZXMudjEuUGxhY2VzLkdldFBsYWNlEAIYBCAA
Website: http://www.bistrotbelhara.com/
Booking: https://thefork.fr/restaurant/bistrot-belhara-r43563/?cc=24751-923"
Bistrot Des Tournelles,"Rue des Tournelles, Paris, France",Paris,,,restaurant,,,4.6,1157,48.8543,2.3674,https://maps.google.com/?cid=4001123751309885181&g_mp=CiVnb29nbGUubWFwcy5wbGFjZXMudjEuUGxhY2VzLkdldFBsYWNlEAIYBCAA,https://www.bistrotdestournelles.com/,,"Type: French Restaurant
Google: 4.6 (1,157 reviews)
Food types: restaurant
Tags: Bistrot
Google Maps: https://maps.google.com/?cid=4001123751309885181&g_mp=CiVnb29nbGUubWFwcy5wbGFjZXMudjEuUGxhY2VzLkdldFBsYWNlEAIYBCAA
Website: https://www.bistrotdestournelles.com/"
Bistrot Tontine,"6 Rue Paul Bert, 75011 Paris, France",Paris,11e,,restaurant,,,3.3,35,48.85133179999999,2.3846753,https://maps.google.com/?cid=6933264304379606991&g_mp=CiVnb29nbGUubWFwcy5wbGFjZXMudjEuUGxhY2VzLkdldFBsYWNlEAIYBCAA,,,"Type: Restaurant
Arrondissement: 11e
Google: 3.3 (35 reviews)
Food types: restaurant
Tags: Restaurant, Trendy
Google Maps: https://maps.google.com/?cid=6933264304379606991&g_mp=CiVnb29nbGUubWFwcy5wbGFjZXMudjEuUGxhY2VzLkdldFBsYWNlEAIYBCAA"
Bofinger,"5-7 Rue de la Bastille, Paris 75004",Paris,4e,,restaurant,,,,,48.853762,2.367904,https://www.google.com/maps/search/?api=1&query=Bofinger%2C%20Paris%2C%20France,http://www.bistrotjadis.fr/,https://bookings.zenchef.com/results?rid=351596&fullscreen=1&mini=0&pid=mapstr&primaryColor=FFC222&type=web,"Arrondissement: 4e
Food types: restaurant
Tags: Frenchie, Restaurant, Bistrot
Google Maps: https://www.google.com/maps/search/?api=1&query=Bofinger%2C%20Paris%2C%20France
Website: http://www.bistrotjadis.fr/
Booking: https://bookings.zenchef.com/results?rid=351596&fullscreen=1&mini=0&pid=mapstr&primaryColor=FFC222&type=web"
Bol Porridge bar,"76 Rue du Faubourg Poissonnière, 75010 Paris, France",Paris,10e,,restaurant,,,,,48.8763487,2.3487379,https://www.google.com/maps/search/?api=1&query=Bol%20Porridge%20bar%2C%20Paris%2C%20France,http://www.bolporridgebar.com/,,"Arrondissement: 10e
Food types: restaurant
Tags: Healthy
Google Maps: https://www.google.com/maps/search/?api=1&query=Bol%20Porridge%20bar%2C%20Paris%2C%20France
Website: http://www.bolporridgebar.com/"
Bouche Paris,"85 Rue Jean-Pierre Timbaud, 75011 Paris, France",Paris,11e,,restaurant,,,4.4,734,48.8681640625,2.378389835357666,https://maps.google.com/?cid=3394036764812937916&g_mp=CiVnb29nbGUubWFwcy5wbGFjZXMudjEuUGxhY2VzLkdldFBsYWNlEAIYBCAA,http://www.boucheparis.com/,,"Type: Restaurant
Arrondissement: 11e
Google: 4.4 (734 reviews)
Food types: restaurant
Tags: Restaurant
Google Maps: https://maps.google.com/?cid=3394036764812937916&g_mp=CiVnb29nbGUubWFwcy5wbGFjZXMudjEuUGxhY2VzLkdldFBsYWNlEAIYBCAA
Website: http://www.boucheparis.com/"
Bouillon Pigalle,"22 Bd de Clichy, 75018 Paris, France",Paris,18e,,restaurant,,€,4.6,54956,48.8826517,2.3374635,https://maps.google.com/?cid=7799438763248845030&g_mp=CiVnb29nbGUubWFwcy5wbGFjZXMudjEuUGxhY2VzLkdldFBsYWNlEAIYBCAA,http://www.bouillonpigalle.com/,https://bookings.zenchef.com/results?rid=357951&fullscreen=1&mini=0&pid=mapstr&primaryColor=FFC222&type=web,"Type: French Restaurant
Arrondissement: 18e
Price: €
Google: 4.6 (54,956 reviews)
Food types: restaurant
Tags: Bistrot, Trendy, For groups
Google summary: Popular casual bistro serving traditional French mains & desserts with house wines by the glass.
Google Maps: https://maps.google.com/?cid=7799438763248845030&g_mp=CiVnb29nbGUubWFwcy5wbGFjZXMudjEuUGxhY2VzLkdldFBsYWNlEAIYBCAA
Website: http://www.bouillonpigalle.com/
Booking: https://bookings.zenchef.com/results?rid=357951&fullscreen=1&mini=0&pid=mapstr&primaryColor=FFC222&type=web"
Boutique Pralus Paris Cler,"44 Rue Cler, 75007 Paris, France",Paris,7e,,restaurant,,,,,48.8562216,2.3065555,https://www.google.com/maps/search/?api=1&query=Boutique%20Pralus%20Paris%20Cler%2C%20Paris%2C%20France,http://www.chocolats-pralus.com/,,"Arrondissement: 7e
Food types: restaurant
Tags: Chocolat
Google Maps: https://www.google.com/maps/search/?api=1&query=Boutique%20Pralus%20Paris%20Cler%2C%20Paris%2C%20France
Website: http://www.chocolats-pralus.com/"
Brasserie Barbès,"2 Boulevard Barbès, 75018 Paris, France",Paris,18e,,restaurant,,€€,4.5,7281,48.8839705,2.3497069,https://maps.google.com/?cid=10803593479356726709&g_mp=CiVnb29nbGUubWFwcy5wbGFjZXMudjEuUGxhY2VzLkdldFBsYWNlEAIYBCAA,http://brasseriebarbes.com/,https://bookings.zenchef.com/results?rid=349532&fullscreen=1&mini=0&pid=mapstr&primaryColor=FFC222&type=web,"Type: Restaurant
Arrondissement: 18e
Price: €€
Google: 4.5 (7,281 reviews)
Food types: restaurant
Tags: Frenchie, Restaurant, Rooftop
Google summary: Bar & restaurant with an industrial-chic look, popular for cocktails & steaks on a courtyard patio.
Google Maps: https://maps.google.com/?cid=10803593479356726709&g_mp=CiVnb29nbGUubWFwcy5wbGFjZXMudjEuUGxhY2VzLkdldFBsYWNlEAIYBCAA
Website: http://brasseriebarbes.com/
Booking: https://bookings.zenchef.com/results?rid=349532&fullscreen=1&mini=0&pid=mapstr&primaryColor=FFC222&type=web"
Brasserie Des Prés,"6 Cr du Commerce Saint-André, 75006 Paris, France",Paris,6e,,restaurant,,€€,4.7,8065,48.8526663,2.3393167,https://maps.google.com/?cid=12232674330008008055&g_mp=CiVnb29nbGUubWFwcy5wbGFjZXMudjEuUGxhY2VzLkdldFBsYWNlEAIYBCAA,http://lanouvellegarde.com/,https://www.sevenrooms.com/explore/brasseriedespres/reservations/create/search/?venues=brasseriedespres%2Cbrasseriecharlie%2Cbrasseriedubillot%2Cbrasseriebellanger%2Cbrasseriemartin,"Type: French Restaurant
Arrondissement: 6e
Price: €€
Google: 4.7 (8,065 reviews)
Food types: restaurant
Tags: Bistrot, Restaurant
Google Maps: https://maps.google.com/?cid=12232674330008008055&g_mp=CiVnb29nbGUubWFwcy5wbGFjZXMudjEuUGxhY2VzLkdldFBsYWNlEAIYBCAA
Website: http://lanouvellegarde.com/
Booking: https://www.sevenrooms.com/explore/brasseriedespres/reservations/create/search/?venues=brasseriedespres%2Cbrasseriecharlie%2Cbrasseriedubillot%2Cbrasseriebellanger%2Cbrasseriemartin"
Brasserie Rosie,"53 Rue du Faubourg Saint-Antoine, Paris 75011",Paris,11e,,restaurant,,€€,4.7,7670,48.8522001,2.3730884,https://maps.google.com/?cid=48587829753716931&g_mp=CiVnb29nbGUubWFwcy5wbGFjZXMudjEuUGxhY2VzLkdldFBsYWNlEAIYBCAA,https://brasseriesalamode.com/brasserie-rosie,https://bookings.zenchef.com/results?rid=355132&fullscreen=1&mini=0&pid=mapstr&primaryColor=FFC222&type=web,"Type: Restaurant
Arrondissement: 11e
Price: €€
Google: 4.7 (7,670 reviews)
Food types: restaurant
Tags: Frenchie, For groups
Google summary: Hip locale with a vintage vibe serving traditional cuisine with a twist, plus cocktails.
Google Maps: https://maps.google.com/?cid=48587829753716931&g_mp=CiVnb29nbGUubWFwcy5wbGFjZXMudjEuUGxhY2VzLkdldFBsYWNlEAIYBCAA
Website: https://brasseriesalamode.com/brasserie-rosie
Booking: https://bookings.zenchef.com/results?rid=355132&fullscreen=1&mini=0&pid=mapstr&primaryColor=FFC222&type=web"
Buffet,"11 Rue Muller, 75018 Paris, France",Paris,18e,,restaurant,,,4.9,325,48.8865049,2.3461488,https://maps.google.com/?cid=6869460195017059736&g_mp=CiVnb29nbGUubWFwcy5wbGFjZXMudjEuUGxhY2VzLkdldFBsYWNlEAIYBCAA,https://www.instagram.com/buffetsandwicheriefine/,,"Type: Bakery
Arrondissement: 18e
Google: 4.9 (325 reviews)
Food types: restaurant
Tags: Street food
Google Maps: https://maps.google.com/?cid=6869460195017059736&g_mp=CiVnb29nbGUubWFwcy5wbGFjZXMudjEuUGxhY2VzLkdldFBsYWNlEAIYBCAA
Website: https://www.instagram.com/buffetsandwicheriefine/"
C.a.m Sté,"55 Rue au Maire, 75003 Paris, France",Paris,3e,,restaurant,,,,,48.8649869,2.3548853,https://www.google.com/maps/search/?api=1&query=C.a.m%20St%C3%A9%2C%20Paris%2C%20France,http://jeanmichelthirion.blogspot.fr,,"Arrondissement: 3e
Food types: restaurant
Tags: Asian, Restaurant, Trendy
Google Maps: https://www.google.com/maps/search/?api=1&query=C.a.m%20St%C3%A9%2C%20Paris%2C%20France
Website: http://jeanmichelthirion.blogspot.fr"
CHOUKRAN,"Rue Saint-Georges, Paris, France",Paris,,,restaurant,,,4.8,4432,48.87644195556641,2.336928606033325,https://maps.google.com/?cid=3902433684930978561&g_mp=CiVnb29nbGUubWFwcy5wbGFjZXMudjEuUGxhY2VzLkdldFBsYWNlEAIYBCAA,http://www.choukran.fr/,https://bookings.zenchef.com/results?rid=367766&fullscreen=1&mini=0&pid=mapstr&primaryColor=FFC222&type=web,"Type: Moroccan Restaurant
Google: 4.8 (4,432 reviews)
Food types: restaurant
Tags: Moroccan
Google Maps: https://maps.google.com/?cid=3902433684930978561&g_mp=CiVnb29nbGUubWFwcy5wbGFjZXMudjEuUGxhY2VzLkdldFBsYWNlEAIYBCAA
Website: http://www.choukran.fr/
Booking: https://bookings.zenchef.com/results?rid=367766&fullscreen=1&mini=0&pid=mapstr&primaryColor=FFC222&type=web"
COMER parís.méxico,"96 Rue d'Hauteville, 75010 Paris, France",Paris,10e,,restaurant,,,4.8,688,48.8773422,2.3516751,https://maps.google.com/?cid=11957433795774863061&g_mp=CiVnb29nbGUubWFwcy5wbGFjZXMudjEuUGxhY2VzLkdldFBsYWNlEAIYBCAA,https://www.parismexico.fr/comer-parismexico?utm_source=mapstr&utm_medium=wix_google_business_profile&utm_campaign=5541708684634353227,https://bookings.zenchef.com/results?rid=362190&fullscreen=1&mini=0&pid=mapstr&primaryColor=FFC222&type=web,"Type: Mexican Restaurant
Arrondissement: 10e
Google: 4.8 (688 reviews)
Food types: restaurant
Tags: Street food, Mexican, Restaurant
Google Maps: https://maps.google.com/?cid=11957433795774863061&g_mp=CiVnb29nbGUubWFwcy5wbGFjZXMudjEuUGxhY2VzLkdldFBsYWNlEAIYBCAA
Website: https://www.parismexico.fr/comer-parismexico?utm_source=mapstr&utm_medium=wix_google_business_profile&utm_campaign=5541708684634353227
Booking: https://bookings.zenchef.com/results?rid=362190&fullscreen=1&mini=0&pid=mapstr&primaryColor=FFC222&type=web"
Caché,"13 Villa Riberolle, 75020 Paris, France",Paris,20e,,restaurant,,,4,604,48.8578452,2.396562099999999,https://maps.google.com/?cid=12174620226242512312&g_mp=CiVnb29nbGUubWFwcy5wbGFjZXMudjEuUGxhY2VzLkdldFBsYWNlEAIYBCAA,https://www.cache-paris.com/,https://bookings.zenchef.com/results?rid=353214&fullscreen=1&mini=0&pid=mapstr&primaryColor=FFC222&type=web,"Type: Restaurant
Arrondissement: 20e
Google: 4.0 (604 reviews)
Food types: restaurant
Tags: ❤️, Restaurant, Trendy, Fish
Google summary: Innovative, seasonal fish & seafood dishes inspired by the Mediterranean in a chic, dark-hued space.
Google Maps: https://maps.google.com/?cid=12174620226242512312&g_mp=CiVnb29nbGUubWFwcy5wbGFjZXMudjEuUGxhY2VzLkdldFBsYWNlEAIYBCAA
Website: https://www.cache-paris.com/
Booking: https://bookings.zenchef.com/results?rid=353214&fullscreen=1&mini=0&pid=mapstr&primaryColor=FFC222&type=web"
Café Artcurial,"7 Rond-Point des Champs-Élysées Marcel-Dassault, 75008 Paris, France",Paris,8e,,restaurant,,,,,48.8686407,2.3088967,https://www.google.com/maps/search/?api=1&query=Caf%C3%A9%20Artcurial%2C%20Paris%2C%20France,http://www.cafeartcurial.fr/,,"Arrondissement: 8e
Food types: restaurant
Tags: Restaurant, Italian
Google Maps: https://www.google.com/maps/search/?api=1&query=Caf%C3%A9%20Artcurial%2C%20Paris%2C%20France
Website: http://www.cafeartcurial.fr/"
Café Singuliers,"2 Rue Titon, 75011 Paris, France",Paris,11e,,restaurant,,,4.4,461,48.8518786,2.3863914,https://maps.google.com/?cid=14412258830261405838&g_mp=CiVnb29nbGUubWFwcy5wbGFjZXMudjEuUGxhY2VzLkdldFBsYWNlEAIYBCAA,https://instagram.com/cafe.singuliers?igshid=OGQ5ZDc2ODk2ZA==,https://bookings.zenchef.com/results?rid=363074&fullscreen=1&mini=0&pid=mapstr&primaryColor=FFC222&type=web,"Type: Restaurant
Arrondissement: 11e
Google: 4.4 (461 reviews)
Food types: restaurant
Tags: ❤️, Restaurant
Google Maps: https://maps.google.com/?cid=14412258830261405838&g_mp=CiVnb29nbGUubWFwcy5wbGFjZXMudjEuUGxhY2VzLkdldFBsYWNlEAIYBCAA
Website: https://instagram.com/cafe.singuliers?igshid=OGQ5ZDc2ODk2ZA==
Booking: https://bookings.zenchef.com/results?rid=363074&fullscreen=1&mini=0&pid=mapstr&primaryColor=FFC222&type=web"
Café des Ministères,"83 Rue de l'Université, 75007 Paris, France",Paris,7e,,restaurant,,€€,4.6,566,48.86064109999999,2.319291499999999,https://maps.google.com/?cid=7528679401092021829&g_mp=CiVnb29nbGUubWFwcy5wbGFjZXMudjEuUGxhY2VzLkdldFBsYWNlEAIYBCAA,http://www.cafedesministeres.fr/,https://bookings.zenchef.com/results?rid=352301&fullscreen=1&mini=0&pid=mapstr&primaryColor=FFC222&type=web,"Type: French Restaurant
Arrondissement: 7e
Price: €€
Google: 4.6 (566 reviews)
Food types: restaurant
Tags: Frenchie, Restaurant, Bistrot
Google summary: Creatively reinterpreted classic French dishes, plus regional wines, at an elegant bistro.
Google Maps: https://maps.google.com/?cid=7528679401092021829&g_mp=CiVnb29nbGUubWFwcy5wbGFjZXMudjEuUGxhY2VzLkdldFBsYWNlEAIYBCAA
Website: http://www.cafedesministeres.fr/
Booking: https://bookings.zenchef.com/results?rid=352301&fullscreen=1&mini=0&pid=mapstr&primaryColor=FFC222&type=web"
Cagnard,"5 Rue des Petits Hôtels, 75010 Paris, France",Paris,10e,,restaurant,,,4.9,174,48.8772765,2.3545051,https://maps.google.com/?cid=18294089130908118477&g_mp=CiVnb29nbGUubWFwcy5wbGFjZXMudjEuUGxhY2VzLkdldFBsYWNlEAIYBCAA,https://www.cagnard-restaurant.com/,http://www.opentable.fr/r/cagnard-paris?ref=17374,"Type: Restaurant
Arrondissement: 10e
Google: 4.9 (174 reviews)
Food types: restaurant
Tags: Restaurant
Google Maps: https://maps.google.com/?cid=18294089130908118477&g_mp=CiVnb29nbGUubWFwcy5wbGFjZXMudjEuUGxhY2VzLkdldFBsYWNlEAIYBCAA
Website: https://www.cagnard-restaurant.com/
Booking: http://www.opentable.fr/r/cagnard-paris?ref=17374"
Camille,"24 Rue des Francs Bourgeois, 75003 Paris, France",Paris,3e,,restaurant,,,,,48.8577648,2.3607054,https://www.google.com/maps/search/?api=1&query=Camille%2C%20Paris%2C%20France,https://eater.space/camille,https://bookings.zenchef.com/results?rid=361419&fullscreen=1&mini=0&pid=mapstr&primaryColor=FFC222&type=web,"Arrondissement: 3e
Food types: restaurant
Tags: Frenchie
Google Maps: https://www.google.com/maps/search/?api=1&query=Camille%2C%20Paris%2C%20France
Website: https://eater.space/camille
Booking: https://bookings.zenchef.com/results?rid=361419&fullscreen=1&mini=0&pid=mapstr&primaryColor=FFC222&type=web"
Carboni’s,"45 Rue de Poitou, 75003 Paris, France",Paris,3e,,restaurant,,,,,48.8616657,2.3613013,https://www.google.com/maps/search/?api=1&query=Carboni%E2%80%99s%2C%20Paris%2C%20France,http://www.carbonisparis.com/,https://bookings.zenchef.com/results?rid=348720&fullscreen=1&mini=0&pid=mapstr&primaryColor=FFC222&type=web,"Arrondissement: 3e
Food types: restaurant
Tags: Bistrot, Trendy
Google Maps: https://www.google.com/maps/search/?api=1&query=Carboni%E2%80%99s%2C%20Paris%2C%20France
Website: http://www.carbonisparis.com/
Booking: https://bookings.zenchef.com/results?rid=348720&fullscreen=1&mini=0&pid=mapstr&primaryColor=FFC222&type=web"
Casa Bini,"36 Rue Grégoire de Tours, 75006 Paris, France",Paris,6e,,restaurant,,€€,4.3,649,48.8522566,2.3374977,https://maps.google.com/?cid=8410390317281821262&g_mp=CiVnb29nbGUubWFwcy5wbGFjZXMudjEuUGxhY2VzLkdldFBsYWNlEAIYBCAA,http://www.casabini.fr/,https://bookings.zenchef.com/results?rid=2402&fullscreen=1&mini=0&pid=mapstr&primaryColor=FFC222&type=web,"Type: Italian Restaurant
Arrondissement: 6e
Price: €€
Google: 4.3 (649 reviews)
Food types: restaurant
Tags: Italian, Restaurant
Google summary: Daily menus featuring elegant Italian starters & desserts, plus pasta dishes, in a wood-beamed stop.
Google Maps: https://maps.google.com/?cid=8410390317281821262&g_mp=CiVnb29nbGUubWFwcy5wbGFjZXMudjEuUGxhY2VzLkdldFBsYWNlEAIYBCAA
Website: http://www.casabini.fr/
Booking: https://bookings.zenchef.com/results?rid=2402&fullscreen=1&mini=0&pid=mapstr&primaryColor=FFC222&type=web"
Casa Pregonda,"6 Rue Marie Stuart, 75002 Paris, France",Paris,2e,,restaurant,,,4.6,393,48.865092,2.3482403,https://maps.google.com/?cid=18148597972882984252&g_mp=CiVnb29nbGUubWFwcy5wbGFjZXMudjEuUGxhY2VzLkdldFBsYWNlEAIYBCAA,https://www.casapregonda.com/?utm_source=mapstr&utm_medium=organic&utm_campaign=mybusiness-website,,"Type: Restaurant
Arrondissement: 2e
Google: 4.6 (393 reviews)
Food types: restaurant
Tags: Restaurant
Google Maps: https://maps.google.com/?cid=18148597972882984252&g_mp=CiVnb29nbGUubWFwcy5wbGFjZXMudjEuUGxhY2VzLkdldFBsYWNlEAIYBCAA
Website: https://www.casapregonda.com/?utm_source=mapstr&utm_medium=organic&utm_campaign=mybusiness-website"
Castille Paris - restaurant L'Assaggio,"33 Rue Cambon, 75001 Paris, France",Paris,1er,,restaurant,,,4.4,175,48.868336,2.326873,https://maps.google.com/?cid=6124682048026732297&g_mp=CiVnb29nbGUubWFwcy5wbGFjZXMudjEuUGxhY2VzLkdldFBsYWNlEAIYBCAA,http://www.castille.com,https://thefork.fr/restaurant/l-assaggio-castille-paris-r6120/?cc=24751-923,"Type: Italian Restaurant
Arrondissement: 1er
Google: 4.4 (175 reviews)
Food types: restaurant
Tags: Italian, Restaurant, Terrasse
Google Maps: https://maps.google.com/?cid=6124682048026732297&g_mp=CiVnb29nbGUubWFwcy5wbGFjZXMudjEuUGxhY2VzLkdldFBsYWNlEAIYBCAA
Website: http://www.castille.com
Booking: https://thefork.fr/restaurant/l-assaggio-castille-paris-r6120/?cc=24751-923"
Cezembre Restaurant,"17 Rue Grégoire de Tours, 75006 Paris, France",Paris,6e,,restaurant,,,,,48.8530454,2.3378775,https://www.google.com/maps/search/?api=1&query=Cezembre%20Restaurant%2C%20Paris%2C%20France,http://www.cezembrerestaurant.com/en/,https://bookings.zenchef.com/results?rid=349109&fullscreen=1&mini=0&pid=mapstr&primaryColor=FFC222&type=web,"Arrondissement: 6e
Food types: restaurant
Tags: Restaurant
Google Maps: https://www.google.com/maps/search/?api=1&query=Cezembre%20Restaurant%2C%20Paris%2C%20France
Website: http://www.cezembrerestaurant.com/en/
Booking: https://bookings.zenchef.com/results?rid=349109&fullscreen=1&mini=0&pid=mapstr&primaryColor=FFC222&type=web"
Cheri charlot,"33 Rue Richer, 75009 Paris, France",Paris,9e,,restaurant,,,,,48.8739956,2.3443527,https://www.google.com/maps/search/?api=1&query=Cheri%20charlot%2C%20Paris%2C%20France,http://www.chericharlot.com,,"Arrondissement: 9e
Food types: restaurant
Tags: Restaurant
Google Maps: https://www.google.com/maps/search/?api=1&query=Cheri%20charlot%2C%20Paris%2C%20France
Website: http://www.chericharlot.com"
Chez Aline,"85 Rue de la Roquette, 75011 Paris, France",Paris,11e,,restaurant,,,,,48.85709970000001,2.3784981,https://www.google.com/maps/search/?api=1&query=Chez%20Aline%2C%20Paris%2C%20France,http://www.lefooding.com/restaurant/restaurant-chez-aline-paris.html,,"Arrondissement: 11e
Food types: restaurant
Tags: ❤️, Take away
Google Maps: https://www.google.com/maps/search/?api=1&query=Chez%20Aline%2C%20Paris%2C%20France
Website: http://www.lefooding.com/restaurant/restaurant-chez-aline-paris.html"
Chez Casimir,"6 Rue de Belzunce, 75010 Paris, France",Paris,10e,,restaurant,,,,,48.8794666,2.3524371,https://www.google.com/maps/search/?api=1&query=Chez%20Casimir%2C%20Paris%2C%20France,https://www.casimir.paris/,https://bookings.zenchef.com/results?rid=364645&fullscreen=1&mini=0&pid=mapstr&primaryColor=FFC222&type=web,"Arrondissement: 10e
Food types: restaurant
Tags: Restaurant, Creps
Google Maps: https://www.google.com/maps/search/?api=1&query=Chez%20Casimir%2C%20Paris%2C%20France
Website: https://www.casimir.paris/
Booking: https://bookings.zenchef.com/results?rid=364645&fullscreen=1&mini=0&pid=mapstr&primaryColor=FFC222&type=web"
Chez Denise,"5 Rue des Prouvaires, 75001 Paris, France",Paris,1er,,restaurant,,€€,4.3,2524,48.8615614,2.3441953,https://maps.google.com/?cid=8302090940691035364&g_mp=CiVnb29nbGUubWFwcy5wbGFjZXMudjEuUGxhY2VzLkdldFBsYWNlEAIYBCAA,http://www.paris-bistro.com/choisir/paris1/la-tour-de-montlhery-chez-denise,,"Type: French Restaurant
Arrondissement: 1er
Price: €€
Google: 4.3 (2,524 reviews)
Food types: restaurant
Tags: Restaurant
Google Maps: https://maps.google.com/?cid=8302090940691035364&g_mp=CiVnb29nbGUubWFwcy5wbGFjZXMudjEuUGxhY2VzLkdldFBsYWNlEAIYBCAA
Website: http://www.paris-bistro.com/choisir/paris1/la-tour-de-montlhery-chez-denise"
Chez Dumonet,"117 Rue du Cherche-Midi, 75006 Paris, Frankreich",Paris,6e,,restaurant,,€€€,4.4,1042,48.845762,2.319896,https://maps.google.com/?cid=1141709340899504093&g_mp=CiVnb29nbGUubWFwcy5wbGFjZXMudjEuUGxhY2VzLkdldFBsYWNlEAIYBCAA,https://www.facebook.com/chezdumonetjosephine/,https://bookings.zenchef.com/results?rid=377647&fullscreen=1&mini=0&pid=mapstr&primaryColor=FFC222&type=web,"Type: French Restaurant
Arrondissement: 6e
Price: €€€
Google: 4.4 (1,042 reviews)
Food types: restaurant
Tags: Restaurant, Bistrot
Google summary: Foie gras, beef bourguignon, soufflés & a long regional wine list at a classic, veteran brasserie.
Google Maps: https://maps.google.com/?cid=1141709340899504093&g_mp=CiVnb29nbGUubWFwcy5wbGFjZXMudjEuUGxhY2VzLkdldFBsYWNlEAIYBCAA
Website: https://www.facebook.com/chezdumonetjosephine/
Booking: https://bookings.zenchef.com/results?rid=377647&fullscreen=1&mini=0&pid=mapstr&primaryColor=FFC222&type=web"
Chez Georges,"1 Rue du Mail, 75002 Paris, France",Paris,2e,,restaurant,,,,,48.8663761,2.3413437,https://www.google.com/maps/search/?api=1&query=Chez%20Georges%2C%20Paris%2C%20France,http://www.facebook.com/Chez-Georges-depuis-1964-209242622441222/,,"Arrondissement: 2e
Food types: restaurant
Tags: Frenchie, Restaurant, ❤️
Google Maps: https://www.google.com/maps/search/?api=1&query=Chez%20Georges%2C%20Paris%2C%20France
Website: http://www.facebook.com/Chez-Georges-depuis-1964-209242622441222/"
Chez Justine,"96 Rue Oberkampf, 75011 Paris, France",Paris,11e,,restaurant,,€€,4.4,2627,48.8656838,2.377854999999999,https://maps.google.com/?cid=3521816774576962417&g_mp=CiVnb29nbGUubWFwcy5wbGFjZXMudjEuUGxhY2VzLkdldFBsYWNlEAIYBCAA,https://justineparis.fr/,https://bookings.zenchef.com/results?rid=378661&fullscreen=1&mini=0&pid=mapstr&primaryColor=FFC222&type=web,"Type: Restaurant
Arrondissement: 11e
Price: €€
Google: 4.4 (2,627 reviews)
Food types: restaurant
Tags: Restaurant, Trendy, Italian
Google summary: Barbecued meats, salads & wood-fired Neapolitan-style pizzas in a light-filled, modern brasserie.
Google Maps: https://maps.google.com/?cid=3521816774576962417&g_mp=CiVnb29nbGUubWFwcy5wbGFjZXMudjEuUGxhY2VzLkdldFBsYWNlEAIYBCAA
Website: https://justineparis.fr/
Booking: https://bookings.zenchef.com/results?rid=378661&fullscreen=1&mini=0&pid=mapstr&primaryColor=FFC222&type=web"
Chez Lulu,"66 Rue Jean-Jacques Rousseau, 75001 Paris, France",Paris,1er,,restaurant,,,4,298,48.86420340000001,2.3440432,https://maps.google.com/?cid=8286228607451020226&g_mp=CiVnb29nbGUubWFwcy5wbGFjZXMudjEuUGxhY2VzLkdldFBsYWNlEAIYBCAA,https://chezlulu.paris/,,"Type: Event Venue
Arrondissement: 1er
Google: 4.0 (298 reviews)
Food types: restaurant
Tags: Dancing
Google Maps: https://maps.google.com/?cid=8286228607451020226&g_mp=CiVnb29nbGUubWFwcy5wbGFjZXMudjEuUGxhY2VzLkdldFBsYWNlEAIYBCAA
Website: https://chezlulu.paris/"
Chez Marcel,"7 Rue Stanislas, 75006 Paris, France",Paris,6e,,restaurant,,€€,4.7,752,48.8437934,2.328337,https://maps.google.com/?cid=9045173215651603280&g_mp=CiVnb29nbGUubWFwcy5wbGFjZXMudjEuUGxhY2VzLkdldFBsYWNlEAIYBCAA,https://chezmarcel.cool/,https://bookings.zenchef.com/results?rid=349039&fullscreen=1&mini=0&pid=mapstr&primaryColor=FFC222&type=web,"Type: French Restaurant
Arrondissement: 6e
Price: €€
Google: 4.7 (752 reviews)
Food types: restaurant
Tags: Bistrot
Google summary: Traditional French meals in an easygoing locale with a retro vibe & eclectic artwork.
Google Maps: https://maps.google.com/?cid=9045173215651603280&g_mp=CiVnb29nbGUubWFwcy5wbGFjZXMudjEuUGxhY2VzLkdldFBsYWNlEAIYBCAA
Website: https://chezmarcel.cool/
Booking: https://bookings.zenchef.com/results?rid=349039&fullscreen=1&mini=0&pid=mapstr&primaryColor=FFC222&type=web"
Chez Nenesse,"17 Rue de Saintonge, 75003 Paris, France",Paris,3e,,restaurant,,€€,4.5,414,48.8617226,2.3622983,https://maps.google.com/?cid=16561272595310479406&g_mp=CiVnb29nbGUubWFwcy5wbGFjZXMudjEuUGxhY2VzLkdldFBsYWNlEAIYBCAA,http://chez-nenesse.edan.io,https://thefork.fr/restaurant/cafe-nenesse-r201777/?cc=24751-923,"Type: French Restaurant
Arrondissement: 3e
Price: €€
Google: 4.5 (414 reviews)
Food types: restaurant
Tags: bootstrap, marais, Bistrot, ❤️
Google Maps: https://maps.google.com/?cid=16561272595310479406&g_mp=CiVnb29nbGUubWFwcy5wbGFjZXMudjEuUGxhY2VzLkdldFBsYWNlEAIYBCAA
Website: http://chez-nenesse.edan.io
Booking: https://thefork.fr/restaurant/cafe-nenesse-r201777/?cc=24751-923"
Chicahualco Table Mexicaine par Mercedes Ahumada,"77 Rue la Condamine, 75017 Paris, France",Paris,17e,,restaurant,,,4.8,285,48.88448715209961,2.319703340530396,https://maps.google.com/?cid=15721137406630003613&g_mp=CiVnb29nbGUubWFwcy5wbGFjZXMudjEuUGxhY2VzLkdldFBsYWNlEAIYBCAA,,https://thefork.fr/restaurant/chicahualco-par-mercedes-ahumada-r813176/?cc=24751-923,"Type: French Restaurant
Arrondissement: 17e
Google: 4.8 (285 reviews)
Food types: restaurant
Tags: Restaurant, Mexican
Google Maps: https://maps.google.com/?cid=15721137406630003613&g_mp=CiVnb29nbGUubWFwcy5wbGFjZXMudjEuUGxhY2VzLkdldFBsYWNlEAIYBCAA
Booking: https://thefork.fr/restaurant/chicahualco-par-mercedes-ahumada-r813176/?cc=24751-923"
ChoCho,"54 Rue de Paradis, 75010 Paris, France",Paris,10e,,restaurant,,,4.5,1596,48.8757409,2.349255,https://maps.google.com/?cid=13144559127925963940&g_mp=CiVnb29nbGUubWFwcy5wbGFjZXMudjEuUGxhY2VzLkdldFBsYWNlEAIYBCAA,https://chocho.becsparisiens.fr/,https://bookings.zenchef.com/results?rid=357929&fullscreen=1&mini=0&pid=mapstr&primaryColor=FFC222&type=web,"Type: Restaurant
Arrondissement: 10e
Google: 4.5 (1,596 reviews)
Food types: restaurant
Tags: Restaurant
Google summary: Daily menus of innovative tapas served in a chic space with plush booths & communal tables.
Google Maps: https://maps.google.com/?cid=13144559127925963940&g_mp=CiVnb29nbGUubWFwcy5wbGFjZXMudjEuUGxhY2VzLkdldFBsYWNlEAIYBCAA
Website: https://chocho.becsparisiens.fr/
Booking: https://bookings.zenchef.com/results?rid=357929&fullscreen=1&mini=0&pid=mapstr&primaryColor=FFC222&type=web"
Chop Chop Love,"48 Rue du Faubourg Saint-Martin, 75010 Paris, France",Paris,10e,,restaurant,,,4.4,156,48.8767124,2.360985,https://maps.google.com/?cid=15092401057493581023&g_mp=CiVnb29nbGUubWFwcy5wbGFjZXMudjEuUGxhY2VzLkdldFBsYWNlEAIYBCAA,,https://bookings.zenchef.com/results?rid=376716&fullscreen=1&mini=0&pid=mapstr&primaryColor=FFC222&type=web,"Type: Tapas Restaurant
Arrondissement: 10e
Google: 4.4 (156 reviews)
Food types: restaurant
Tags: Restaurant, Trendy
Google Maps: https://maps.google.com/?cid=15092401057493581023&g_mp=CiVnb29nbGUubWFwcy5wbGFjZXMudjEuUGxhY2VzLkdldFBsYWNlEAIYBCAA
Booking: https://bookings.zenchef.com/results?rid=376716&fullscreen=1&mini=0&pid=mapstr&primaryColor=FFC222&type=web"
Churrasqueira Galo,"69 Rue de Dunkerque, 75009 Paris, France",Paris,9e,,restaurant,,,,,48.8815943,2.3478273,https://www.google.com/maps/search/?api=1&query=Churrasqueira%20Galo%2C%20Paris%2C%20France,http://4sq.com/ajP47M,,"Arrondissement: 9e
Food types: restaurant
Tags: Restaurant
Google Maps: https://www.google.com/maps/search/?api=1&query=Churrasqueira%20Galo%2C%20Paris%2C%20France
Website: http://4sq.com/ajP47M"
Cibus,"5 Rue Molière, 75001 Paris, France",Paris,1er,,restaurant,,,4.4,76,48.864901,2.335596,https://maps.google.com/?cid=2559834538050633239&g_mp=CiVnb29nbGUubWFwcy5wbGFjZXMudjEuUGxhY2VzLkdldFBsYWNlEAIYBCAA,,,"Type: Italian Restaurant
Arrondissement: 1er
Google: 4.4 (76 reviews)
Food types: restaurant
Tags: Italian, Restaurant, Trendy
Google summary: Wood-lined, churchlike space known for Roman & Neapolitan-style organic pastas with Italian wines.
Google Maps: https://maps.google.com/?cid=2559834538050633239&g_mp=CiVnb29nbGUubWFwcy5wbGFjZXMudjEuUGxhY2VzLkdldFBsYWNlEAIYBCAA"
Citrons et Huitres,"57 Blvd Marguerite de Rochechouart, 75009 Paris, France",Paris,9e,,restaurant,,,4.8,262,48.8819349,2.3408133,https://maps.google.com/?cid=12180854893773439781&g_mp=CiVnb29nbGUubWFwcy5wbGFjZXMudjEuUGxhY2VzLkdldFBsYWNlEAIYBCAA,https://www.orsohotels.com/hotel-rochechouart/citrons-et-huitres,https://www.citronsethuitres.com/,"Type: Seafood Restaurant
Arrondissement: 9e
Google: 4.8 (262 reviews)
Food types: restaurant
Tags: Seafood
Google Maps: https://maps.google.com/?cid=12180854893773439781&g_mp=CiVnb29nbGUubWFwcy5wbGFjZXMudjEuUGxhY2VzLkdldFBsYWNlEAIYBCAA
Website: https://www.orsohotels.com/hotel-rochechouart/citrons-et-huitres
Booking: https://www.citronsethuitres.com/"
Clamato,"80 Rue de Charonne, 75011 Paris, France",Paris,11e,,restaurant,,,,,48.8535622,2.380822599999999,https://www.google.com/maps/search/?api=1&query=Clamato%2C%20Paris%2C%20France,http://clamato-charonne.fr/,,"Arrondissement: 11e
Food types: restaurant
Tags: Restaurant, ❤️, Trendy
Google Maps: https://www.google.com/maps/search/?api=1&query=Clamato%2C%20Paris%2C%20France
Website: http://clamato-charonne.fr/"
CoCo,"Palais Garnier, 1 Place Jacques Rouché, Paris 75009",Paris,9e,,restaurant,,€€€€,3.7,5894,48.8716754,2.3328516,https://maps.google.com/?cid=8447856253269244802&g_mp=CiVnb29nbGUubWFwcy5wbGFjZXMudjEuUGxhY2VzLkdldFBsYWNlEAIYBCAA,http://coco-paris.com/,,"Type: French Restaurant
Arrondissement: 9e
Price: €€€€
Google: 3.7 (5,894 reviews)
Food types: restaurant
Tags: Restaurant
Google summary: Genteel destination with a terrace offering fine dining & a weekend brunch menu.
Google Maps: https://maps.google.com/?cid=8447856253269244802&g_mp=CiVnb29nbGUubWFwcy5wbGFjZXMudjEuUGxhY2VzLkdldFBsYWNlEAIYBCAA
Website: http://coco-paris.com/"
Cococo,"35 Rue Coquillière, 75001 Paris, France",Paris,1er,,restaurant,,,,,48.8643242,2.3410183,https://www.google.com/maps/search/?api=1&query=Cococo%2C%20Paris%2C%20France,http://restaurant-cococo.fr/fr,,"Arrondissement: 1er
Food types: restaurant
Tags: Japanese, Restaurant, Healthy
Google Maps: https://www.google.com/maps/search/?api=1&query=Cococo%2C%20Paris%2C%20France
Website: http://restaurant-cococo.fr/fr"
Cosi,"54 Rue de Seine, 75006 Paris, France",Paris,6e,,restaurant,,,,,48.85412549999999,2.3368877,https://www.google.com/maps/search/?api=1&query=Cosi%2C%20Paris%2C%20France,http://www.facebook.com/Cosi-126474794072452/,,"Arrondissement: 6e
Food types: restaurant
Tags: Italian
Google Maps: https://www.google.com/maps/search/?api=1&query=Cosi%2C%20Paris%2C%20France
Website: http://www.facebook.com/Cosi-126474794072452/"
Crabe Marteau,"12 Rue des Acacias, 75017 Paris, France",Paris,17e,,restaurant,,€€,4.6,1297,48.87640409999999,2.2906062,https://maps.google.com/?cid=11254960169320658338&g_mp=CiVnb29nbGUubWFwcy5wbGFjZXMudjEuUGxhY2VzLkdldFBsYWNlEAIYBCAA,http://www.crabemarteau.fr/,https://bookings.zenchef.com/results?rid=375163&fullscreen=1&mini=0&pid=mapstr&primaryColor=FFC222&type=web,"Type: Seafood Restaurant
Arrondissement: 17e
Price: €€
Google: 4.6 (1,297 reviews)
Food types: restaurant
Tags: Fish
Google Maps: https://maps.google.com/?cid=11254960169320658338&g_mp=CiVnb29nbGUubWFwcy5wbGFjZXMudjEuUGxhY2VzLkdldFBsYWNlEAIYBCAA
Website: http://www.crabemarteau.fr/
Booking: https://bookings.zenchef.com/results?rid=375163&fullscreen=1&mini=0&pid=mapstr&primaryColor=FFC222&type=web"
Da Vito,"5 Rue Sedaine, Paris 75011",Paris,11e,,restaurant,,€€,4.6,567,48.8556617,2.3712284,https://maps.google.com/?cid=1080963158551362486&g_mp=CiVnb29nbGUubWFwcy5wbGFjZXMudjEuUGxhY2VzLkdldFBsYWNlEAIYBCAA,http://davitopizzeria.fr/,https://menu.tastycloud.fr/e750afdd84e0384de07a90582ca78e6a49102cc2d32fadda4f8fd762085552ff,"Type: Pizza Restaurant
Arrondissement: 11e
Price: €€
Google: 4.6 (567 reviews)
Food types: restaurant
Tags: Restaurant, Italian
Google Maps: https://maps.google.com/?cid=1080963158551362486&g_mp=CiVnb29nbGUubWFwcy5wbGFjZXMudjEuUGxhY2VzLkdldFBsYWNlEAIYBCAA
Website: http://davitopizzeria.fr/
Booking: https://menu.tastycloud.fr/e750afdd84e0384de07a90582ca78e6a49102cc2d32fadda4f8fd762085552ff"
Daimant Saint-Honoré,"24 Pl. du Marché Saint-Honoré, 75001 Paris, France",Paris,1er,,restaurant,,,4.8,1252,48.8664314,2.3321146,https://maps.google.com/?cid=17958630248443458283&g_mp=CiVnb29nbGUubWFwcy5wbGFjZXMudjEuUGxhY2VzLkdldFBsYWNlEAIYBCAA,https://www.daimant.co/daimant-saint-honore.html,http://www.opentable.fr/r/daimant-saint-honore-paris?ref=17374,"Type: Vegan Restaurant
Arrondissement: 1er
Google: 4.8 (1,252 reviews)
Food types: restaurant
Tags: Restaurant, Vegetarian
Google Maps: https://maps.google.com/?cid=17958630248443458283&g_mp=CiVnb29nbGUubWFwcy5wbGFjZXMudjEuUGxhY2VzLkdldFBsYWNlEAIYBCAA
Website: https://www.daimant.co/daimant-saint-honore.html
Booking: http://www.opentable.fr/r/daimant-saint-honore-paris?ref=17374"
Dalmata Pizza,"8 Rue Tiquetonne, Paris 75002",Paris,2e,,restaurant,,€€,4.6,5183,48.86450576782227,2.3495774269104,https://maps.google.com/?cid=7427257690908006442&g_mp=CiVnb29nbGUubWFwcy5wbGFjZXMudjEuUGxhY2VzLkdldFBsYWNlEAIYBCAA,https://www.gruppodalmata.com/,https://www.gruppodalmata.com/restaurant/dalmata/menu/food,"Type: Pizza Restaurant
Arrondissement: 2e
Price: €€
Google: 4.6 (5,183 reviews)
Food types: restaurant
Tags: Restaurant, Italian
Google summary: Neapolitan pizzas & wine in a cool space with tiled walls, neon signs & stool seating.
Google Maps: https://maps.google.com/?cid=7427257690908006442&g_mp=CiVnb29nbGUubWFwcy5wbGFjZXMudjEuUGxhY2VzLkdldFBsYWNlEAIYBCAA
Website: https://www.gruppodalmata.com/
Booking: https://www.gruppodalmata.com/restaurant/dalmata/menu/food"
Daroco Bourse,"6 Rue Vivienne, Paris 75002",Paris,2e,,restaurant,,,,,48.8671391,2.3392712,https://www.google.com/maps/search/?api=1&query=Daroco%20Bourse%2C%20Paris%2C%20France,https://www.daroco.com,https://bookings.zenchef.com/results?rid=347479&fullscreen=1&mini=0&pid=mapstr&primaryColor=FFC222&type=web,"Arrondissement: 2e
Food types: restaurant
Tags: Restaurant, Trendy, Italian
Google Maps: https://www.google.com/maps/search/?api=1&query=Daroco%20Bourse%2C%20Paris%2C%20France
Website: https://www.daroco.com
Booking: https://bookings.zenchef.com/results?rid=347479&fullscreen=1&mini=0&pid=mapstr&primaryColor=FFC222&type=web"
Delhi Bazaar,"71 Rue Servan, Paris 75011",Paris,11e,,restaurant,,,4.8,6538,48.86369939999999,2.3811489,https://maps.google.com/?cid=3087775464631119870&g_mp=CiVnb29nbGUubWFwcy5wbGFjZXMudjEuUGxhY2VzLkdldFBsYWNlEAIYBCAA,,https://bookings.zenchef.com/results?rid=361511&fullscreen=1&mini=0&pid=mapstr&primaryColor=FFC222&type=web,"Type: Indian Restaurant
Arrondissement: 11e
Google: 4.8 (6,538 reviews)
Food types: restaurant
Tags: Indian, Restaurant
Google Maps: https://maps.google.com/?cid=3087775464631119870&g_mp=CiVnb29nbGUubWFwcy5wbGFjZXMudjEuUGxhY2VzLkdldFBsYWNlEAIYBCAA
Booking: https://bookings.zenchef.com/results?rid=361511&fullscreen=1&mini=0&pid=mapstr&primaryColor=FFC222&type=web"
Do et Riz,"31 Rue de Cotte, 75012 Paris, France",Paris,12e,,restaurant,,,,,48.8503682,2.378181,https://www.google.com/maps/search/?api=1&query=Do%20et%20Riz%2C%20Paris%2C%20France,,,"Arrondissement: 12e
Food types: restaurant
Tags: Vietnamiese, Restaurant
Google Maps: https://www.google.com/maps/search/?api=1&query=Do%20et%20Riz%2C%20Paris%2C%20France"
DokiDoki Louvre - Finest Handroll Bar,"59 Rue Jean-Jacques Rousseau, 75001 Paris, France",Paris,1er,,restaurant,,,4.6,658,48.8631972,2.3420125,https://maps.google.com/?cid=10816110014351811526&g_mp=CiVnb29nbGUubWFwcy5wbGFjZXMudjEuUGxhY2VzLkdldFBsYWNlEAIYBCAA,http://www.dokidoki-handroll.com/,https://thefork.fr/restaurant/dokidoki-paris-9-r837834/?cc=24751-923,"Type: Restaurant
Arrondissement: 1er
Google: 4.6 (658 reviews)
Food types: restaurant
Tags: Fish, Japanese
Google Maps: https://maps.google.com/?cid=10816110014351811526&g_mp=CiVnb29nbGUubWFwcy5wbGFjZXMudjEuUGxhY2VzLkdldFBsYWNlEAIYBCAA
Website: http://www.dokidoki-handroll.com/
Booking: https://thefork.fr/restaurant/dokidoki-paris-9-r837834/?cc=24751-923"
Double Dragon,"52 Rue Saint-Maur, 75011 Paris, France",Paris,11e,,restaurant,,,4.2,655,48.862523,2.3799102,https://maps.google.com/?cid=972382536314200775&g_mp=CiVnb29nbGUubWFwcy5wbGFjZXMudjEuUGxhY2VzLkdldFBsYWNlEAIYBCAA,https://www.doubledragonparis.com/,,"Type: Bistro
Arrondissement: 11e
Google: 4.2 (655 reviews)
Food types: restaurant
Tags: Restaurant, Trendy
Google summary: A menu of vibrant, Filipino-influenced dishes & natural wine in a contemporary restaurant.
Google Maps: https://maps.google.com/?cid=972382536314200775&g_mp=CiVnb29nbGUubWFwcy5wbGFjZXMudjEuUGxhY2VzLkdldFBsYWNlEAIYBCAA
Website: https://www.doubledragonparis.com/"
Dumbo Pigalle,"64 Rue Jean-Baptiste Pigalle, 75009 Paris, France",Paris,9e,,restaurant,,,4.5,1715,48.8816541,2.3369591,https://maps.google.com/?cid=3917238693774602226&g_mp=CiVnb29nbGUubWFwcy5wbGFjZXMudjEuUGxhY2VzLkdldFBsYWNlEAIYBCAA,https://www.instagram.com/dumboparis/,,"Type: Hamburger Restaurant
Arrondissement: 9e
Google: 4.5 (1,715 reviews)
Food types: restaurant
Tags: Burger
Google summary: Simple, stylish brickwork grill & takeout serving beef patties on potato buns with pickles & fries.
Google Maps: https://maps.google.com/?cid=3917238693774602226&g_mp=CiVnb29nbGUubWFwcy5wbGFjZXMudjEuUGxhY2VzLkdldFBsYWNlEAIYBCAA
Website: https://www.instagram.com/dumboparis/"
Echo,"95 Rue d'Aboukir, Paris 75002",Paris,2e,,restaurant,,,,,48.8682785,2.3485325,https://www.google.com/maps/search/?api=1&query=Echo%2C%20Paris%2C%20France,http://www.echo-paris.com/,https://bookings.zenchef.com/results?rid=354363&fullscreen=1&mini=0&pid=mapstr&primaryColor=FFC222&type=web,"Arrondissement: 2e
Food types: restaurant
Tags: Restaurant, Trendy
Google Maps: https://www.google.com/maps/search/?api=1&query=Echo%2C%20Paris%2C%20France
Website: http://www.echo-paris.com/
Booking: https://bookings.zenchef.com/results?rid=354363&fullscreen=1&mini=0&pid=mapstr&primaryColor=FFC222&type=web"
El Nopal,"3 Rue Eugène Varlin, 75010 Paris, France",Paris,10e,,restaurant,,€,4.3,782,48.87782879999999,2.3651426,https://maps.google.com/?cid=6003979595994778494&g_mp=CiVnb29nbGUubWFwcy5wbGFjZXMudjEuUGxhY2VzLkdldFBsYWNlEAIYBCAA,https://www.elnopalparis.com/,,"Type: Mexican Restaurant
Arrondissement: 10e
Price: €
Google: 4.3 (782 reviews)
Food types: restaurant
Tags: Mexican, Restaurant
Google Maps: https://maps.google.com/?cid=6003979595994778494&g_mp=CiVnb29nbGUubWFwcy5wbGFjZXMudjEuUGxhY2VzLkdldFBsYWNlEAIYBCAA
Website: https://www.elnopalparis.com/"
El Nopal Taqueria,"5 Rue Duperré, 75009 Paris, France",Paris,9e,,restaurant,,,4.5,1376,48.8819802,2.3364629,https://maps.google.com/?cid=4505823388786636276&g_mp=CiVnb29nbGUubWFwcy5wbGFjZXMudjEuUGxhY2VzLkdldFBsYWNlEAIYBCAA,http://www.elnopalparis.com/,,"Type: Mexican Restaurant
Arrondissement: 9e
Google: 4.5 (1,376 reviews)
Food types: restaurant
Tags: Mexican, Restaurant
Google Maps: https://maps.google.com/?cid=4505823388786636276&g_mp=CiVnb29nbGUubWFwcy5wbGFjZXMudjEuUGxhY2VzLkdldFBsYWNlEAIYBCAA
Website: http://www.elnopalparis.com/"
Elbi,"54 Rue de Paradis, 75010 Paris, France",Paris,10e,,restaurant,,,4.5,239,48.8751181,2.3519748,https://maps.google.com/?cid=15869480553498492054&g_mp=CiVnb29nbGUubWFwcy5wbGFjZXMudjEuUGxhY2VzLkdldFBsYWNlEAIYBCAA,https://restaurantelbi.fr/,,"Type: Restaurant
Arrondissement: 10e
Google: 4.5 (239 reviews)
Food types: restaurant
Tags: Restaurant, Trendy
Google Maps: https://maps.google.com/?cid=15869480553498492054&g_mp=CiVnb29nbGUubWFwcy5wbGFjZXMudjEuUGxhY2VzLkdldFBsYWNlEAIYBCAA
Website: https://restaurantelbi.fr/"
EnYaa,"37 Rue de Montpensier, 75001 Paris, France",Paris,1er,,restaurant,,,,,48.8658639,2.337334499999999,https://www.google.com/maps/search/?api=1&query=EnYaa%2C%20Paris%2C%20France,http://www.enyaa-paris.com/,https://thefork.fr/restaurant/enyaa-r286949/?cc=24751-923,"Arrondissement: 1er
Food types: restaurant
Tags: Japanese, Restaurant
Google Maps: https://www.google.com/maps/search/?api=1&query=EnYaa%2C%20Paris%2C%20France
Website: http://www.enyaa-paris.com/
Booking: https://thefork.fr/restaurant/enyaa-r286949/?cc=24751-923"
Epoca,"17 Rue Oudinot, 75007 Paris, France",Paris,7e,,restaurant,,,,,48.8500698,2.3178957,https://www.google.com/maps/search/?api=1&query=Epoca%2C%20Paris%2C%20France,http://epoca.paris/,https://bookings.zenchef.com/results?rid=352004&fullscreen=1&mini=0&pid=mapstr&primaryColor=FFC222&type=web,"Arrondissement: 7e
Food types: restaurant
Tags: Restaurant, Italian
Google Maps: https://www.google.com/maps/search/?api=1&query=Epoca%2C%20Paris%2C%20France
Website: http://epoca.paris/
Booking: https://bookings.zenchef.com/results?rid=352004&fullscreen=1&mini=0&pid=mapstr&primaryColor=FFC222&type=web"
Eunoé,"6 Rue Rochebrune, 75011 Paris, France",Paris,11e,,restaurant,,,4.8,905,48.8607713,2.378991,https://maps.google.com/?cid=9843713178588934640&g_mp=CiVnb29nbGUubWFwcy5wbGFjZXMudjEuUGxhY2VzLkdldFBsYWNlEAIYBCAA,https://www.eunoe-restaurant.com/,https://bookings.zenchef.com/results?rid=362706&fullscreen=1&mini=0&pid=mapstr&primaryColor=FFC222&type=web,"Type: Restaurant
Arrondissement: 11e
Google: 4.8 (905 reviews)
Food types: restaurant
Tags: Frenchie, Restaurant, Japanese
Google Maps: https://maps.google.com/?cid=9843713178588934640&g_mp=CiVnb29nbGUubWFwcy5wbGFjZXMudjEuUGxhY2VzLkdldFBsYWNlEAIYBCAA
Website: https://www.eunoe-restaurant.com/
Booking: https://bookings.zenchef.com/results?rid=362706&fullscreen=1&mini=0&pid=mapstr&primaryColor=FFC222&type=web"
FELINI,"50 Rue Saint-Georges, 75009 Paris, France",Paris,9e,,restaurant,,,4.9,66,48.8761687,2.3371124,https://maps.google.com/?cid=15702351425400949899&g_mp=CiVnb29nbGUubWFwcy5wbGFjZXMudjEuUGxhY2VzLkdldFBsYWNlEAIYBCAA,http://feliniparis.cargo.site/,,"Type: Restaurant
Arrondissement: 9e
Google: 4.9 (66 reviews)
Food types: restaurant
Tags: Italian, Restaurant
Google Maps: https://maps.google.com/?cid=15702351425400949899&g_mp=CiVnb29nbGUubWFwcy5wbGFjZXMudjEuUGxhY2VzLkdldFBsYWNlEAIYBCAA
Website: http://feliniparis.cargo.site/"
FURIA,"2 Rue Lacharrière, 75011 Paris, France",Paris,11e,,restaurant,,,4.4,384,48.8616671,2.3773666,https://maps.google.com/?cid=12229547262166145652&g_mp=CiVnb29nbGUubWFwcy5wbGFjZXMudjEuUGxhY2VzLkdldFBsYWNlEAIYBCAA,,,"Type: Mexican Restaurant
Arrondissement: 11e
Google: 4.4 (384 reviews)
Food types: restaurant
Tags: Mexican
Google Maps: https://maps.google.com/?cid=12229547262166145652&g_mp=CiVnb29nbGUubWFwcy5wbGFjZXMudjEuUGxhY2VzLkdldFBsYWNlEAIYBCAA"
Fana,"14 Rue Ferdinand Flocon, 75018 Paris, France",Paris,18e,,restaurant,,,4.9,880,48.8915119,2.345906,https://maps.google.com/?cid=16155946027569717043&g_mp=CiVnb29nbGUubWFwcy5wbGFjZXMudjEuUGxhY2VzLkdldFBsYWNlEAIYBCAA,https://www.fanabistro.fr/,,"Type: Bistro
Arrondissement: 18e
Google: 4.9 (880 reviews)
Food types: restaurant
Tags: Restaurant
Google Maps: https://maps.google.com/?cid=16155946027569717043&g_mp=CiVnb29nbGUubWFwcy5wbGFjZXMudjEuUGxhY2VzLkdldFBsYWNlEAIYBCAA
Website: https://www.fanabistro.fr/"
Faubourg Daimant,"20 Rue du Faubourg Poissonnière, 75010 Paris, France",Paris,10e,,restaurant,,,4.6,4290,48.877016,2.3489129,https://maps.google.com/?cid=2801211592691105032&g_mp=CiVnb29nbGUubWFwcy5wbGFjZXMudjEuUGxhY2VzLkdldFBsYWNlEAIYBCAA,https://www.daimant.co/faubourg-daimant.html,http://www.opentable.fr/r/faubourg-daimant-paris?ref=17374,"Type: Vegan Restaurant
Arrondissement: 10e
Google: 4.6 (4,290 reviews)
Food types: restaurant
Tags: Vegan, Restaurant
Google Maps: https://maps.google.com/?cid=2801211592691105032&g_mp=CiVnb29nbGUubWFwcy5wbGFjZXMudjEuUGxhY2VzLkdldFBsYWNlEAIYBCAA
Website: https://www.daimant.co/faubourg-daimant.html
Booking: http://www.opentable.fr/r/faubourg-daimant-paris?ref=17374"
Flor Cantina,"111 Bd Beaumarchais, 75003 Paris, France",Paris,3e,,restaurant,,,4.5,2,48.860719,2.3667638,https://maps.google.com/?cid=14436200215115488001&g_mp=CiVnb29nbGUubWFwcy5wbGFjZXMudjEuUGxhY2VzLkdldFBsYWNlEAIYBCAA,https://instagram.com/florcantina?igshid=YmMyMTA2M2Y=,,"Type: Taco Restaurant
Arrondissement: 3e
Google: 4.5 (2 reviews)
Food types: restaurant
Tags: Restaurant, Trendy
Google Maps: https://maps.google.com/?cid=14436200215115488001&g_mp=CiVnb29nbGUubWFwcy5wbGFjZXMudjEuUGxhY2VzLkdldFBsYWNlEAIYBCAA
Website: https://instagram.com/florcantina?igshid=YmMyMTA2M2Y="
"Frenchie, Rue du Nil, Paris, France","5-6 Rue du Nil, Paris, France",Paris,,,restaurant,,€€€,4.5,2024,48.86776388811727,2.347981445756456,https://maps.google.com/?cid=10606828223601549059&g_mp=CiVnb29nbGUubWFwcy5wbGFjZXMudjEuUGxhY2VzLkdldFBsYWNlEAIYBCAA,http://www.frenchie-restaurant.com,https://bookings.zenchef.com/results?rid=357696&fullscreen=1&mini=0&pid=mapstr&primaryColor=FFC222&type=web,"Type: French Restaurant
Price: €€€
Google: 4.5 (2,024 reviews)
Food types: restaurant
Tags: Frenchie, Restaurant, Trendy
Google summary: Rustic-chic stop for seasonal French dishes with global influences, plus chef's carte blanche menus.
Google Maps: https://maps.google.com/?cid=10606828223601549059&g_mp=CiVnb29nbGUubWFwcy5wbGFjZXMudjEuUGxhY2VzLkdldFBsYWNlEAIYBCAA
Website: http://www.frenchie-restaurant.com
Booking: https://bookings.zenchef.com/results?rid=357696&fullscreen=1&mini=0&pid=mapstr&primaryColor=FFC222&type=web"
Fulgurances,"10 Rue Alexandre Dumas, 75011 Paris, Frankreich",Paris,11e,,restaurant,,,,,48.852931,2.389863999999999,https://www.google.com/maps/search/?api=1&query=Fulgurances%2C%20Paris%2C%20France,http://www.fulgurances.com/,https://bookings.zenchef.com/results?rid=353612&fullscreen=1&mini=0&pid=mapstr&primaryColor=FFC222&type=web,"Arrondissement: 11e
Food types: restaurant
Tags: Restaurant, Unusual
Google Maps: https://www.google.com/maps/search/?api=1&query=Fulgurances%2C%20Paris%2C%20France
Website: http://www.fulgurances.com/
Booking: https://bookings.zenchef.com/results?rid=353612&fullscreen=1&mini=0&pid=mapstr&primaryColor=FFC222&type=web"
Galette Café,"2 Rue de l'Université, 75007 Paris, France",Paris,7e,,restaurant,,€€,4.6,1091,48.8610269,2.3141312,https://maps.google.com/?cid=17249947048576793261&g_mp=CiVnb29nbGUubWFwcy5wbGFjZXMudjEuUGxhY2VzLkdldFBsYWNlEAIYBCAA,http://galette-cafe.com/,https://thefork.fr/restaurant/galette-cafe-r837607/?cc=24751-923,"Type: Dessert Shop
Arrondissement: 7e
Price: €€
Google: 4.6 (1,091 reviews)
Food types: restaurant
Tags: Creps
Google summary: Modern venue with an industrial vibe, doling out Breton specialties like cider & oysters.
Google Maps: https://maps.google.com/?cid=17249947048576793261&g_mp=CiVnb29nbGUubWFwcy5wbGFjZXMudjEuUGxhY2VzLkdldFBsYWNlEAIYBCAA
Website: http://galette-cafe.com/
Booking: https://thefork.fr/restaurant/galette-cafe-r837607/?cc=24751-923"
Garance,"34 Rue Saint-Dominique, 75007 Paris, France",Paris,7e,,restaurant,,€€€€,4.5,319,48.8599927,2.3153274,https://maps.google.com/?cid=138072956287092235&g_mp=CiVnb29nbGUubWFwcy5wbGFjZXMudjEuUGxhY2VzLkdldFBsYWNlEAIYBCAA,http://www.garance-saintdominique.fr/,,"Type: French Restaurant
Arrondissement: 7e
Price: €€€€
Google: 4.5 (319 reviews)
Food types: restaurant
Tags: Restaurant
Google summary: Inventive, seasonal French cuisine, plus a robust wine list, in an understated, monochrome space.
Google Maps: https://maps.google.com/?cid=138072956287092235&g_mp=CiVnb29nbGUubWFwcy5wbGFjZXMudjEuUGxhY2VzLkdldFBsYWNlEAIYBCAA
Website: http://www.garance-saintdominique.fr/"
Garçon !,"83 Rue du Cherche-Midi, 75006 Paris, France",Paris,6e,,restaurant,,,4.8,354,48.8475348,2.3230452,https://maps.google.com/?cid=4945232902223918813&g_mp=CiVnb29nbGUubWFwcy5wbGFjZXMudjEuUGxhY2VzLkdldFBsYWNlEAIYBCAA,http://www.garcon-cafe.com/,https://thefork.fr/restaurant/garcon--r485827/?cc=24751-923,"Type: Restaurant
Arrondissement: 6e
Google: 4.8 (354 reviews)
Food types: restaurant
Tags: Restaurant, Frenchie
Google Maps: https://maps.google.com/?cid=4945232902223918813&g_mp=CiVnb29nbGUubWFwcy5wbGFjZXMudjEuUGxhY2VzLkdldFBsYWNlEAIYBCAA
Website: http://www.garcon-cafe.com/
Booking: https://thefork.fr/restaurant/garcon--r485827/?cc=24751-923"
Gaston et Marlo - La table des copains,"4 Boulevard St Denis, 75010 Paris, France",Paris,10e,,restaurant,,€€,4.3,3543,48.8691873,2.3548571,https://maps.google.com/?cid=16463095154158039715&g_mp=CiVnb29nbGUubWFwcy5wbGFjZXMudjEuUGxhY2VzLkdldFBsYWNlEAIYBCAA,http://www.leplombducantal.com/acces_rivedroite.htm,,"Type: French Restaurant
Arrondissement: 10e
Price: €€
Google: 4.3 (3,543 reviews)
Food types: restaurant
Tags: Restaurant
Google summary: Auvergne dishes like aligot, truffade & sausages served in a rustic dining room or on a terrace.
Google Maps: https://maps.google.com/?cid=16463095154158039715&g_mp=CiVnb29nbGUubWFwcy5wbGFjZXMudjEuUGxhY2VzLkdldFBsYWNlEAIYBCAA
Website: http://www.leplombducantal.com/acces_rivedroite.htm"
Gaya Rive Gauche,"44 Rue du Bac, 75007 Paris, France",Paris,7e,,restaurant,,€€€€,4.6,547,48.856578,2.323987,https://maps.google.com/?cid=6409924139855520036&g_mp=CiVnb29nbGUubWFwcy5wbGFjZXMudjEuUGxhY2VzLkdldFBsYWNlEAIYBCAA,http://www.pierre-gagnaire.com/,https://thefork.fr/restaurant/gaya-r658811/?cc=24751-923,"Type: Seafood Restaurant
Arrondissement: 7e
Price: €€€€
Google: 4.6 (547 reviews)
Food types: restaurant
Tags: Fish, Restaurant
Google summary: Fine dining locale for grilled fish, lobster & seafood platters, plus artfully plated desserts.
Google Maps: https://maps.google.com/?cid=6409924139855520036&g_mp=CiVnb29nbGUubWFwcy5wbGFjZXMudjEuUGxhY2VzLkdldFBsYWNlEAIYBCAA
Website: http://www.pierre-gagnaire.com/
Booking: https://thefork.fr/restaurant/gaya-r658811/?cc=24751-923"
Go Oun,"14 Rue Thérèse, 75001 Paris, France",Paris,1er,,restaurant,,€€,4.4,2048,48.86635,2.33532,https://maps.google.com/?cid=1632090054616746540&g_mp=CiVnb29nbGUubWFwcy5wbGFjZXMudjEuUGxhY2VzLkdldFBsYWNlEAIYBCAA,http://resto-gooun.com/,,"Type: Korean Restaurant
Arrondissement: 1er
Price: €€
Google: 4.4 (2,048 reviews)
Food types: restaurant
Tags: Korean, Restaurant
Google summary: Korean classics like bulgogi, bibimbap & fried chicken in an unpretentious restaurant.
Google Maps: https://maps.google.com/?cid=1632090054616746540&g_mp=CiVnb29nbGUubWFwcy5wbGFjZXMudjEuUGxhY2VzLkdldFBsYWNlEAIYBCAA
Website: http://resto-gooun.com/"
Grand Café Capucines,"4 Boulevard des Capucines, Paris 75009",Paris,9e,,restaurant,,€€€,4.5,16304,48.8711033,2.33364,https://maps.google.com/?cid=14345340856536771728&g_mp=CiVnb29nbGUubWFwcy5wbGFjZXMudjEuUGxhY2VzLkdldFBsYWNlEAIYBCAA,http://www.legrandcafe.com/?utm_source=Google&utm_medium=GMB&utm_campaign=GCC,https://bookings.zenchef.com/results?rid=352089&fullscreen=1&mini=0&pid=mapstr&primaryColor=FFC222&type=web,"Type: French Restaurant
Arrondissement: 9e
Price: €€€
Google: 4.5 (16,304 reviews)
Food types: restaurant
Tags: Frenchie
Google summary: Seafood platters, oysters & lobster, plus brasserie standards, in an opulent 1800s establishment.
Google Maps: https://maps.google.com/?cid=14345340856536771728&g_mp=CiVnb29nbGUubWFwcy5wbGFjZXMudjEuUGxhY2VzLkdldFBsYWNlEAIYBCAA
Website: http://www.legrandcafe.com/?utm_source=Google&utm_medium=GMB&utm_campaign=GCC
Booking: https://bookings.zenchef.com/results?rid=352089&fullscreen=1&mini=0&pid=mapstr&primaryColor=FFC222&type=web"
GrandCœur,"41 Rue du Temple, 75004 Paris, France",Paris,4e,,restaurant,,,,,48.85960069999999,2.3538752,https://www.google.com/maps/search/?api=1&query=GrandC%C5%93ur%2C%20Paris%2C%20France,http://www.grandcoeur.paris/,https://bookings.zenchef.com/results?rid=356815&pid=mapstr,"Arrondissement: 4e
Food types: restaurant
Tags: Bistrot, Frenchie, Italian
Google Maps: https://www.google.com/maps/search/?api=1&query=GrandC%C5%93ur%2C%20Paris%2C%20France
Website: http://www.grandcoeur.paris/
Booking: https://bookings.zenchef.com/results?rid=356815&pid=mapstr"
Guenmaï,"6 Rue Cardinale, 75006 Paris, France",Paris,6e,,restaurant,,,4.3,171,48.8540358,2.3358863,https://maps.google.com/?cid=15163953535030597541&g_mp=CiVnb29nbGUubWFwcy5wbGFjZXMudjEuUGxhY2VzLkdldFBsYWNlEAIYBCAA,http://guen-ma.placestars.com,,"Type: Vegetarian Restaurant
Arrondissement: 6e
Google: 4.3 (171 reviews)
Food types: restaurant
Tags: Vegetarian, Restaurant
Google Maps: https://maps.google.com/?cid=15163953535030597541&g_mp=CiVnb29nbGUubWFwcy5wbGFjZXMudjEuUGxhY2VzLkdldFBsYWNlEAIYBCAA
Website: http://guen-ma.placestars.com"
Haikara,"82 Rue de la Folie Méricourt, 75011 Paris, France",Paris,11e,,restaurant,,,4.5,275,48.86643179999999,2.3700204,https://maps.google.com/?cid=9815362547646592954&g_mp=CiVnb29nbGUubWFwcy5wbGFjZXMudjEuUGxhY2VzLkdldFBsYWNlEAIYBCAA,https://haikarasummer.wixsite.com/haikarasummer,https://bookings.zenchef.com/results?rid=378763&fullscreen=1&mini=0&pid=mapstr&primaryColor=FFC222&type=web,"Type: Restaurant
Arrondissement: 11e
Google: 4.5 (275 reviews)
Food types: restaurant
Tags: Restaurant, Japanese
Google Maps: https://maps.google.com/?cid=9815362547646592954&g_mp=CiVnb29nbGUubWFwcy5wbGFjZXMudjEuUGxhY2VzLkdldFBsYWNlEAIYBCAA
Website: https://haikarasummer.wixsite.com/haikarasummer
Booking: https://bookings.zenchef.com/results?rid=378763&fullscreen=1&mini=0&pid=mapstr&primaryColor=FFC222&type=web"
Halo Paris,"12 Rue Saint-Sauveur, 75002 Paris, France",Paris,2e,,restaurant,,,4.2,454,48.86608719999999,2.3489193,https://maps.google.com/?cid=15262627556487208370&g_mp=CiVnb29nbGUubWFwcy5wbGFjZXMudjEuUGxhY2VzLkdldFBsYWNlEAIYBCAA,https://www.halo-paris.com/,https://bookings.zenchef.com/results?rid=360660&fullscreen=1&mini=0&pid=mapstr&primaryColor=FFC222&type=web,"Type: Restaurant
Arrondissement: 2e
Google: 4.2 (454 reviews)
Food types: restaurant
Tags: ❤️, Trendy, Restaurant
Google Maps: https://maps.google.com/?cid=15262627556487208370&g_mp=CiVnb29nbGUubWFwcy5wbGFjZXMudjEuUGxhY2VzLkdldFBsYWNlEAIYBCAA
Website: https://www.halo-paris.com/
Booking: https://bookings.zenchef.com/results?rid=360660&fullscreen=1&mini=0&pid=mapstr&primaryColor=FFC222&type=web"
Holybelly,"19 Rue Lucien Sampaix, 75010 Paris, France",Paris,10e,,restaurant,,,,,48.8710421,2.3596598,https://www.google.com/maps/search/?api=1&query=Holybelly%2C%20Paris%2C%20France,https://holybellycafe.com/,https://holybellycafe.com/,"Arrondissement: 10e
Food types: restaurant
Tags: Restaurant, Breakfast, Trendy
Google Maps: https://www.google.com/maps/search/?api=1&query=Holybelly%2C%20Paris%2C%20France
Website: https://holybellycafe.com/
Booking: https://holybellycafe.com/"
Homer Lobster - Rambuteau,"21 Rue Rambuteau, 75004 Paris, France",Paris,4e,,restaurant,,,,,48.8607329,2.3547084,https://www.google.com/maps/search/?api=1&query=Homer%20Lobster%20-%20Rambuteau%2C%20Paris%2C%20France,http://homerlobster.com/,,"Arrondissement: 4e
Food types: restaurant
Tags: Fish, Restaurant
Google Maps: https://www.google.com/maps/search/?api=1&query=Homer%20Lobster%20-%20Rambuteau%2C%20Paris%2C%20France
Website: http://homerlobster.com/"
Il Brigante,"14 Rue du Ruisseau, 75018 Paris, France",Paris,18e,,restaurant,,€€,4.1,918,48.8921794,2.3400395,https://maps.google.com/?cid=16634504396523004284&g_mp=CiVnb29nbGUubWFwcy5wbGFjZXMudjEuUGxhY2VzLkdldFBsYWNlEAIYBCAA,http://ilbrigante.fr/,,"Type: Pizza Restaurant
Arrondissement: 18e
Price: €€
Google: 4.1 (918 reviews)
Food types: restaurant
Tags: bootstrap, paris, Pizza
Google Maps: https://maps.google.com/?cid=16634504396523004284&g_mp=CiVnb29nbGUubWFwcy5wbGFjZXMudjEuUGxhY2VzLkdldFBsYWNlEAIYBCAA
Website: http://ilbrigante.fr/"
Il Giramondo,"175 Rue de Grenelle, 75007 Paris, France",Paris,7e,,generic,,,4.4,107,48.8572007,2.3047954,https://maps.google.com/?cid=3486440292848557995&g_mp=CiVnb29nbGUubWFwcy5wbGFjZXMudjEuUGxhY2VzLkdldFBsYWNlEAIYBCAA,http://www.ilgiramondo7.com/,,"Type: Caterer
Arrondissement: 7e
Google: 4.4 (107 reviews)
Food types: generic
Tags: Italian, Restaurant
Google Maps: https://maps.google.com/?cid=3486440292848557995&g_mp=CiVnb29nbGUubWFwcy5wbGFjZXMudjEuUGxhY2VzLkdldFBsYWNlEAIYBCAA
Website: http://www.ilgiramondo7.com/"
Imperial Treasure Fine Chinese Cuisine,"44 Rue de Bassano, 75008 Paris, France",Paris,8e,,restaurant,,€€€€,4.6,599,48.8704617,2.299151699999999,https://maps.google.com/?cid=8692003223524169515&g_mp=CiVnb29nbGUubWFwcy5wbGFjZXMudjEuUGxhY2VzLkdldFBsYWNlEAIYBCAA,https://www.imperialtreasure.com/france/,https://thefork.fr/restaurant/imperial-treasure-r540737/?cc=24751-923,"Type: Chinese Restaurant
Arrondissement: 8e
Price: €€€€
Google: 4.6 (599 reviews)
Food types: restaurant
Tags: Chinese, Restaurant
Google Maps: https://maps.google.com/?cid=8692003223524169515&g_mp=CiVnb29nbGUubWFwcy5wbGFjZXMudjEuUGxhY2VzLkdldFBsYWNlEAIYBCAA
Website: https://www.imperialtreasure.com/france/
Booking: https://thefork.fr/restaurant/imperial-treasure-r540737/?cc=24751-923"
Ippudo Saint-Germain,"14 Rue Grégoire de Tours, Paris 75006",Paris,6e,,restaurant,,,,,48.8531969,2.337689,https://www.google.com/maps/search/?api=1&query=Ippudo%20Saint-Germain%2C%20Paris%2C%20France,http://www.ippudo.fr/,https://www.ippudo.fr/wp-content/uploads/Ippudo-SG-Grand-Menu-FR_2106.pdf,"Arrondissement: 6e
Food types: restaurant
Tags: Japanese, Restaurant
Google Maps: https://www.google.com/maps/search/?api=1&query=Ippudo%20Saint-Germain%2C%20Paris%2C%20France
Website: http://www.ippudo.fr/
Booking: https://www.ippudo.fr/wp-content/uploads/Ippudo-SG-Grand-Menu-FR_2106.pdf"
JIN,"6 Rue de la Sourdière, 75001 Paris, France",Paris,1er,,restaurant,,,,,48.8653678,2.3318549,https://www.google.com/maps/search/?api=1&query=JIN%2C%20Paris%2C%20France,https://www.jin-paris.com/,https://thefork.fr/restaurant/jin-r30379/?cc=24751-923,"Arrondissement: 1er
Food types: restaurant
Tags: Japanese, Restaurant
Google Maps: https://www.google.com/maps/search/?api=1&query=JIN%2C%20Paris%2C%20France
Website: https://www.jin-paris.com/
Booking: https://thefork.fr/restaurant/jin-r30379/?cc=24751-923"
JJ Hings Ice Cream,"Rue de la Grange aux Belles, Paris, France",Paris,,,restaurant,,,4.7,406,48.8735704,2.3645402,https://maps.google.com/?cid=10806176213591851911&g_mp=CiVnb29nbGUubWFwcy5wbGFjZXMudjEuUGxhY2VzLkdldFBsYWNlEAIYBCAA,https://www.instagram.com/jjhings/,,"Type: Ice Cream Shop
Google: 4.7 (406 reviews)
Food types: restaurant
Tags: Icecream
Google Maps: https://maps.google.com/?cid=10806176213591851911&g_mp=CiVnb29nbGUubWFwcy5wbGFjZXMudjEuUGxhY2VzLkdldFBsYWNlEAIYBCAA
Website: https://www.instagram.com/jjhings/"
Jah Jah by le tricycle,"11 Rue des Petites Écuries, 75010 Paris, France",Paris,10e,,restaurant,,,,,48.87319,2.35304,https://www.google.com/maps/search/?api=1&query=Jah%20Jah%20by%20le%20tricycle%2C%20Paris%2C%20France,https://www.facebook.com/Le-tricycle-525366447501365/,,"Arrondissement: 10e
Food types: restaurant
Tags: Healthy
Google Maps: https://www.google.com/maps/search/?api=1&query=Jah%20Jah%20by%20le%20tricycle%2C%20Paris%2C%20France
Website: https://www.facebook.com/Le-tricycle-525366447501365/"
Joayo Haussmann,"63 Rue de Clichy, 75009 Paris, France",Paris,9e,,restaurant,,,3.8,4,48.8815248,2.3281648,https://maps.google.com/?cid=5993271726471404877&g_mp=CiVnb29nbGUubWFwcy5wbGFjZXMudjEuUGxhY2VzLkdldFBsYWNlEAIYBCAA,https://www.hanwoo.fr/,https://thefork.fr/restaurant/hanwoo-haussmann-r607785/?cc=24751-923,"Type: Restaurant
Arrondissement: 9e
Google: 3.8 (4 reviews)
Food types: restaurant
Tags: Korean, Restaurant
Google Maps: https://maps.google.com/?cid=5993271726471404877&g_mp=CiVnb29nbGUubWFwcy5wbGFjZXMudjEuUGxhY2VzLkdldFBsYWNlEAIYBCAA
Website: https://www.hanwoo.fr/
Booking: https://thefork.fr/restaurant/hanwoo-haussmann-r607785/?cc=24751-923"
Jolia,"123 Rue du Chemin Vert, Paris 75011",Paris,11e,,restaurant,,,4.8,2107,48.8600731,2.3778718,https://maps.google.com/?cid=1679236728840342012&g_mp=CiVnb29nbGUubWFwcy5wbGFjZXMudjEuUGxhY2VzLkdldFBsYWNlEAIYBCAA,https://www.daliagroup.com/,https://bookings.zenchef.com/results?rid=360703&fullscreen=1&mini=0&pid=mapstr&primaryColor=FFC222&type=web,"Type: Mediterranean Restaurant
Arrondissement: 11e
Google: 4.8 (2,107 reviews)
Food types: restaurant
Tags: Levantine, Restaurant
Google Maps: https://maps.google.com/?cid=1679236728840342012&g_mp=CiVnb29nbGUubWFwcy5wbGFjZXMudjEuUGxhY2VzLkdldFBsYWNlEAIYBCAA
Website: https://www.daliagroup.com/
Booking: https://bookings.zenchef.com/results?rid=360703&fullscreen=1&mini=0&pid=mapstr&primaryColor=FFC222&type=web"
Jones,"43 Rue Godefroy Cavaignac, 75011 Paris, France",Paris,11e,,restaurant,,,,,48.856584,2.380064,https://www.google.com/maps/search/?api=1&query=Jones%2C%20Paris%2C%20France,http://www.jonescaferestaurant.com/,https://bookings.zenchef.com/results?rid=349783&fullscreen=1&mini=0&pid=mapstr&primaryColor=FFC222&type=web,"Arrondissement: 11e
Food types: restaurant
Tags: Frenchie, Trendy, For groups
Google Maps: https://www.google.com/maps/search/?api=1&query=Jones%2C%20Paris%2C%20France
Website: http://www.jonescaferestaurant.com/
Booking: https://bookings.zenchef.com/results?rid=349783&fullscreen=1&mini=0&pid=mapstr&primaryColor=FFC222&type=web"
Jouvence,"172 Bis Rue du Faubourg Saint-Antoine, 75012 Paris, France",Paris,12e,,restaurant,,,,,48.850231,2.3821274,https://www.google.com/maps/search/?api=1&query=Jouvence%2C%20Paris%2C%20France,http://www.jouvence.paris/,https://ib.guestonline.fr/instabook/bookings/4360/zB1TF8d,"Arrondissement: 12e
Food types: restaurant
Tags: Frenchie, Restaurant
Google Maps: https://www.google.com/maps/search/?api=1&query=Jouvence%2C%20Paris%2C%20France
Website: http://www.jouvence.paris/
Booking: https://ib.guestonline.fr/instabook/bookings/4360/zB1TF8d"
Jugetsudo,"95 Rue de Seine, 75006 Paris, France",Paris,6e,,shopping,,,,,48.851861,2.337145,https://www.google.com/maps/search/?api=1&query=Jugetsudo%2C%20Paris%2C%20France,http://www.jugetsudo.fr/,,"Arrondissement: 6e
Food types: shopping
Tags: Japanese, Tea house
Google Maps: https://www.google.com/maps/search/?api=1&query=Jugetsudo%2C%20Paris%2C%20France
Website: http://www.jugetsudo.fr/"
Jugetsudo By Maruyama Nori,"Rue de Seine, Paris, France",Paris,,,shopping,,,4.5,238,48.851861,2.337145,https://maps.google.com/?cid=15393858356518776610&g_mp=CiVnb29nbGUubWFwcy5wbGFjZXMudjEuUGxhY2VzLkdldFBsYWNlEAIYBCAA,http://www.jugetsudo.fr/,,"Type: Tea Store
Google: 4.5 (238 reviews)
Food types: shopping
Tags: Japanese
Google Maps: https://maps.google.com/?cid=15393858356518776610&g_mp=CiVnb29nbGUubWFwcy5wbGFjZXMudjEuUGxhY2VzLkdldFBsYWNlEAIYBCAA
Website: http://www.jugetsudo.fr/"
KIEZ Biergarten,"24 Rue Vauvenargues, 75018 Paris, France",Paris,18e,,restaurant,,,,,48.89361040000001,2.3333468,https://www.google.com/maps/search/?api=1&query=KIEZ%20Biergarten%2C%20Paris%2C%20France,http://kiez.fr/,https://thefork.fr/restaurant/kiez-biergarten-montmartre-r466631/?cc=24751-923,"Arrondissement: 18e
Food types: restaurant
Tags: Restaurant
Google Maps: https://www.google.com/maps/search/?api=1&query=KIEZ%20Biergarten%2C%20Paris%2C%20France
Website: http://kiez.fr/
Booking: https://thefork.fr/restaurant/kiez-biergarten-montmartre-r466631/?cc=24751-923"
KUTI,"6 R. des Petites Écuries, 75010 Paris, France",Paris,10e,,restaurant,,,4.6,1085,48.8737443,2.3511629,https://maps.google.com/?cid=6125992257916989602&g_mp=CiVnb29nbGUubWFwcy5wbGFjZXMudjEuUGxhY2VzLkdldFBsYWNlEAIYBCAA,https://www.instagram.com/kutifood,https://bookings.zenchef.com/results?rid=366535&fullscreen=1&mini=0&pid=mapstr&primaryColor=FFC222&type=web,"Type: African Restaurant
Arrondissement: 10e
Google: 4.6 (1,085 reviews)
Food types: restaurant
Tags: African, Restaurant
Google Maps: https://maps.google.com/?cid=6125992257916989602&g_mp=CiVnb29nbGUubWFwcy5wbGFjZXMudjEuUGxhY2VzLkdldFBsYWNlEAIYBCAA
Website: https://www.instagram.com/kutifood
Booking: https://bookings.zenchef.com/results?rid=366535&fullscreen=1&mini=0&pid=mapstr&primaryColor=FFC222&type=web"
Kapunka,"59 Rue de Richelieu, 75002 Paris, France",Paris,2e,,restaurant,,,,,48.866174,2.347699,https://www.google.com/maps/search/?api=1&query=Kapunka%2C%20Paris%2C%20France,http://kapunkagroup.com/,https://bookings.zenchef.com/results?rid=362694&fullscreen=1&mini=0&pid=mapstr&primaryColor=FFC222&type=web,"Arrondissement: 2e
Food types: restaurant
Tags: Thaï, Restaurant
Google Maps: https://www.google.com/maps/search/?api=1&query=Kapunka%2C%20Paris%2C%20France
Website: http://kapunkagroup.com/
Booking: https://bookings.zenchef.com/results?rid=362694&fullscreen=1&mini=0&pid=mapstr&primaryColor=FFC222&type=web"
Keïli,"106 Rue Amelot, 75011 Paris, France",Paris,11e,,restaurant,,,4.7,167,48.8628534,2.3674048,https://maps.google.com/?cid=11537380362036172628&g_mp=CiVnb29nbGUubWFwcy5wbGFjZXMudjEuUGxhY2VzLkdldFBsYWNlEAIYBCAA,https://m.facebook.com/keiliparis,,"Type: Vegetarian Restaurant
Arrondissement: 11e
Google: 4.7 (167 reviews)
Food types: restaurant
Tags: Glutenfree, Restaurant
Google Maps: https://maps.google.com/?cid=11537380362036172628&g_mp=CiVnb29nbGUubWFwcy5wbGFjZXMudjEuUGxhY2VzLkdldFBsYWNlEAIYBCAA
Website: https://m.facebook.com/keiliparis"
Kioko,"46 Rue des Petits Champs, 75002 Paris, France",Paris,2e,,generic,,,4.5,1994,48.8673983,2.3344259,https://maps.google.com/?cid=978557767171881823&g_mp=CiVnb29nbGUubWFwcy5wbGFjZXMudjEuUGxhY2VzLkdldFBsYWNlEAIYBCAA,http://www.kioko.fr,,"Type: Asian Grocery Store
Arrondissement: 2e
Google: 4.5 (1,994 reviews)
Food types: generic
Tags: Japanese
Google Maps: https://maps.google.com/?cid=978557767171881823&g_mp=CiVnb29nbGUubWFwcy5wbGFjZXMudjEuUGxhY2VzLkdldFBsYWNlEAIYBCAA
Website: http://www.kioko.fr"
Kitchen Story,"15 Rue au Maire, 75003 Paris, France",Paris,3e,,restaurant,,,4.5,221,48.86451450000001,2.3566084,https://maps.google.com/?cid=15827104559105094695&g_mp=CiVnb29nbGUubWFwcy5wbGFjZXMudjEuUGxhY2VzLkdldFBsYWNlEAIYBCAA,http://fr-fr.facebook.com/KitchenStoryKS,,"Type: Chinese Restaurant
Arrondissement: 3e
Google: 4.5 (221 reviews)
Food types: restaurant
Tags: Restaurant, Chinese
Google Maps: https://maps.google.com/?cid=15827104559105094695&g_mp=CiVnb29nbGUubWFwcy5wbGFjZXMudjEuUGxhY2VzLkdldFBsYWNlEAIYBCAA
Website: http://fr-fr.facebook.com/KitchenStoryKS"
Kitchen Ter(re),"26 Boulevard Saint-Germain, 75005 Paris, France",Paris,5e,,restaurant,,,,,48.8496889,2.352688300000001,https://www.google.com/maps/search/?api=1&query=Kitchen%20Ter(re)%2C%20Paris%2C%20France,http://www.zekitchengalerie.fr/,https://bookings.zenchef.com/results?rid=350086&fullscreen=1&mini=0&pid=mapstr&primaryColor=FFC222&type=web,"Arrondissement: 5e
Food types: restaurant
Tags: Restaurant, Healthy
Google Maps: https://www.google.com/maps/search/?api=1&query=Kitchen%20Ter(re)%2C%20Paris%2C%20France
Website: http://www.zekitchengalerie.fr/
Booking: https://bookings.zenchef.com/results?rid=350086&fullscreen=1&mini=0&pid=mapstr&primaryColor=FFC222&type=web"
Kodawari Ramen,"29 Rue Mazarine, 75006 Paris, France",Paris,6e,,restaurant,,€€,4.5,16388,48.8546132,2.3381383,https://maps.google.com/?cid=16662473853684625669&g_mp=CiVnb29nbGUubWFwcy5wbGFjZXMudjEuUGxhY2VzLkdldFBsYWNlEAIYBCAA,https://www.kodawari-ramen.com/,,"Type: Ramen Restaurant
Arrondissement: 6e
Price: €€
Google: 4.5 (16,388 reviews)
Food types: restaurant
Tags: Japanese, Restaurant
Google Maps: https://maps.google.com/?cid=16662473853684625669&g_mp=CiVnb29nbGUubWFwcy5wbGFjZXMudjEuUGxhY2VzLkdldFBsYWNlEAIYBCAA
Website: https://www.kodawari-ramen.com/"
Kokoya,"5 Rue des Batignolles, 75017 Paris, France",Paris,17e,,restaurant,,,,,48.8833468,2.323388,https://www.google.com/maps/search/?api=1&query=Kokoya%2C%20Paris%2C%20France,https://www.facebook.com/pages/Kokoya-paris/156275464418607?sk=timeline&ref=page_internal,,"Arrondissement: 17e
Food types: restaurant
Tags: Japanese, Restaurant
Google Maps: https://www.google.com/maps/search/?api=1&query=Kokoya%2C%20Paris%2C%20France
Website: https://www.facebook.com/pages/Kokoya-paris/156275464418607?sk=timeline&ref=page_internal"
Kuna Bada,"42 Rue d'Argout, 75002 Paris, France",Paris,2e,,restaurant,,,4.8,1583,48.8659188,2.3434812,https://maps.google.com/?cid=1509114375518727104&g_mp=CiVnb29nbGUubWFwcy5wbGFjZXMudjEuUGxhY2VzLkdldFBsYWNlEAIYBCAA,https://kuna-family.com/pages/kuna-bada,https://bookings.zenchef.com/results?rid=373410&fullscreen=1&mini=0&pid=mapstr&primaryColor=FFC222&type=web,"Type: Indian Restaurant
Arrondissement: 2e
Google: 4.8 (1,583 reviews)
Food types: restaurant
Tags: Indian, Restaurant
Google Maps: https://maps.google.com/?cid=1509114375518727104&g_mp=CiVnb29nbGUubWFwcy5wbGFjZXMudjEuUGxhY2VzLkdldFBsYWNlEAIYBCAA
Website: https://kuna-family.com/pages/kuna-bada
Booking: https://bookings.zenchef.com/results?rid=373410&fullscreen=1&mini=0&pid=mapstr&primaryColor=FFC222&type=web"
Kushikatsu Bon,"24 Rue Jean-Pierre Timbaud, 75011 Paris, France",Paris,11e,,restaurant,,,4.7,406,48.8654089,2.3691195,https://maps.google.com/?cid=2289944439894265825&g_mp=CiVnb29nbGUubWFwcy5wbGFjZXMudjEuUGxhY2VzLkdldFBsYWNlEAIYBCAA,http://www.kushikatsubon.fr/,http://www.opentable.fr/r/kushikatsu-bon-paris?ref=17374,"Type: Japanese Restaurant
Arrondissement: 11e
Google: 4.7 (406 reviews)
Food types: restaurant
Tags: Restaurant, Japanese
Google summary: Elegant, wood-lined restaurant specializing in upscale, Osaka-style breaded skewers.
Google Maps: https://maps.google.com/?cid=2289944439894265825&g_mp=CiVnb29nbGUubWFwcy5wbGFjZXMudjEuUGxhY2VzLkdldFBsYWNlEAIYBCAA
Website: http://www.kushikatsubon.fr/
Booking: http://www.opentable.fr/r/kushikatsu-bon-paris?ref=17374"
"L""Homme Bleu","55 Rue Jean-Pierre Timbaud, 75011 Paris, France",Paris,11e,,restaurant,,€€,4.7,1895,48.8669655,2.3742798,https://maps.google.com/?cid=958615312626676892&g_mp=CiVnb29nbGUubWFwcy5wbGFjZXMudjEuUGxhY2VzLkdldFBsYWNlEAIYBCAA,http://www.restaurant-lhommebleu.fr/,https://thefork.fr/restaurant/l-homme-bleu-r376833/?cc=24751-923,"Type: Moroccan Restaurant
Arrondissement: 11e
Price: €€
Google: 4.7 (1,895 reviews)
Food types: restaurant
Tags: Restaurant, Couscous
Google Maps: https://maps.google.com/?cid=958615312626676892&g_mp=CiVnb29nbGUubWFwcy5wbGFjZXMudjEuUGxhY2VzLkdldFBsYWNlEAIYBCAA
Website: http://www.restaurant-lhommebleu.fr/
Booking: https://thefork.fr/restaurant/l-homme-bleu-r376833/?cc=24751-923"
L'Alicheur,"96 Rue Saint-Maur, 75011 Paris, France",Paris,11e,,restaurant,,,,,48.8654871,2.377556599999999,https://www.google.com/maps/search/?api=1&query=L'Alicheur%2C%20Paris%2C%20France,http://www.lalicheur.com/,,"Arrondissement: 11e
Food types: restaurant
Tags: Asian, Restaurant
Google Maps: https://www.google.com/maps/search/?api=1&query=L'Alicheur%2C%20Paris%2C%20France
Website: http://www.lalicheur.com/"
L'Alimentari,"Rue des Ecouffes, 75004 Paris, France",Paris,4e,,restaurant,,,4.4,316,48.85651779999999,2.358408899999999,https://maps.google.com/?cid=15463921742722530611&g_mp=CiVnb29nbGUubWFwcy5wbGFjZXMudjEuUGxhY2VzLkdldFBsYWNlEAIYBCAA,https://m.facebook.com/LAlimentari-290417151054338/?locale2=fr_FR,,"Type: Italian Restaurant
Arrondissement: 4e
Google: 4.4 (316 reviews)
Food types: restaurant
Tags: Restaurant, Italian
Google Maps: https://maps.google.com/?cid=15463921742722530611&g_mp=CiVnb29nbGUubWFwcy5wbGFjZXMudjEuUGxhY2VzLkdldFBsYWNlEAIYBCAA
Website: https://m.facebook.com/LAlimentari-290417151054338/?locale2=fr_FR"
L'Almanach Montmartre,"35 rue Ramey, Paris 75018",Paris,18e,,restaurant,,,4.8,1126,48.8893226,2.3462706,https://maps.google.com/?cid=8728155109587728409&g_mp=CiVnb29nbGUubWFwcy5wbGFjZXMudjEuUGxhY2VzLkdldFBsYWNlEAIYBCAA,http://almanach-montmartre.fr/,https://bookings.zenchef.com/results?rid=364390&pid=mapstr,"Type: French Restaurant
Arrondissement: 18e
Google: 4.8 (1,126 reviews)
Food types: restaurant
Tags: Restaurant
Google Maps: https://maps.google.com/?cid=8728155109587728409&g_mp=CiVnb29nbGUubWFwcy5wbGFjZXMudjEuUGxhY2VzLkdldFBsYWNlEAIYBCAA
Website: http://almanach-montmartre.fr/
Booking: https://bookings.zenchef.com/results?rid=364390&pid=mapstr"
L'Auberge des Crus,"13 Rue Bosio, 75016 Paris, France",Paris,16e,,restaurant,,,4.6,210,48.8491013,2.2652917,https://maps.google.com/?cid=6427997088925446496&g_mp=CiVnb29nbGUubWFwcy5wbGFjZXMudjEuUGxhY2VzLkdldFBsYWNlEAIYBCAA,https://www.aubergedescrus.com/,https://thefork.fr/restaurant/l-auberge-des-crus-r845309/?cc=24751-923,"Type: Restaurant
Arrondissement: 16e
Google: 4.6 (210 reviews)
Food types: restaurant
Tags: Bistrot, Frenchie, Restaurant
Google Maps: https://maps.google.com/?cid=6427997088925446496&g_mp=CiVnb29nbGUubWFwcy5wbGFjZXMudjEuUGxhY2VzLkdldFBsYWNlEAIYBCAA
Website: https://www.aubergedescrus.com/
Booking: https://thefork.fr/restaurant/l-auberge-des-crus-r845309/?cc=24751-923"
L'Ecailler du Bistrot,"22 Rue Paul Bert, 75011 Paris, France",Paris,11e,,restaurant,,€€,4.4,184,48.85243606567383,2.38494348526001,https://maps.google.com/?cid=15927900291157359439&g_mp=CiVnb29nbGUubWFwcy5wbGFjZXMudjEuUGxhY2VzLkdldFBsYWNlEAIYBCAA,https://l-ecailler-du-bistrot.business.site/?utm_source=mapstr&utm_medium=referral,,"Type: Seafood Restaurant
Arrondissement: 11e
Price: €€
Google: 4.4 (184 reviews)
Food types: restaurant
Tags: Restaurant, Seafood
Google summary: Shellfish & seafood platters, plus steaks & desserts, at a chic bistro with outdoor tables.
Google Maps: https://maps.google.com/?cid=15927900291157359439&g_mp=CiVnb29nbGUubWFwcy5wbGFjZXMudjEuUGxhY2VzLkdldFBsYWNlEAIYBCAA
Website: https://l-ecailler-du-bistrot.business.site/?utm_source=mapstr&utm_medium=referral"
"L'Entente, Le British Brasserie",13 Rue Monsigny Paris 75002,Paris,2e,,restaurant,,€€,4.3,1841,48.869178,2.335526,https://maps.google.com/?cid=10073635669287200806&g_mp=CiVnb29nbGUubWFwcy5wbGFjZXMudjEuUGxhY2VzLkdldFBsYWNlEAIYBCAA,https://lentente.paris/,,"Type: British Restaurant
Arrondissement: 2e
Price: €€
Google: 4.3 (1,841 reviews)
Food types: restaurant
Tags: Restaurant
Google summary: Trendy takes on British classics like fish 'n' chips, served in a cozy, wood-paneled dining room.
Google Maps: https://maps.google.com/?cid=10073635669287200806&g_mp=CiVnb29nbGUubWFwcy5wbGFjZXMudjEuUGxhY2VzLkdldFBsYWNlEAIYBCAA
Website: https://lentente.paris/"
L'Orillon,"35 Rue de l'Orillon, 75011 Paris, France",Paris,11e,,restaurant,,,,,48.8702805,2.3763935,https://www.google.com/maps/search/?api=1&query=L'Orillon%2C%20Paris%2C%20France,https://www.facebook.com/341368692625875,,"Arrondissement: 11e
Food types: restaurant
Tags: Frenchie, Restaurant
Google Maps: https://www.google.com/maps/search/?api=1&query=L'Orillon%2C%20Paris%2C%20France
Website: https://www.facebook.com/341368692625875"
L'inconnu,"4 Rue Pierre Leroux, 75007 Paris, France",Paris,7e,,restaurant,,,,,48.85016050000001,2.3185686,https://www.google.com/maps/search/?api=1&query=L'inconnu%2C%20Paris%2C%20France,http://restaurant-linconnu.fr/ja/,https://thefork.fr/restaurant/l-inconnu-r208111/?cc=24751-923,"Arrondissement: 7e
Food types: restaurant
Tags: Japanese, Simon Says, Restaurant, Italian
Google Maps: https://www.google.com/maps/search/?api=1&query=L'inconnu%2C%20Paris%2C%20France
Website: http://restaurant-linconnu.fr/ja/
Booking: https://thefork.fr/restaurant/l-inconnu-r208111/?cc=24751-923"
LE PETIT BAL PERDU,"32 Rue Tournefort, 75005 Paris, France",Paris,5e,,restaurant,,,4.7,666,48.8420621,2.3481673,https://maps.google.com/?cid=5260743515862086780&g_mp=CiVnb29nbGUubWFwcy5wbGFjZXMudjEuUGxhY2VzLkdldFBsYWNlEAIYBCAA,https://www.lepetitbalperdu.com/,,"Type: French Restaurant
Arrondissement: 5e
Google: 4.7 (666 reviews)
Food types: restaurant
Tags: Bistrot, Restaurant
Google Maps: https://maps.google.com/?cid=5260743515862086780&g_mp=CiVnb29nbGUubWFwcy5wbGFjZXMudjEuUGxhY2VzLkdldFBsYWNlEAIYBCAA
Website: https://www.lepetitbalperdu.com/"
LEVANTINE,36 Rue Bichat Paris 75010,Paris,10e,,restaurant,,€€,4.5,1545,48.8715463,2.368177,https://maps.google.com/?cid=16928739623658778595&g_mp=CiVnb29nbGUubWFwcy5wbGFjZXMudjEuUGxhY2VzLkdldFBsYWNlEAIYBCAA,http://www.levantine.paris/,https://bookings.zenchef.com/results?rid=361687&fullscreen=1&mini=0&pid=mapstr&primaryColor=FFC222&type=web,"Type: Restaurant
Arrondissement: 10e
Price: €€
Google: 4.5 (1,545 reviews)
Food types: restaurant
Tags: Israeli
Google summary: Warm restaurant serving Mediterranean classics & wine in a casual space that has a terrace.
Google Maps: https://maps.google.com/?cid=16928739623658778595&g_mp=CiVnb29nbGUubWFwcy5wbGFjZXMudjEuUGxhY2VzLkdldFBsYWNlEAIYBCAA
Website: http://www.levantine.paris/
Booking: https://bookings.zenchef.com/results?rid=361687&fullscreen=1&mini=0&pid=mapstr&primaryColor=FFC222&type=web"
La Cantina,"81 Avenue de Ségur, 75015 Paris, France",Paris,15e,,restaurant,,,,,48.84726699999999,2.305869,https://www.google.com/maps/search/?api=1&query=La%20Cantina%2C%20Paris%2C%20France,http://www.facebook.com/lacantinaparis,,"Arrondissement: 15e
Food types: restaurant
Tags: Restaurant, Italian
Google Maps: https://www.google.com/maps/search/?api=1&query=La%20Cantina%2C%20Paris%2C%20France
Website: http://www.facebook.com/lacantinaparis"
La Condesa Paris,"17 Rue Rodier, 75009 Paris, France",Paris,9e,,restaurant,,,,,48.87855299999999,2.342762,https://www.google.com/maps/search/?api=1&query=La%20Condesa%20Paris%2C%20Paris%2C%20France,http://www.lacondesa-paris.com/,https://thefork.fr/restaurant/la-condesa-paris-r829700/?cc=24751-923,"Arrondissement: 9e
Food types: restaurant
Tags: Frenchie, Restaurant, Trendy, Healthy
Google Maps: https://www.google.com/maps/search/?api=1&query=La%20Condesa%20Paris%2C%20Paris%2C%20France
Website: http://www.lacondesa-paris.com/
Booking: https://thefork.fr/restaurant/la-condesa-paris-r829700/?cc=24751-923"
La Famiglia,"2 Rue Waldeck-Rousseau, 75017 Paris, France",Paris,17e,,restaurant,,,,,48.8796477,2.2865202,https://www.google.com/maps/search/?api=1&query=La%20Famiglia%2C%20Paris%2C%20France,http://www.restaurantlafamiglia.com/,https://thefork.fr/restaurant/la-famiglia-r3741/?cc=24751-923,"Arrondissement: 17e
Food types: restaurant
Tags: Restaurant, Italian
Google Maps: https://www.google.com/maps/search/?api=1&query=La%20Famiglia%2C%20Paris%2C%20France
Website: http://www.restaurantlafamiglia.com/
Booking: https://thefork.fr/restaurant/la-famiglia-r3741/?cc=24751-923"
La Fontaine de Mars,"129 Rue Saint-Dominique, 75007 Paris, France",Paris,7e,,restaurant,,€€€,4.4,2451,48.85839199999999,2.302569,https://maps.google.com/?cid=12956417825552490679&g_mp=CiVnb29nbGUubWFwcy5wbGFjZXMudjEuUGxhY2VzLkdldFBsYWNlEAIYBCAA,https://www.fontaine-de-mars.com/,https://bookings.zenchef.com/results?rid=356713&fullscreen=1&mini=0&pid=mapstr&primaryColor=FFC222&type=web,"Type: French Restaurant
Arrondissement: 7e
Price: €€€
Google: 4.4 (2,451 reviews)
Food types: restaurant
Tags: Bistrot
Google summary: Steak, fries, casseroles & French classics in a chic, colorful bistro with patio seating.
Google Maps: https://maps.google.com/?cid=12956417825552490679&g_mp=CiVnb29nbGUubWFwcy5wbGFjZXMudjEuUGxhY2VzLkdldFBsYWNlEAIYBCAA
Website: https://www.fontaine-de-mars.com/
Booking: https://bookings.zenchef.com/results?rid=356713&fullscreen=1&mini=0&pid=mapstr&primaryColor=FFC222&type=web"
La Maison Wa,"8 Rue Villedo, 75001 Paris, France",Paris,1er,,museum,,,,,48.8663848,2.3361995,https://www.google.com/maps/search/?api=1&query=La%20Maison%20Wa%2C%20Paris%2C%20France,http://www.maisonwa.com/,,"Arrondissement: 1er
Food types: museum
Tags: Japanese, Tea house
Google Maps: https://www.google.com/maps/search/?api=1&query=La%20Maison%20Wa%2C%20Paris%2C%20France
Website: http://www.maisonwa.com/"
La Plume by Madame Rêve,"43 Rue Étienne Marcel, 75001 Paris, France",Paris,1er,,restaurant,,€€€,4.4,2773,48.864791,2.3445967,https://maps.google.com/?cid=14089188990893242880&g_mp=CiVnb29nbGUubWFwcy5wbGFjZXMudjEuUGxhY2VzLkdldFBsYWNlEAIYBCAA,https://laplumerivedroite.com/,https://www.sevenrooms.com/reservations/laplume/ig,"Type: Restaurant
Arrondissement: 1er
Price: €€€
Google: 4.4 (2,773 reviews)
Food types: restaurant
Tags: Restaurant
Google Maps: https://maps.google.com/?cid=14089188990893242880&g_mp=CiVnb29nbGUubWFwcy5wbGFjZXMudjEuUGxhY2VzLkdldFBsYWNlEAIYBCAA
Website: https://laplumerivedroite.com/
Booking: https://www.sevenrooms.com/reservations/laplume/ig"
La Taverne de Zhao,"49 Rue des Vinaigriers, 75010 Paris, France",Paris,10e,,restaurant,,,,,48.8731454,2.3603226,https://www.google.com/maps/search/?api=1&query=La%20Taverne%20de%20Zhao%2C%20Paris%2C%20France,http://latavernedezhao.com/,,"Arrondissement: 10e
Food types: restaurant
Tags: Restaurant, Chinese
Google Maps: https://www.google.com/maps/search/?api=1&query=La%20Taverne%20de%20Zhao%2C%20Paris%2C%20France
Website: http://latavernedezhao.com/"
La Traversée,"2 Rue Ramey, 75018 Paris, France",Paris,18e,,restaurant,,,,,48.8872645,2.3475986,https://www.google.com/maps/search/?api=1&query=La%20Travers%C3%A9e%2C%20Paris%2C%20France,https://www.latraverseeparis.com/,https://menuwidget.zenchef.com/v4.php?rid=348683,"Arrondissement: 18e
Food types: restaurant
Tags: Frenchie, Restaurant, Trendy
Google Maps: https://www.google.com/maps/search/?api=1&query=La%20Travers%C3%A9e%2C%20Paris%2C%20France
Website: https://www.latraverseeparis.com/
Booking: https://menuwidget.zenchef.com/v4.php?rid=348683"
Lago par Chloé Charles,"25 Rue Sedaine, 75011 Paris, France",Paris,11e,,restaurant,,,5,26,48.8565562,2.373602,https://maps.google.com/?cid=909766542569521225&g_mp=CiVnb29nbGUubWFwcy5wbGFjZXMudjEuUGxhY2VzLkdldFBsYWNlEAIYBCAA,https://www.lago.paris/,,"Type: Restaurant
Arrondissement: 11e
Google: 5.0 (26 reviews)
Food types: restaurant
Tags: Restaurant
Google Maps: https://maps.google.com/?cid=909766542569521225&g_mp=CiVnb29nbGUubWFwcy5wbGFjZXMudjEuUGxhY2VzLkdldFBsYWNlEAIYBCAA
Website: https://www.lago.paris/"
Lao Siam,"Rue de Belleville, Paris, France",Paris,,,restaurant,,€€,4.3,1741,48.8731455,2.380934,https://maps.google.com/?cid=9033533639603472350&g_mp=CiVnb29nbGUubWFwcy5wbGFjZXMudjEuUGxhY2VzLkdldFBsYWNlEAIYBCAA,http://www.amasiam.com,,"Type: Restaurant
Price: €€
Google: 4.3 (1,741 reviews)
Food types: restaurant
Tags: Asian, Vietnamiese, Restaurant
Google summary: Laotian & Thai stir-fries, curries, salads & desserts in a straightforward, wood-lined locale.
Google Maps: https://maps.google.com/?cid=9033533639603472350&g_mp=CiVnb29nbGUubWFwcy5wbGFjZXMudjEuUGxhY2VzLkdldFBsYWNlEAIYBCAA
Website: http://www.amasiam.com"
Le 116,"2 Rue Auguste Vacquerie, 75116 Paris, France",Paris,16e,,restaurant,,,,,48.8709919,2.2963744,https://www.google.com/maps/search/?api=1&query=Le%20116%2C%20Paris%2C%20France,http://www.116pages.fr/,https://thefork.fr/restaurant/pages-r65716/?cc=24751-923,"Arrondissement: 16e
Food types: restaurant
Tags: Asian, Restaurant, Trendy
Google Maps: https://www.google.com/maps/search/?api=1&query=Le%20116%2C%20Paris%2C%20France
Website: http://www.116pages.fr/
Booking: https://thefork.fr/restaurant/pages-r65716/?cc=24751-923"
Le 21,"Rue Mazarine, Paris, France",Paris,,,restaurant,,,4.1,62,48.854977,2.338001,https://maps.google.com/?cid=12880703887327067667&g_mp=CiVnb29nbGUubWFwcy5wbGFjZXMudjEuUGxhY2VzLkdldFBsYWNlEAIYBCAA,http://eater.space/le-21,https://bookings.zenchef.com/results?rid=378017&fullscreen=1&mini=0&pid=mapstr&primaryColor=FFC222&type=web,"Type: Restaurant
Google: 4.1 (62 reviews)
Food types: restaurant
Tags: Fish, Restaurant
Google Maps: https://maps.google.com/?cid=12880703887327067667&g_mp=CiVnb29nbGUubWFwcy5wbGFjZXMudjEuUGxhY2VzLkdldFBsYWNlEAIYBCAA
Website: http://eater.space/le-21
Booking: https://bookings.zenchef.com/results?rid=378017&fullscreen=1&mini=0&pid=mapstr&primaryColor=FFC222&type=web"
Le Bar des Prés,"25 Rue du Dragon, 75006 Paris, France",Paris,6e,,restaurant,,,,,48.8528061,2.330487600000001,https://www.google.com/maps/search/?api=1&query=Le%20Bar%20des%20Pr%C3%A9s%2C%20Paris%2C%20France,http://www.lebardespres.com/fr/accueil/,,"Arrondissement: 6e
Food types: restaurant
Tags: Frenchie, Japanese, SH, Trendy
Google Maps: https://www.google.com/maps/search/?api=1&query=Le%20Bar%20des%20Pr%C3%A9s%2C%20Paris%2C%20France
Website: http://www.lebardespres.com/fr/accueil/"
Le Bichat,"11 Rue Bichat, 75010 Paris, France",Paris,10e,,restaurant,,,,,48.8703999,2.3686539,https://www.google.com/maps/search/?api=1&query=Le%20Bichat%2C%20Paris%2C%20France,http://www.lebichat.fr/,,"Arrondissement: 10e
Food types: restaurant
Tags: Restaurant, Healthy
Google Maps: https://www.google.com/maps/search/?api=1&query=Le%20Bichat%2C%20Paris%2C%20France
Website: http://www.lebichat.fr/"
Le Bistrot d'Yves,"33 Rue Cardinet, 75017 Paris, France",Paris,17e,,restaurant,,,,,48.8821429,2.3038057,https://www.google.com/maps/search/?api=1&query=Le%20Bistrot%20d'Yves%2C%20Paris%2C%20France,http://menuonline.fr/le-bistrot-d-yves,https://thefork.fr/restaurant/le-bistrot-d-yves-r36313/?cc=24751-923,"Arrondissement: 17e
Food types: restaurant
Tags: Restaurant, Meat, Bistrot
Google Maps: https://www.google.com/maps/search/?api=1&query=Le%20Bistrot%20d'Yves%2C%20Paris%2C%20France
Website: http://menuonline.fr/le-bistrot-d-yves
Booking: https://thefork.fr/restaurant/le-bistrot-d-yves-r36313/?cc=24751-923"
Le Bistrot de Paris,"33 Rue de Lille, 75007 Paris, France",Paris,7e,,restaurant,,,4.4,587,48.858577,2.32935,https://maps.google.com/?cid=10295144339473228327&g_mp=CiVnb29nbGUubWFwcy5wbGFjZXMudjEuUGxhY2VzLkdldFBsYWNlEAIYBCAA,http://www.facebook.com/pages/Le-Bistrot-de-Paris-depuis-1965/224910604192636,https://bookings.zenchef.com/results?rid=357075&fullscreen=1&mini=0&pid=mapstr&primaryColor=FFC222&type=web,"Type: Bistro
Arrondissement: 7e
Google: 4.4 (587 reviews)
Food types: restaurant
Tags: Restaurant, Bistrot
Google summary: Elegant restaurant in a 19th-century building preparing a menu of classic & contemporary dishes.
Google Maps: https://maps.google.com/?cid=10295144339473228327&g_mp=CiVnb29nbGUubWFwcy5wbGFjZXMudjEuUGxhY2VzLkdldFBsYWNlEAIYBCAA
Website: http://www.facebook.com/pages/Le-Bistrot-de-Paris-depuis-1965/224910604192636
Booking: https://bookings.zenchef.com/results?rid=357075&fullscreen=1&mini=0&pid=mapstr&primaryColor=FFC222&type=web"
Le Bon Georges,"45 Rue Saint-Georges, 75009 Paris, France",Paris,9e,,restaurant,,€€,4.5,2594,48.87765759999999,2.3372005,https://maps.google.com/?cid=16995110964793138726&g_mp=CiVnb29nbGUubWFwcy5wbGFjZXMudjEuUGxhY2VzLkdldFBsYWNlEAIYBCAA,http://www.lebongeorges.paris/,https://bookings.zenchef.com/results?rid=376532&fullscreen=1&mini=0&pid=mapstr&primaryColor=FFC222&type=web,"Type: French Restaurant
Arrondissement: 9e
Price: €€
Google: 4.5 (2,594 reviews)
Food types: restaurant
Tags: Bistrot
Google summary: Classic Parisian bistro with a chalkboard menu of daily dishes with seasonal produce, plus a long wine list.
Google Maps: https://maps.google.com/?cid=16995110964793138726&g_mp=CiVnb29nbGUubWFwcy5wbGFjZXMudjEuUGxhY2VzLkdldFBsYWNlEAIYBCAA
Website: http://www.lebongeorges.paris/
Booking: https://bookings.zenchef.com/results?rid=376532&fullscreen=1&mini=0&pid=mapstr&primaryColor=FFC222&type=web"
Le Bon Saint Pourçain,"10 Bis Rue Servandoni, 75006 Paris, France",Paris,6e,,restaurant,,,,,48.8500729,2.3346529,https://www.google.com/maps/search/?api=1&query=Le%20Bon%20Saint%20Pour%C3%A7ain%2C%20Paris%2C%20France,http://www.bonsaintpourcain.com,http://www.opentable.fr/r/le-bon-saint-pourcain-paris?ref=17374,"Arrondissement: 6e
Food types: restaurant
Tags: Frenchie, Restaurant
Google Maps: https://www.google.com/maps/search/?api=1&query=Le%20Bon%20Saint%20Pour%C3%A7ain%2C%20Paris%2C%20France
Website: http://www.bonsaintpourcain.com
Booking: http://www.opentable.fr/r/le-bon-saint-pourcain-paris?ref=17374"
Le Brandevin,"29 Rue du Dr Blanche, 75016 Paris, France",Paris,16e,,restaurant,,€€,4.5,413,48.85377330000001,2.265589400000001,https://maps.google.com/?cid=5134373376524673414&g_mp=CiVnb29nbGUubWFwcy5wbGFjZXMudjEuUGxhY2VzLkdldFBsYWNlEAIYBCAA,http://www.lebrandevin.fr/,https://bookings.zenchef.com/results?rid=1094&fullscreen=1&mini=0&pid=mapstr&primaryColor=FFC222&type=web,"Type: Restaurant
Arrondissement: 16e
Price: €€
Google: 4.5 (413 reviews)
Food types: restaurant
Tags: Restaurant, Bistrot
Google summary: Warm bistro offering traditional French cuisine, along with wines, in a classic setting.
Google Maps: https://maps.google.com/?cid=5134373376524673414&g_mp=CiVnb29nbGUubWFwcy5wbGFjZXMudjEuUGxhY2VzLkdldFBsYWNlEAIYBCAA
Website: http://www.lebrandevin.fr/
Booking: https://bookings.zenchef.com/results?rid=1094&fullscreen=1&mini=0&pid=mapstr&primaryColor=FFC222&type=web"
Le Cadoret,"1 Rue Pradier, 75019 Paris, France",Paris,19e,,restaurant,,,4.3,519,48.87475699999999,2.381041,https://maps.google.com/?cid=1897773483001877358&g_mp=CiVnb29nbGUubWFwcy5wbGFjZXMudjEuUGxhY2VzLkdldFBsYWNlEAIYBCAA,https://www.facebook.com/KD-Restaurant-326044977742147/?fref=ts,https://bookings.zenchef.com/results?rid=378708&fullscreen=1&mini=0&pid=mapstr&primaryColor=FFC222&type=web,"Type: Bistro
Arrondissement: 19e
Google: 4.3 (519 reviews)
Food types: restaurant
Tags: Frenchie, Restaurant, Bistrot, Trendy
Google summary: Typical French food & set menu options at a cozy corner restaurant with a street terrace.
Google Maps: https://maps.google.com/?cid=1897773483001877358&g_mp=CiVnb29nbGUubWFwcy5wbGFjZXMudjEuUGxhY2VzLkdldFBsYWNlEAIYBCAA
Website: https://www.facebook.com/KD-Restaurant-326044977742147/?fref=ts
Booking: https://bookings.zenchef.com/results?rid=378708&fullscreen=1&mini=0&pid=mapstr&primaryColor=FFC222&type=web"
Le Café de l'Usine,"5 Pass. Piver, 75011 Paris, France",Paris,11e,,restaurant,,,4.8,290,48.8704603,2.3745631,https://maps.google.com/?cid=4187162295161806155&g_mp=CiVnb29nbGUubWFwcy5wbGFjZXMudjEuUGxhY2VzLkdldFBsYWNlEAIYBCAA,http://cafedelusine.fr/,telprompt://+33143579665,"Type: Restaurant
Arrondissement: 11e
Google: 4.8 (290 reviews)
Food types: restaurant
Tags: Restaurant, Trendy
Google Maps: https://maps.google.com/?cid=4187162295161806155&g_mp=CiVnb29nbGUubWFwcy5wbGFjZXMudjEuUGxhY2VzLkdldFBsYWNlEAIYBCAA
Website: http://cafedelusine.fr/
Booking: telprompt://+33143579665"
Le Canard Sauvage,"14 Bd de Strasbourg, 75010 Paris",Paris,10e,,restaurant,,,4.6,85,48.8705382,2.3554759,https://maps.google.com/?cid=9509719228214757666&g_mp=CiVnb29nbGUubWFwcy5wbGFjZXMudjEuUGxhY2VzLkdldFBsYWNlEAIYBCAA,https://bookings.zenchef.com/results?rid=378070&pid=1001,https://bookings.zenchef.com/results?rid=378070&fullscreen=1&mini=0&pid=mapstr&primaryColor=FFC222&type=web,"Type: Restaurant
Arrondissement: 10e
Google: 4.6 (85 reviews)
Food types: restaurant
Tags: Frenchie, Restaurant, Trendy, ❤️
Google Maps: https://maps.google.com/?cid=9509719228214757666&g_mp=CiVnb29nbGUubWFwcy5wbGFjZXMudjEuUGxhY2VzLkdldFBsYWNlEAIYBCAA
Website: https://bookings.zenchef.com/results?rid=378070&pid=1001
Booking: https://bookings.zenchef.com/results?rid=378070&fullscreen=1&mini=0&pid=mapstr&primaryColor=FFC222&type=web"
Le Chardonnay,"3 Rue Bachaumont, 75002 Paris, France",Paris,2e,,restaurant,,,4.6,551,48.8658229,2.3464376,https://maps.google.com/?cid=16170402615737098959&g_mp=CiVnb29nbGUubWFwcy5wbGFjZXMudjEuUGxhY2VzLkdldFBsYWNlEAIYBCAA,http://www.lechardonnay-comptoir.fr/,https://bookings.zenchef.com/results?rid=362234&fullscreen=1&mini=0&pid=mapstr&primaryColor=FFC222&type=web,"Type: Restaurant
Arrondissement: 2e
Google: 4.6 (551 reviews)
Food types: restaurant
Tags: Bistrot, Restaurant
Google Maps: https://maps.google.com/?cid=16170402615737098959&g_mp=CiVnb29nbGUubWFwcy5wbGFjZXMudjEuUGxhY2VzLkdldFBsYWNlEAIYBCAA
Website: http://www.lechardonnay-comptoir.fr/
Booking: https://bookings.zenchef.com/results?rid=362234&fullscreen=1&mini=0&pid=mapstr&primaryColor=FFC222&type=web"
Le Collier de la Reine,"39 R. des Petites Écuries, 75010 Paris, France",Paris,10e,,restaurant,,,3.9,812,48.8737443,2.3511629,https://maps.google.com/?cid=1425629616257509673&g_mp=CiVnb29nbGUubWFwcy5wbGFjZXMudjEuUGxhY2VzLkdldFBsYWNlEAIYBCAA,http://lecollierdelareine.paris/,https://bookings.zenchef.com/results?rid=357750&fullscreen=1&mini=0&pid=mapstr&primaryColor=FFC222&type=web,"Type: Restaurant
Arrondissement: 10e
Google: 3.9 (812 reviews)
Food types: restaurant
Tags: ❤️, Restaurant
Google Maps: https://maps.google.com/?cid=1425629616257509673&g_mp=CiVnb29nbGUubWFwcy5wbGFjZXMudjEuUGxhY2VzLkdldFBsYWNlEAIYBCAA
Website: http://lecollierdelareine.paris/
Booking: https://bookings.zenchef.com/results?rid=357750&fullscreen=1&mini=0&pid=mapstr&primaryColor=FFC222&type=web"
Le Comptoir des Caves Legrand,"1 Rue de la Banque, 75002 Paris, France",Paris,2e,,restaurant,,€€€,4.6,558,48.86635400000001,2.3398251,https://maps.google.com/?cid=5722973006351784179&g_mp=CiVnb29nbGUubWFwcy5wbGFjZXMudjEuUGxhY2VzLkdldFBsYWNlEAIYBCAA,http://www.caves-legrand.com/fr/paris/les-moments/dejeuner-chez-legrand,https://thefork.fr/restaurant/le-comptoir-des-caves-legrand-r275667/?cc=24751-923,"Type: Liquor Store
Arrondissement: 2e
Price: €€€
Google: 4.6 (558 reviews)
Food types: restaurant
Tags: ❤️
Google Maps: https://maps.google.com/?cid=5722973006351784179&g_mp=CiVnb29nbGUubWFwcy5wbGFjZXMudjEuUGxhY2VzLkdldFBsYWNlEAIYBCAA
Website: http://www.caves-legrand.com/fr/paris/les-moments/dejeuner-chez-legrand
Booking: https://thefork.fr/restaurant/le-comptoir-des-caves-legrand-r275667/?cc=24751-923"
Le Comptoir du Relais,"l'Odéon França, 5 Carrefour de l'Odéon, Paris, France",Paris,,,restaurant,,,,,48.8519701,2.3388454,https://www.google.com/maps/search/?api=1&query=Le%20Comptoir%20du%20Relais%2C%20Paris%2C%20France,http://m.hotel-paris-relais-saint-germain.com/savourez-les-restaurants.html,,"Food types: restaurant
Tags: Frenchie, Restaurant
Google Maps: https://www.google.com/maps/search/?api=1&query=Le%20Comptoir%20du%20Relais%2C%20Paris%2C%20France
Website: http://m.hotel-paris-relais-saint-germain.com/savourez-les-restaurants.html"
Le Dauphin,"131 Avenue Parmentier, 75011 Paris, France",Paris,11e,,restaurant,,,4.1,444,48.8694786,2.3712606,https://maps.google.com/?cid=13657592877490575847&g_mp=CiVnb29nbGUubWFwcy5wbGFjZXMudjEuUGxhY2VzLkdldFBsYWNlEAIYBCAA,https://www.restaurantledauphin.net/,https://thefork.fr/restaurant/le-dauphin-r202439/?cc=24751-923,"Type: Restaurant
Arrondissement: 11e
Google: 4.1 (444 reviews)
Food types: restaurant
Tags: Restaurant, Trendy
Google Maps: https://maps.google.com/?cid=13657592877490575847&g_mp=CiVnb29nbGUubWFwcy5wbGFjZXMudjEuUGxhY2VzLkdldFBsYWNlEAIYBCAA
Website: https://www.restaurantledauphin.net/
Booking: https://thefork.fr/restaurant/le-dauphin-r202439/?cc=24751-923"
Le Duc,"243 Boulevard Raspail, 75014 Paris, France",Paris,14e,,restaurant,,,4.4,339,48.838668,2.3312168,https://maps.google.com/?cid=7817588982568973135&g_mp=CiVnb29nbGUubWFwcy5wbGFjZXMudjEuUGxhY2VzLkdldFBsYWNlEAIYBCAA,http://www.restaurantleduc.com/,https://bookings.zenchef.com/results?rid=361981&fullscreen=1&mini=0&pid=mapstr&primaryColor=FFC222&type=web,"Type: Seafood Restaurant
Arrondissement: 14e
Google: 4.4 (339 reviews)
Food types: restaurant
Tags: Restaurant, Seafood, Fish
Google summary: Raw seafood platters & grilled whole fish, in a wood-lined room resembling a ship's cabin.
Google Maps: https://maps.google.com/?cid=7817588982568973135&g_mp=CiVnb29nbGUubWFwcy5wbGFjZXMudjEuUGxhY2VzLkdldFBsYWNlEAIYBCAA
Website: http://www.restaurantleduc.com/
Booking: https://bookings.zenchef.com/results?rid=361981&fullscreen=1&mini=0&pid=mapstr&primaryColor=FFC222&type=web"
Le Grand Bain,"14 Rue Denoyez, 75020 Paris, France",Paris,20e,,restaurant,,,,,48.871651,2.378566,https://www.google.com/maps/search/?api=1&query=Le%20Grand%20Bain%2C%20Paris%2C%20France,http://legrandbainparis.com/,https://bookings.zenchef.com/results?rid=353523&fullscreen=1&mini=0&pid=mapstr&primaryColor=FFC222&type=web,"Arrondissement: 20e
Food types: restaurant
Tags: Frenchie, Bistrot, Trendy
Google Maps: https://www.google.com/maps/search/?api=1&query=Le%20Grand%20Bain%2C%20Paris%2C%20France
Website: http://legrandbainparis.com/
Booking: https://bookings.zenchef.com/results?rid=353523&fullscreen=1&mini=0&pid=mapstr&primaryColor=FFC222&type=web"
Le Grand Colbert,"2 Rue Vivienne, 75002 Paris, France",Paris,2e,,restaurant,,,,,48.8666252,2.3390047,https://www.google.com/maps/search/?api=1&query=Le%20Grand%20Colbert%2C%20Paris%2C%20France,https://legrandcolbert.fr/index.php/fr/,https://bookings.zenchef.com/results?rid=353935&fullscreen=1&mini=0&pid=mapstr&primaryColor=FFC222&type=web,"Arrondissement: 2e
Food types: restaurant
Tags: Restaurant, Bistrot
Google Maps: https://www.google.com/maps/search/?api=1&query=Le%20Grand%20Colbert%2C%20Paris%2C%20France
Website: https://legrandcolbert.fr/index.php/fr/
Booking: https://bookings.zenchef.com/results?rid=353935&fullscreen=1&mini=0&pid=mapstr&primaryColor=FFC222&type=web"
Le Mâche-dru,"60 Rue Saint-Louis-en-l'Île, 75004 Paris, France",Paris,4e,,restaurant,,,,,48.85219192504883,2.355822324752808,https://www.google.com/maps/search/?api=1&query=Le%20M%C3%A2che-dru%2C%20Paris,https://www.instagram.com/lemachedru,,"Arrondissement: 4e
Food types: restaurant
Tags: Street food
Google Maps: https://www.google.com/maps/search/?api=1&query=Le%20M%C3%A2che-dru%2C%20Paris
Website: https://www.instagram.com/lemachedru"
Le Pacifique,"35 Rue de Belleville, 75019 Paris, France",Paris,19e,,restaurant,,,,,48.8730992,2.3796872,https://www.google.com/maps/search/?api=1&query=Le%20Pacifique%2C%20Paris%2C%20France,http://www.facebook.com/Le-Pacifique-161894890499598,,"Arrondissement: 19e
Food types: restaurant
Tags: Asian, Restaurant, Chinese
Google Maps: https://www.google.com/maps/search/?api=1&query=Le%20Pacifique%2C%20Paris%2C%20France
Website: http://www.facebook.com/Le-Pacifique-161894890499598"
Le Pantruche,"3 Rue Victor Massé, 75009 Paris, France",Paris,9e,,restaurant,,€€,4.7,1213,48.8804948,2.3396424,https://maps.google.com/?cid=3423459202858904342&g_mp=CiVnb29nbGUubWFwcy5wbGFjZXMudjEuUGxhY2VzLkdldFBsYWNlEAIYBCAA,https://www.lapantruchoise.com/lepantruche,https://bookings.zenchef.com/results?rid=348235&fullscreen=1&mini=0&pid=mapstr&primaryColor=FFC222&type=web,"Type: Bistro
Arrondissement: 9e
Price: €€
Google: 4.7 (1,213 reviews)
Food types: restaurant
Tags: Restaurant, Bistrot
Google summary: Classic French dishes like soufflés & beef in red wine with a modern touch, in a cozy bistro.
Google Maps: https://maps.google.com/?cid=3423459202858904342&g_mp=CiVnb29nbGUubWFwcy5wbGFjZXMudjEuUGxhY2VzLkdldFBsYWNlEAIYBCAA
Website: https://www.lapantruchoise.com/lepantruche
Booking: https://bookings.zenchef.com/results?rid=348235&fullscreen=1&mini=0&pid=mapstr&primaryColor=FFC222&type=web"
Le Petit Célestin,"12 Quai des Célestins, 75004 Paris, France",Paris,4e,,restaurant,,€€,4.1,706,48.8521177,2.3613136,https://maps.google.com/?cid=12894566964199851042&g_mp=CiVnb29nbGUubWFwcy5wbGFjZXMudjEuUGxhY2VzLkdldFBsYWNlEAIYBCAA,http://www.lepetitcelestin.fr/,https://bookings.zenchef.com/results?rid=314952&fullscreen=1&mini=0&pid=mapstr&primaryColor=FFC222&type=web,"Type: French Restaurant
Arrondissement: 4e
Price: €€
Google: 4.1 (706 reviews)
Food types: restaurant
Tags: Restaurant, Dancing
Google summary: Quaint stop with wood accents & red tables, making typical bistro fare like tartare & steaks.
Google Maps: https://maps.google.com/?cid=12894566964199851042&g_mp=CiVnb29nbGUubWFwcy5wbGFjZXMudjEuUGxhY2VzLkdldFBsYWNlEAIYBCAA
Website: http://www.lepetitcelestin.fr/
Booking: https://bookings.zenchef.com/results?rid=314952&fullscreen=1&mini=0&pid=mapstr&primaryColor=FFC222&type=web"
Le Petit Lutetia,"107 Rue de Sèvres, 75006 Paris, France",Paris,6e,,restaurant,,€€€,4.3,1328,48.8483485,2.3205966,https://maps.google.com/?cid=12108938859626468216&g_mp=CiVnb29nbGUubWFwcy5wbGFjZXMudjEuUGxhY2VzLkdldFBsYWNlEAIYBCAA,https://www.facebook.com/pages/Le-Petit-Lutetia/174256995952825,https://bookings.zenchef.com/results?rid=360287&fullscreen=1&mini=0&pid=mapstr&primaryColor=FFC222&type=web,"Type: French Restaurant
Arrondissement: 6e
Price: €€€
Google: 4.3 (1,328 reviews)
Food types: restaurant
Tags: Restaurant, Bistrot
Google summary: Elegant brasserie with a vintage feel & sidewalk seating, serving French fare & homemade desserts.
Google Maps: https://maps.google.com/?cid=12108938859626468216&g_mp=CiVnb29nbGUubWFwcy5wbGFjZXMudjEuUGxhY2VzLkdldFBsYWNlEAIYBCAA
Website: https://www.facebook.com/pages/Le-Petit-Lutetia/174256995952825
Booking: https://bookings.zenchef.com/results?rid=360287&fullscreen=1&mini=0&pid=mapstr&primaryColor=FFC222&type=web"
Le Petit Olympia,"6 Rue de Caumartin, 75009 Paris, France",Paris,9e,,restaurant,,,4.3,324,48.8706588,2.328246,https://maps.google.com/?cid=3478663271060264414&g_mp=CiVnb29nbGUubWFwcy5wbGFjZXMudjEuUGxhY2VzLkdldFBsYWNlEAIYBCAA,https://www.lepetitolympia.com/,https://thefork.fr/restaurant/le-petit-olympia-r425651/?cc=24751-923,"Type: Restaurant
Arrondissement: 9e
Google: 4.3 (324 reviews)
Food types: restaurant
Tags: Frenchie, Restaurant, Bistrot
Google summary: Wine & entrees served in a casual eatery featuring classic wood-paneled walls & paintings.
Google Maps: https://maps.google.com/?cid=3478663271060264414&g_mp=CiVnb29nbGUubWFwcy5wbGFjZXMudjEuUGxhY2VzLkdldFBsYWNlEAIYBCAA
Website: https://www.lepetitolympia.com/
Booking: https://thefork.fr/restaurant/le-petit-olympia-r425651/?cc=24751-923"
Le Petit Verdot,"75 Rue du Cherche-Midi, 75006 Paris, France",Paris,6e,,restaurant,,€€,4.7,228,48.847869,2.323569,https://maps.google.com/?cid=8948181745683820005&g_mp=CiVnb29nbGUubWFwcy5wbGFjZXMudjEuUGxhY2VzLkdldFBsYWNlEAIYBCAA,http://www.le-petit-verdot.com/,,"Type: French Restaurant
Arrondissement: 6e
Price: €€
Google: 4.7 (228 reviews)
Food types: restaurant
Tags: Frenchie, Restaurant
Google Maps: https://maps.google.com/?cid=8948181745683820005&g_mp=CiVnb29nbGUubWFwcy5wbGFjZXMudjEuUGxhY2VzLkdldFBsYWNlEAIYBCAA
Website: http://www.le-petit-verdot.com/"
Le Plomb du Cantal,"3 Rue de la Gaité, 75014 Paris, France",Paris,14e,,restaurant,,€€,4.3,6264,48.8407596,2.3245496,https://maps.google.com/?cid=3155056994160105464&g_mp=CiVnb29nbGUubWFwcy5wbGFjZXMudjEuUGxhY2VzLkdldFBsYWNlEAIYBCAA,http://www.leplombducantal.com/,,"Type: French Restaurant
Arrondissement: 14e
Price: €€
Google: 4.3 (6,264 reviews)
Food types: restaurant
Tags: Bistrot, Restaurant
Google summary: Lively bistro known for dairy-rich recipes & mountain wines from the rugged Auvergne countryside.
Google Maps: https://maps.google.com/?cid=3155056994160105464&g_mp=CiVnb29nbGUubWFwcy5wbGFjZXMudjEuUGxhY2VzLkdldFBsYWNlEAIYBCAA
Website: http://www.leplombducantal.com/"
Le Quincy,"28 Avenue Ledru-Rollin, 75012 Paris, France",Paris,12e,,restaurant,,,,,48.8470738,2.3701329,https://www.google.com/maps/search/?api=1&query=Le%20Quincy%2C%20Paris%2C%20France,http://www.lequincy.fr,,"Arrondissement: 12e
Food types: restaurant
Tags: Bistrot, Restaurant, ❤️
Google Maps: https://www.google.com/maps/search/?api=1&query=Le%20Quincy%2C%20Paris%2C%20France
Website: http://www.lequincy.fr"
Le Rigmarole,"10 Rue du Grand Prieuré, 75011 Paris, France",Paris,11e,,restaurant,,,,,48.8651318,2.3691085,https://www.google.com/maps/search/?api=1&query=Le%20Rigmarole%2C%20Paris%2C%20France,http://lerigmarole.com/,,"Arrondissement: 11e
Food types: restaurant
Tags: Restaurant, Trendy, ❤️
Google Maps: https://www.google.com/maps/search/?api=1&query=Le%20Rigmarole%2C%20Paris%2C%20France
Website: http://lerigmarole.com/"
Le Roi du Pot au Feu,"34 Rue Vignon, 75009 Paris, France",Paris,9e,,restaurant,,,,,48.8721493,2.3266434,https://www.google.com/maps/search/?api=1&query=Le%20Roi%20du%20Pot%20au%20Feu%2C%20Paris%2C%20France,https://www.facebook.com/pages/le-roi-du-pot-au-feu/104311942972928,,"Arrondissement: 9e
Food types: restaurant
Tags: Frenchie, Restaurant, Bistrot
Google Maps: https://www.google.com/maps/search/?api=1&query=Le%20Roi%20du%20Pot%20au%20Feu%2C%20Paris%2C%20France
Website: https://www.facebook.com/pages/le-roi-du-pot-au-feu/104311942972928"
Le Ruisseau,"65 Rue du Ruisseau, 75018 Paris, France",Paris,18e,,restaurant,,€€,4.6,2250,48.89445,2.340529,https://maps.google.com/?cid=2886271872441503453&g_mp=CiVnb29nbGUubWFwcy5wbGFjZXMudjEuUGxhY2VzLkdldFBsYWNlEAIYBCAA,http://www.leruisseauburger.com/,https://images.squarespace-cdn.com/content/v1/563b9659e4b04fd1f90d0793/1576877924227-TIHL9JK6FEO6EDF2Z3NB/ke17ZwdGBToddI8pDm48kCXHiw8uU9iEnGYb09ICE8ZZw-zPPgdn4jUwVcJE1ZvWQUxwkmyExglNqGp0IvTJZamWLI2zvYWH8K3-s_4yszcp2ryTI0HqTOaaUohrI8PIKjFavjsWej_XEszicnNP4tsXzCBJmJrSziE02Rmzx6YKMshLAGzx4R3EDFOm1kBS/Burger.jpg?format=1500w,"Type: Hamburger Restaurant
Arrondissement: 18e
Price: €€
Google: 4.6 (2,250 reviews)
Food types: restaurant
Tags: Burger
Google summary: Beef, chicken & veggie burgers with craft beers & cocktails, plus popular brunches, in a chic space.
Google Maps: https://maps.google.com/?cid=2886271872441503453&g_mp=CiVnb29nbGUubWFwcy5wbGFjZXMudjEuUGxhY2VzLkdldFBsYWNlEAIYBCAA
Website: http://www.leruisseauburger.com/
Booking: https://images.squarespace-cdn.com/content/v1/563b9659e4b04fd1f90d0793/1576877924227-TIHL9JK6FEO6EDF2Z3NB/ke17ZwdGBToddI8pDm48kCXHiw8uU9iEnGYb09ICE8ZZw-zPPgdn4jUwVcJE1ZvWQUxwkmyExglNqGp0IvTJZamWLI2zvYWH8K3-s_4yszcp2ryTI0HqTOaaUohrI8PIKjFavjsWej_XEszicnNP4tsXzCBJmJrSziE02Rmzx6YKMshLAGzx4R3EDFOm1kBS/Burger.jpg?format=1500w"
Le Récamier,"4 Rue Récamier, 75007 Paris, France",Paris,7e,,restaurant,,€€€,4.5,4187,48.852203,2.328119,https://maps.google.com/?cid=7173841611168196839&g_mp=CiVnb29nbGUubWFwcy5wbGFjZXMudjEuUGxhY2VzLkdldFBsYWNlEAIYBCAA,http://lerecamier.com/,https://bookings.zenchef.com/results?rid=349893&fullscreen=1&mini=0&pid=mapstr&primaryColor=FFC222&type=web,"Type: French Restaurant
Arrondissement: 7e
Price: €€€
Google: 4.5 (4,187 reviews)
Food types: restaurant
Tags: Frenchie
Google summary: Famed savory & sweet soufflés, plus classic French food, at an elegant, literary-themed venue.
Google Maps: https://maps.google.com/?cid=7173841611168196839&g_mp=CiVnb29nbGUubWFwcy5wbGFjZXMudjEuUGxhY2VzLkdldFBsYWNlEAIYBCAA
Website: http://lerecamier.com/
Booking: https://bookings.zenchef.com/results?rid=349893&fullscreen=1&mini=0&pid=mapstr&primaryColor=FFC222&type=web"
Le Saigon d'Antan,Rue Monsieur le Prince 24 Paris 75006,Paris,6e,,restaurant,,€€,4.7,1703,48.84959120000001,2.340103099999999,https://maps.google.com/?cid=14687931082845222388&g_mp=CiVnb29nbGUubWFwcy5wbGFjZXMudjEuUGxhY2VzLkdldFBsYWNlEAIYBCAA,https://saigondantan.fr/fr,https://thefork.fr/restaurant/le-saigon-d-antan-r213773/?cc=24751-923,"Type: Restaurant
Arrondissement: 6e
Price: €€
Google: 4.7 (1,703 reviews)
Food types: restaurant
Tags: Vietnamiese, Restaurant
Google Maps: https://maps.google.com/?cid=14687931082845222388&g_mp=CiVnb29nbGUubWFwcy5wbGFjZXMudjEuUGxhY2VzLkdldFBsYWNlEAIYBCAA
Website: https://saigondantan.fr/fr
Booking: https://thefork.fr/restaurant/le-saigon-d-antan-r213773/?cc=24751-923"
Le Sand,"Rue Rouget de Lisle, Paris, France",Paris,,,restaurant,,,4.4,133,48.8661767,2.3263406,https://maps.google.com/?cid=4221179675037965680&g_mp=CiVnb29nbGUubWFwcy5wbGFjZXMudjEuUGxhY2VzLkdldFBsYWNlEAIYBCAA,https://www.lesand-paris.com/,https://thefork.fr/restaurant/le-sand-paris-r843266/?cc=24751-923,"Type: French Restaurant
Google: 4.4 (133 reviews)
Food types: restaurant
Tags: Restaurant
Google Maps: https://maps.google.com/?cid=4221179675037965680&g_mp=CiVnb29nbGUubWFwcy5wbGFjZXMudjEuUGxhY2VzLkdldFBsYWNlEAIYBCAA
Website: https://www.lesand-paris.com/
Booking: https://thefork.fr/restaurant/le-sand-paris-r843266/?cc=24751-923"
Le Servan,"32 Rue Saint-Maur, 75011 Paris, France",Paris,11e,,restaurant,,€€€,4.5,1093,48.86101559999999,2.3814506,https://maps.google.com/?cid=9530374725574136956&g_mp=CiVnb29nbGUubWFwcy5wbGFjZXMudjEuUGxhY2VzLkdldFBsYWNlEAIYBCAA,https://leservan.fr/,https://thefork.fr/restaurant/sensation-r831294/?cc=24751-923,"Type: Bistro
Arrondissement: 11e
Price: €€€
Google: 4.5 (1,093 reviews)
Food types: restaurant
Tags: Restaurant, Trendy, ❤️
Google summary: French-Asian dishes like blood sausage wontons & ginger pork belly, in a space with a vintage vibe.
Google Maps: https://maps.google.com/?cid=9530374725574136956&g_mp=CiVnb29nbGUubWFwcy5wbGFjZXMudjEuUGxhY2VzLkdldFBsYWNlEAIYBCAA
Website: https://leservan.fr/
Booking: https://thefork.fr/restaurant/sensation-r831294/?cc=24751-923"
Le Soufflé,"36 Rue du Mont Thabor, 75001 Paris, France",Paris,1er,,restaurant,,€€,4.7,4236,48.8664672,2.3264267,https://maps.google.com/?cid=17259246465247453084&g_mp=CiVnb29nbGUubWFwcy5wbGFjZXMudjEuUGxhY2VzLkdldFBsYWNlEAIYBCAA,http://www.lesouffle.fr/,https://bookings.zenchef.com/results?rid=361852&fullscreen=1&mini=0&pid=mapstr&primaryColor=FFC222&type=web,"Type: French Restaurant
Arrondissement: 1er
Price: €€
Google: 4.7 (4,236 reviews)
Food types: restaurant
Tags: Frenchie, Restaurant, Bistrot
Google summary: Sweet & savory soufflés with flavors like beef bourguignon & hazelnut, served in a tidy dining room.
Google Maps: https://maps.google.com/?cid=17259246465247453084&g_mp=CiVnb29nbGUubWFwcy5wbGFjZXMudjEuUGxhY2VzLkdldFBsYWNlEAIYBCAA
Website: http://www.lesouffle.fr/
Booking: https://bookings.zenchef.com/results?rid=361852&fullscreen=1&mini=0&pid=mapstr&primaryColor=FFC222&type=web"
Le Square Trousseau,"1 Rue Antoine Vollon, 75012 Paris, France",Paris,12e,,restaurant,,€€€,4,620,48.85021459999999,2.376449,https://maps.google.com/?cid=16920901166049746526&g_mp=CiVnb29nbGUubWFwcy5wbGFjZXMudjEuUGxhY2VzLkdldFBsYWNlEAIYBCAA,http://www.squaretrousseau.com/,,"Type: French Restaurant
Arrondissement: 12e
Price: €€€
Google: 4.0 (620 reviews)
Food types: restaurant
Tags: Frenchie, Restaurant
Google summary: Light-filled bistro with period features offering an all-day menu of traditional cuisine.
Google Maps: https://maps.google.com/?cid=16920901166049746526&g_mp=CiVnb29nbGUubWFwcy5wbGFjZXMudjEuUGxhY2VzLkdldFBsYWNlEAIYBCAA
Website: http://www.squaretrousseau.com/"
Le Tagine,"13 Rue de Crussol, 75011 Paris, France",Paris,11e,,restaurant,,€€,4.3,813,48.8641807,2.3679156,https://maps.google.com/?cid=8672502279399682122&g_mp=CiVnb29nbGUubWFwcy5wbGFjZXMudjEuUGxhY2VzLkdldFBsYWNlEAIYBCAA,http://letagine.fr/,https://bookings.zenchef.com/results?rid=362264&fullscreen=1&mini=0&pid=mapstr&primaryColor=FFC222&type=web,"Type: Moroccan Restaurant
Arrondissement: 11e
Price: €€
Google: 4.3 (813 reviews)
Food types: restaurant
Tags: Couscous
Google summary: Classic Moroccan grills, couscous dishes & tagines at a cozy venue with tiled tables & lanterns.
Google Maps: https://maps.google.com/?cid=8672502279399682122&g_mp=CiVnb29nbGUubWFwcy5wbGFjZXMudjEuUGxhY2VzLkdldFBsYWNlEAIYBCAA
Website: http://letagine.fr/
Booking: https://bookings.zenchef.com/results?rid=362264&fullscreen=1&mini=0&pid=mapstr&primaryColor=FFC222&type=web"
Le Tricycle Store,"51 Rue de Paradis, 75010 Paris, France",Paris,10e,,restaurant,,,,,48.8755501,2.3492209,https://www.google.com/maps/search/?api=1&query=Le%20Tricycle%20Store%2C%20Paris%2C%20France,https://www.instagram.com/letricycle,,"Arrondissement: 10e
Food types: restaurant
Tags: Asian, Vegetarian, Restaurant, Vegan
Google Maps: https://www.google.com/maps/search/?api=1&query=Le%20Tricycle%20Store%2C%20Paris%2C%20France
Website: https://www.instagram.com/letricycle"
Le Verre Volé Sur Mer,"53 Rue de Lancry, 75010 Paris, France",Paris,10e,,restaurant,,,,,48.87171,2.362222,https://www.google.com/maps/search/?api=1&query=Le%20Verre%20Vol%C3%A9%20Sur%20Mer%2C%20Paris%2C%20France,,https://bookings.zenchef.com/results?rid=364221&fullscreen=1&mini=0&pid=mapstr&primaryColor=FFC222&type=web,"Arrondissement: 10e
Food types: restaurant
Tags: Fish, Restaurant
Google Maps: https://www.google.com/maps/search/?api=1&query=Le%20Verre%20Vol%C3%A9%20Sur%20Mer%2C%20Paris%2C%20France
Booking: https://bookings.zenchef.com/results?rid=364221&fullscreen=1&mini=0&pid=mapstr&primaryColor=FFC222&type=web"
Le Vieux Crapaud,"16 Rue Lauriston, 75116 Paris, France",Paris,16e,,restaurant,,€€,4.5,393,48.8718386,2.2924522,https://maps.google.com/?cid=9338349377463934498&g_mp=CiVnb29nbGUubWFwcy5wbGFjZXMudjEuUGxhY2VzLkdldFBsYWNlEAIYBCAA,https://www.facebook.com/levieuxcrapaud/,https://bookings.zenchef.com/results?rid=377781&fullscreen=1&mini=0&pid=mapstr&primaryColor=FFC222&type=web,"Type: French Restaurant
Arrondissement: 16e
Price: €€
Google: 4.5 (393 reviews)
Food types: restaurant
Tags: Bistrot
Google Maps: https://maps.google.com/?cid=9338349377463934498&g_mp=CiVnb29nbGUubWFwcy5wbGFjZXMudjEuUGxhY2VzLkdldFBsYWNlEAIYBCAA
Website: https://www.facebook.com/levieuxcrapaud/
Booking: https://bookings.zenchef.com/results?rid=377781&fullscreen=1&mini=0&pid=mapstr&primaryColor=FFC222&type=web"
Le grand Bol,"7 Rue de la Présentation, 75011 Paris, France",Paris,11e,,restaurant,,,,,48.8709429,2.3768752,https://www.google.com/maps/search/?api=1&query=Le%20grand%20Bol%2C%20Paris%2C%20France,http://le-grand-bol.business.site/,https://thefork.fr/restaurant/le-grand-bol-r594555/?cc=24751-923,"Arrondissement: 11e
Food types: restaurant
Tags: Asian, Restaurant
Google Maps: https://www.google.com/maps/search/?api=1&query=Le%20grand%20Bol%2C%20Paris%2C%20France
Website: http://le-grand-bol.business.site/
Booking: https://thefork.fr/restaurant/le-grand-bol-r594555/?cc=24751-923"
Les Petites Mains,"14, avenue du Président Wilson, Paris 75116",Paris,16e,,restaurant,,,4,848,48.8654616,2.2961711,https://maps.google.com/?cid=402181507238756389&g_mp=CiVnb29nbGUubWFwcy5wbGFjZXMudjEuUGxhY2VzLkdldFBsYWNlEAIYBCAA,https://www.lespetitesmains.paris/?utm_source=mapstr&utm_medium=gmb_lpm,,"Type: Restaurant
Arrondissement: 16e
Google: 4.0 (848 reviews)
Food types: restaurant
Tags: Restaurant
Google summary: Mediterranean small plates served in a seasonal, open-air hub with a calm vibe & Eiffel Tower views.
Google Maps: https://maps.google.com/?cid=402181507238756389&g_mp=CiVnb29nbGUubWFwcy5wbGFjZXMudjEuUGxhY2VzLkdldFBsYWNlEAIYBCAA
Website: https://www.lespetitesmains.paris/?utm_source=mapstr&utm_medium=gmb_lpm"
Les Pères PoPulaires,"46 Rue de Buzenval, 75020 Paris, France",Paris,20e,,restaurant,,,,,48.8511345,2.4018248,https://www.google.com/maps/search/?api=1&query=Les%20P%C3%A8res%20PoPulaires%2C%20Paris%2C%20France,,,"Arrondissement: 20e
Food types: restaurant
Tags: Frenchie, Restaurant, Bistrot
Google Maps: https://www.google.com/maps/search/?api=1&query=Les%20P%C3%A8res%20PoPulaires%2C%20Paris%2C%20France"
Les enfants du marché,"Marché des, 39 Rue de Bretagne, 75003 Paris, France",Paris,3e,,restaurant,,,,,48.8629259,2.3621657,https://www.google.com/maps/search/?api=1&query=Les%20enfants%20du%20march%C3%A9%2C%20Paris%2C%20France,https://lesenfantsdumarche.fr/,,"Arrondissement: 3e
Food types: restaurant
Tags: Restaurant, Trendy
Google Maps: https://www.google.com/maps/search/?api=1&query=Les%20enfants%20du%20march%C3%A9%2C%20Paris%2C%20France
Website: https://lesenfantsdumarche.fr/"
Leven,"110 Rue Montmartre, 75002 Paris, France",Paris,2e,,restaurant,,,4.8,519,48.8672921,2.3440168,https://maps.google.com/?cid=16886171538475950557&g_mp=CiVnb29nbGUubWFwcy5wbGFjZXMudjEuUGxhY2VzLkdldFBsYWNlEAIYBCAA,https://linktr.ee/levenfoodeli,https://bookings.zenchef.com/results?rid=372963&fullscreen=1&mini=0&pid=mapstr&primaryColor=FFC222&type=web,"Type: Restaurant
Arrondissement: 2e
Google: 4.8 (519 reviews)
Food types: restaurant
Tags: Street food
Google Maps: https://maps.google.com/?cid=16886171538475950557&g_mp=CiVnb29nbGUubWFwcy5wbGFjZXMudjEuUGxhY2VzLkdldFBsYWNlEAIYBCAA
Website: https://linktr.ee/levenfoodeli
Booking: https://bookings.zenchef.com/results?rid=372963&fullscreen=1&mini=0&pid=mapstr&primaryColor=FFC222&type=web"
Lissit,"48 Rue de la Folie Méricourt, 75011 Paris, France",Paris,11e,,restaurant,,,4.9,265,48.8638416,2.3721689,https://maps.google.com/?cid=16989440043625837637&g_mp=CiVnb29nbGUubWFwcy5wbGFjZXMudjEuUGxhY2VzLkdldFBsYWNlEAIYBCAA,https://www.barlissit.com/,https://bookings.zenchef.com/results?rid=374609&fullscreen=1&mini=0&pid=mapstr&primaryColor=FFC222&type=web,"Type: French Restaurant
Arrondissement: 11e
Google: 4.9 (265 reviews)
Food types: restaurant
Tags: Bistrot, Restaurant, Trendy, ❤️
Google Maps: https://maps.google.com/?cid=16989440043625837637&g_mp=CiVnb29nbGUubWFwcy5wbGFjZXMudjEuUGxhY2VzLkdldFBsYWNlEAIYBCAA
Website: https://www.barlissit.com/
Booking: https://bookings.zenchef.com/results?rid=374609&fullscreen=1&mini=0&pid=mapstr&primaryColor=FFC222&type=web"
L’Auberge Aveyronnaise,"40 Rue Gabriel Lamé, 75012 Paris, France",Paris,12e,,restaurant,,€€,4.5,4660,48.8348088,2.3862469,https://maps.google.com/?cid=17623375295315507893&g_mp=CiVnb29nbGUubWFwcy5wbGFjZXMudjEuUGxhY2VzLkdldFBsYWNlEAIYBCAA,http://auberge-aveyronnaise.paris/,,"Type: French Restaurant
Arrondissement: 12e
Price: €€
Google: 4.5 (4,660 reviews)
Food types: restaurant
Tags: Bistrot, Restaurant
Google summary: Classic regional French fare, plus cheeses & wines, in a longstanding, traditional restaurant.
Google Maps: https://maps.google.com/?cid=17623375295315507893&g_mp=CiVnb29nbGUubWFwcy5wbGFjZXMudjEuUGxhY2VzLkdldFBsYWNlEAIYBCAA
Website: http://auberge-aveyronnaise.paris/"
L’Avant Comptoir de la Terre,"3 Carr de l'Odéon, 75006 Paris, France",Paris,6e,,restaurant,,,,,48.8520358,2.3388124,https://www.google.com/maps/search/?api=1&query=L%E2%80%99Avant%20Comptoir%20de%20la%20Terre%2C%20Paris%2C%20France,https://camdeborde.com/les-restaurants/avant-comptoir-de-la-terre,,"Arrondissement: 6e
Food types: restaurant
Tags: Restaurant
Google Maps: https://www.google.com/maps/search/?api=1&query=L%E2%80%99Avant%20Comptoir%20de%20la%20Terre%2C%20Paris%2C%20France
Website: https://camdeborde.com/les-restaurants/avant-comptoir-de-la-terre"
L’italien de La Belle Époque,"36 Rue des Petits Champs, 75002 Paris, France",Paris,2e,,restaurant,,€€,3.7,1033,48.86678695678711,2.336488008499146,https://maps.google.com/?cid=17132008827808969732&g_mp=CiVnb29nbGUubWFwcy5wbGFjZXMudjEuUGxhY2VzLkdldFBsYWNlEAIYBCAA,https://www.restaurantmer-coquillageparis.com/,https://bookings.zenchef.com/results?rid=358500&fullscreen=1&mini=0&pid=mapstr&primaryColor=FFC222&type=web,"Type: Restaurant
Arrondissement: 2e
Price: €€
Google: 3.7 (1,033 reviews)
Food types: restaurant
Tags: Restaurant, Italian
Google summary: Traditional brasserie serving meat & fish dishes in a 1920s-style dining room or at sidewalk tables.
Google Maps: https://maps.google.com/?cid=17132008827808969732&g_mp=CiVnb29nbGUubWFwcy5wbGFjZXMudjEuUGxhY2VzLkdldFBsYWNlEAIYBCAA
Website: https://www.restaurantmer-coquillageparis.com/
Booking: https://bookings.zenchef.com/results?rid=358500&fullscreen=1&mini=0&pid=mapstr&primaryColor=FFC222&type=web"
Ma Kitchen,"85 Rue d'Hauteville, 75010 Paris, France",Paris,10e,,restaurant,,,,,48.8769775,2.3512274,https://www.google.com/maps/search/?api=1&query=Ma%20Kitchen%2C%20Paris%2C%20France,http://pama-raw-food.com/,,"Arrondissement: 10e
Food types: restaurant
Tags: Healthy
Google Maps: https://www.google.com/maps/search/?api=1&query=Ma%20Kitchen%2C%20Paris%2C%20France
Website: http://pama-raw-food.com/"
Madonna,"Rue La Fayette, Paris, France",Paris,,,restaurant,,,4.5,2591,48.8750186,2.3413385,https://maps.google.com/?cid=947395790647410164&g_mp=CiVnb29nbGUubWFwcy5wbGFjZXMudjEuUGxhY2VzLkdldFBsYWNlEAIYBCAA,https://www.madonna-osteria.fr/,https://bookings.zenchef.com/results?rid=362703&fullscreen=1&mini=0&pid=mapstr&primaryColor=FFC222&type=web,"Type: Italian Restaurant
Google: 4.5 (2,591 reviews)
Food types: restaurant
Tags: ❤️, Italian
Google Maps: https://maps.google.com/?cid=947395790647410164&g_mp=CiVnb29nbGUubWFwcy5wbGFjZXMudjEuUGxhY2VzLkdldFBsYWNlEAIYBCAA
Website: https://www.madonna-osteria.fr/
Booking: https://bookings.zenchef.com/results?rid=362703&fullscreen=1&mini=0&pid=mapstr&primaryColor=FFC222&type=web"
Magma,"9 Rue Jean-Pierre Timbaud, 75011 Paris, France",Paris,11e,,restaurant,,,4.6,687,48.8651114,2.3672331,https://maps.google.com/?cid=12616132024001628538&g_mp=CiVnb29nbGUubWFwcy5wbGFjZXMudjEuUGxhY2VzLkdldFBsYWNlEAIYBCAA,,https://thefork.fr/restaurant/restaurant-magma-r821430/?cc=24751-923,"Type: French Restaurant
Arrondissement: 11e
Google: 4.6 (687 reviews)
Food types: restaurant
Tags: Frenchie, Restaurant
Google Maps: https://maps.google.com/?cid=12616132024001628538&g_mp=CiVnb29nbGUubWFwcy5wbGFjZXMudjEuUGxhY2VzLkdldFBsYWNlEAIYBCAA
Booking: https://thefork.fr/restaurant/restaurant-magma-r821430/?cc=24751-923"
Maisie Café.,"32 Rue du Mont Thabor, 75001 Paris, France",Paris,1er,,restaurant,,,,,48.8663956,2.3268352,https://www.google.com/maps/search/?api=1&query=Maisie%20Caf%C3%A9.%2C%20Paris%2C%20France,http://maisiecafe.com/,,"Arrondissement: 1er
Food types: restaurant
Tags: Vegetarian, Restaurant, Vegan
Google Maps: https://www.google.com/maps/search/?api=1&query=Maisie%20Caf%C3%A9.%2C%20Paris%2C%20France
Website: http://maisiecafe.com/"
Maison Baroche,"18 Rue Cadet, 75009 Paris, France",Paris,9e,,restaurant,,,4.5,60,48.8754593,2.3434249,https://maps.google.com/?cid=18236696355883521180&g_mp=CiVnb29nbGUubWFwcy5wbGFjZXMudjEuUGxhY2VzLkdldFBsYWNlEAIYBCAA,https://maisonbaroche.fr/,,"Type: Grocery Store
Arrondissement: 9e
Google: 4.5 (60 reviews)
Food types: restaurant
Tags: Frenchie
Google Maps: https://maps.google.com/?cid=18236696355883521180&g_mp=CiVnb29nbGUubWFwcy5wbGFjZXMudjEuUGxhY2VzLkdldFBsYWNlEAIYBCAA
Website: https://maisonbaroche.fr/"
Margaux,"10 Av. de New York, 75116 Paris, France",Paris,16e,,restaurant,,,4.7,1502,48.8641264,2.2989862,https://maps.google.com/?cid=13452062831568045297&g_mp=CiVnb29nbGUubWFwcy5wbGFjZXMudjEuUGxhY2VzLkdldFBsYWNlEAIYBCAA,https://www.restaurantmargaux.com/,https://thefork.fr/restaurant/margaux-r835079/?cc=24751-923,"Type: French Restaurant
Arrondissement: 16e
Google: 4.7 (1,502 reviews)
Food types: restaurant
Tags: Frenchie, Restaurant
Google Maps: https://maps.google.com/?cid=13452062831568045297&g_mp=CiVnb29nbGUubWFwcy5wbGFjZXMudjEuUGxhY2VzLkdldFBsYWNlEAIYBCAA
Website: https://www.restaurantmargaux.com/
Booking: https://thefork.fr/restaurant/margaux-r835079/?cc=24751-923"
Maslow,14 Quai de la Mégisserie Paris 75001,Paris,1er,,restaurant,,€€,4.9,18116,48.858243,2.344425,https://maps.google.com/?cid=9452558009354261089&g_mp=CiVnb29nbGUubWFwcy5wbGFjZXMudjEuUGxhY2VzLkdldFBsYWNlEAIYBCAA,https://maslow-restaurants.com/,https://maslow-restaurants.com/menu/,"Type: Vegetarian Restaurant
Arrondissement: 1er
Price: €€
Google: 4.9 (18,116 reviews)
Food types: restaurant
Tags: Restaurant, Vegetarian
Google Maps: https://maps.google.com/?cid=9452558009354261089&g_mp=CiVnb29nbGUubWFwcy5wbGFjZXMudjEuUGxhY2VzLkdldFBsYWNlEAIYBCAA
Website: https://maslow-restaurants.com/
Booking: https://maslow-restaurants.com/menu/"
Micho,46 rue de Richelieu Paris 75001,Paris,1er,,restaurant,,,4.1,953,48.8660774230957,2.337152481079102,https://maps.google.com/?cid=12218413180469688842&g_mp=CiVnb29nbGUubWFwcy5wbGFjZXMudjEuUGxhY2VzLkdldFBsYWNlEAIYBCAA,http://michoparis.fr/,https://bookings.zenchef.com/results?rid=362583&fullscreen=1&mini=0&pid=mapstr&primaryColor=FFC222&type=web,"Type: Restaurant
Arrondissement: 1er
Google: 4.1 (953 reviews)
Food types: restaurant
Tags: Restaurant, Street food, Israeli
Google Maps: https://maps.google.com/?cid=12218413180469688842&g_mp=CiVnb29nbGUubWFwcy5wbGFjZXMudjEuUGxhY2VzLkdldFBsYWNlEAIYBCAA
Website: http://michoparis.fr/
Booking: https://bookings.zenchef.com/results?rid=362583&fullscreen=1&mini=0&pid=mapstr&primaryColor=FFC222&type=web"
Minh Chau,"10 Rue de la Verrerie, 75004 Paris, France",Paris,4e,,restaurant,,€,3.7,330,48.85725610000001,2.355156,https://maps.google.com/?cid=3620148272437483433&g_mp=CiVnb29nbGUubWFwcy5wbGFjZXMudjEuUGxhY2VzLkdldFBsYWNlEAIYBCAA,https://www.minhchau-paris.fr/contact,,"Type: Vietnamese Restaurant
Arrondissement: 4e
Price: €
Google: 3.7 (330 reviews)
Food types: restaurant
Tags: Vietnamiese, Restaurant
Google Maps: https://maps.google.com/?cid=3620148272437483433&g_mp=CiVnb29nbGUubWFwcy5wbGFjZXMudjEuUGxhY2VzLkdldFBsYWNlEAIYBCAA
Website: https://www.minhchau-paris.fr/contact"
Misu,"8 bis Rue Falguière, 75015 Paris, France",Paris,15e,,restaurant,,,4.8,457,48.8438106,2.3171654,https://maps.google.com/?cid=12824606989028339590&g_mp=CiVnb29nbGUubWFwcy5wbGFjZXMudjEuUGxhY2VzLkdldFBsYWNlEAIYBCAA,https://www.instagram.com/misu.paris?igsh=MTY2c3d0c2N3eGlzNQ==,https://bookings.zenchef.com/results?rid=364226&fullscreen=1&mini=0&pid=mapstr&primaryColor=FFC222&type=web,"Type: Korean Restaurant
Arrondissement: 15e
Google: 4.8 (457 reviews)
Food types: restaurant
Tags: Korean
Google Maps: https://maps.google.com/?cid=12824606989028339590&g_mp=CiVnb29nbGUubWFwcy5wbGFjZXMudjEuUGxhY2VzLkdldFBsYWNlEAIYBCAA
Website: https://www.instagram.com/misu.paris?igsh=MTY2c3d0c2N3eGlzNQ==
Booking: https://bookings.zenchef.com/results?rid=364226&fullscreen=1&mini=0&pid=mapstr&primaryColor=FFC222&type=web"
Miznon,"37 Quai de Valmy, 75010 Paris, France",Paris,10e,,restaurant,,,4.3,759,48.8691925,2.366401,https://maps.google.com/?cid=15522443952410790719&g_mp=CiVnb29nbGUubWFwcy5wbGFjZXMudjEuUGxhY2VzLkdldFBsYWNlEAIYBCAA,https://www.facebook.com/miznonparis/,,"Type: Restaurant
Arrondissement: 10e
Google: 4.3 (759 reviews)
Food types: restaurant
Tags: Street food
Google Maps: https://maps.google.com/?cid=15522443952410790719&g_mp=CiVnb29nbGUubWFwcy5wbGFjZXMudjEuUGxhY2VzLkdldFBsYWNlEAIYBCAA
Website: https://www.facebook.com/miznonparis/"
Mmmozza,57 Rue de Bretagne Paris France,Paris,,,restaurant,,,4.6,474,48.8639,2.3606,https://maps.google.com/?cid=12343074101628899369&g_mp=CiVnb29nbGUubWFwcy5wbGFjZXMudjEuUGxhY2VzLkdldFBsYWNlEAIYBCAA,https://instagram.com/mmmozza_paris?igshid=YmMyMTA2M2Y=,,"Type: Grocery Store
Google: 4.6 (474 reviews)
Food types: restaurant
Tags: Restaurant, Italian
Google Maps: https://maps.google.com/?cid=12343074101628899369&g_mp=CiVnb29nbGUubWFwcy5wbGFjZXMudjEuUGxhY2VzLkdldFBsYWNlEAIYBCAA
Website: https://instagram.com/mmmozza_paris?igshid=YmMyMTA2M2Y="
Mojju,"4 Rue de l'Exposition, 75007 Paris, France",Paris,7e,,restaurant,,,4.5,241,48.8576399,2.3029927,https://maps.google.com/?cid=805011685251304645&g_mp=CiVnb29nbGUubWFwcy5wbGFjZXMudjEuUGxhY2VzLkdldFBsYWNlEAIYBCAA,https://www.mojju-restaurant.com/,https://thefork.fr/restaurant/mojju-r815113/?cc=24751-923,"Type: Korean Restaurant
Arrondissement: 7e
Google: 4.5 (241 reviews)
Food types: restaurant
Tags: ❤️, Restaurant, Korean
Google Maps: https://maps.google.com/?cid=805011685251304645&g_mp=CiVnb29nbGUubWFwcy5wbGFjZXMudjEuUGxhY2VzLkdldFBsYWNlEAIYBCAA
Website: https://www.mojju-restaurant.com/
Booking: https://thefork.fr/restaurant/mojju-r815113/?cc=24751-923"
Mokonuts Cafe and Bakery,"5 Rue Saint-Bernard, 75011 Paris, France",Paris,11e,,restaurant,,,,,48.8507906,2.3813834,https://www.google.com/maps/search/?api=1&query=Mokonuts%20Cafe%20and%20Bakery%2C%20Paris%2C%20France,https://www.facebook.com/Mokonuts,https://www.mokonuts.com/le-menu,"Arrondissement: 11e
Food types: restaurant
Tags: Restaurant, Breakfast, Trendy
Google Maps: https://www.google.com/maps/search/?api=1&query=Mokonuts%20Cafe%20and%20Bakery%2C%20Paris%2C%20France
Website: https://www.facebook.com/Mokonuts
Booking: https://www.mokonuts.com/le-menu"
Mr.T,"38 Rue de Saintonge, 75003 Paris, France",Paris,3e,,restaurant,,,,,48.8626707,2.36368,https://www.google.com/maps/search/?api=1&query=Mr.T%2C%20Paris%2C%20France,http://www.mrt-restaurant.fr/,https://bookings.zenchef.com/results?rid=351813&fullscreen=1&mini=0&pid=mapstr&primaryColor=FFC222&type=web,"Arrondissement: 3e
Food types: restaurant
Tags: Frenchie, Asian, Mexican, ❤️, Trendy
Google Maps: https://www.google.com/maps/search/?api=1&query=Mr.T%2C%20Paris%2C%20France
Website: http://www.mrt-restaurant.fr/
Booking: https://bookings.zenchef.com/results?rid=351813&fullscreen=1&mini=0&pid=mapstr&primaryColor=FFC222&type=web"
Mulino Mulé,"25 Rue Sainte-Marthe, 75010 Paris, Francia",Paris,10e,,shopping,,,4.7,381,48.874196,2.3723359,https://maps.google.com/?cid=12165723843615821378&g_mp=CiVnb29nbGUubWFwcy5wbGFjZXMudjEuUGxhY2VzLkdldFBsYWNlEAIYBCAA,http://www.cedriccasanova.com/,https://bookings.zenchef.com/results?rid=353468&fullscreen=1&mini=0&pid=mapstr&primaryColor=FFC222&type=web,"Type: Italian Restaurant
Arrondissement: 10e
Google: 4.7 (381 reviews)
Food types: shopping
Tags: Restaurant, Italian
Google Maps: https://maps.google.com/?cid=12165723843615821378&g_mp=CiVnb29nbGUubWFwcy5wbGFjZXMudjEuUGxhY2VzLkdldFBsYWNlEAIYBCAA
Website: http://www.cedriccasanova.com/
Booking: https://bookings.zenchef.com/results?rid=353468&fullscreen=1&mini=0&pid=mapstr&primaryColor=FFC222&type=web"
Musée de la Chasse et de la Nature,62 Rue des Archives 75003 Paris France,Paris,3e,,museum,,,4.5,2452,48.86149,2.35861,https://maps.google.com/?cid=9283645651994521942&g_mp=CiVnb29nbGUubWFwcy5wbGFjZXMudjEuUGxhY2VzLkdldFBsYWNlEAIYBCAA,http://www.chassenature.org,,"Type: Art museum
Arrondissement: 3e
Google: 4.5 (2,452 reviews)
Food types: museum
Tags: Museum, Restaurant, Unusual
Google summary: Hunting & nature museum in 2 17th/18th-century mansions, housing artworks & various stuffed animals.
Google Maps: https://maps.google.com/?cid=9283645651994521942&g_mp=CiVnb29nbGUubWFwcy5wbGFjZXMudjEuUGxhY2VzLkdldFBsYWNlEAIYBCAA
Website: http://www.chassenature.org"
NOMOS,"France, 15 Rue André del Sarte, 75018 Paris, France",Paris,18e,,restaurant,,,,,48.88571189999999,2.345925799999999,https://www.google.com/maps/search/?api=1&query=NOMOS%2C%20Paris%2C%20France,https://www.facebook.com/linkrestaurantparis,,"Arrondissement: 18e
Food types: restaurant
Tags: Restaurant
Google Maps: https://www.google.com/maps/search/?api=1&query=NOMOS%2C%20Paris%2C%20France
Website: https://www.facebook.com/linkrestaurantparis"
Nana,"10 R. Bréguet, 75011 Paris, France",Paris,11e,,restaurant,,,,,48.8567277,2.3720465,https://www.google.com/maps/search/?api=1&query=Nana%2C%20Paris%2C%20France,http://nanaparis.com,,"Arrondissement: 11e
Food types: restaurant
Tags: Restaurant, Trendy
Google Maps: https://www.google.com/maps/search/?api=1&query=Nana%2C%20Paris%2C%20France
Website: http://nanaparis.com"
Neni Paris,"12 Bd de Denain, 75010 Paris, France",Paris,10e,,restaurant,,,4.4,563,48.8795258,2.354939799999999,https://maps.google.com/?cid=11015449668276958082&g_mp=CiVnb29nbGUubWFwcy5wbGFjZXMudjEuUGxhY2VzLkdldFBsYWNlEAIYBCAA,http://www.neniparis.fr/fr/site.php,https://bookings.zenchef.com/results?rid=364022&pid=mapstr,"Type: Restaurant
Arrondissement: 10e
Google: 4.4 (563 reviews)
Food types: restaurant
Tags: Restaurant, Israeli
Google summary: Stylish, artful hangout with a relaxed vibe spotlighting Middle Eastern-influenced cuisine.
Google Maps: https://maps.google.com/?cid=11015449668276958082&g_mp=CiVnb29nbGUubWFwcy5wbGFjZXMudjEuUGxhY2VzLkdldFBsYWNlEAIYBCAA
Website: http://www.neniparis.fr/fr/site.php
Booking: https://bookings.zenchef.com/results?rid=364022&pid=mapstr"
Nubio,"4 Rue Paul Bert, 75011 Paris, France",Paris,11e,,shopping,,,,,48.8511855,2.3845735,https://maps.google.com/?cid=12610645211511056857&g_mp=CiVnb29nbGUubWFwcy5wbGFjZXMudjEuUGxhY2VzLkdldFBsYWNlEAIYBCAA,https://concept-store-atelier-nubio.business.site/,,"Arrondissement: 11e
Food types: shopping
Tags: Healthy
Google Maps: https://maps.google.com/?cid=12610645211511056857&g_mp=CiVnb29nbGUubWFwcy5wbGFjZXMudjEuUGxhY2VzLkdldFBsYWNlEAIYBCAA
Website: https://concept-store-atelier-nubio.business.site/"
OOBATZ,"4bis Av. Jean Aicard, 75011 Paris, France",Paris,11e,,restaurant,,,4.5,420,48.8652926,2.3810814,https://maps.google.com/?cid=10098685587554175031&g_mp=CiVnb29nbGUubWFwcy5wbGFjZXMudjEuUGxhY2VzLkdldFBsYWNlEAIYBCAA,https://oobatz.fr/,,"Type: Pizza Restaurant
Arrondissement: 11e
Google: 4.5 (420 reviews)
Food types: restaurant
Tags: Pizza, Restaurant
Google Maps: https://maps.google.com/?cid=10098685587554175031&g_mp=CiVnb29nbGUubWFwcy5wbGFjZXMudjEuUGxhY2VzLkdldFBsYWNlEAIYBCAA
Website: https://oobatz.fr/"
Olive Chicken,"6 Rue Poinsot, 75014 Paris, France",Paris,14e,,restaurant,,€€,4.4,732,48.8409518,2.3233777,https://maps.google.com/?cid=17019879004737710620&g_mp=CiVnb29nbGUubWFwcy5wbGFjZXMudjEuUGxhY2VzLkdldFBsYWNlEAIYBCAA,https://instagram.com/olivechicken_paris?igshid=YmMyMTA2M2Y=,,"Type: Chicken Restaurant
Arrondissement: 14e
Price: €€
Google: 4.4 (732 reviews)
Food types: restaurant
Tags: Restaurant, Korean
Google Maps: https://maps.google.com/?cid=17019879004737710620&g_mp=CiVnb29nbGUubWFwcy5wbGFjZXMudjEuUGxhY2VzLkdldFBsYWNlEAIYBCAA
Website: https://instagram.com/olivechicken_paris?igshid=YmMyMTA2M2Y="
On Restaurant,"39 Rue Saint-Roch, 75001 Paris, France",Paris,1er,,restaurant,,,4.8,205,48.8656064,2.3324188,https://maps.google.com/?cid=17354233080811267738&g_mp=CiVnb29nbGUubWFwcy5wbGFjZXMudjEuUGxhY2VzLkdldFBsYWNlEAIYBCAA,https://www.instagram.com/on_resto/,,"Type: Korean Restaurant
Arrondissement: 1er
Google: 4.8 (205 reviews)
Food types: restaurant
Tags: Korean, Restaurant
Google Maps: https://maps.google.com/?cid=17354233080811267738&g_mp=CiVnb29nbGUubWFwcy5wbGFjZXMudjEuUGxhY2VzLkdldFBsYWNlEAIYBCAA
Website: https://www.instagram.com/on_resto/"
Onii-San - Izakaya ,82 Rue des Archives Paris 75003,Paris,3e,,restaurant,,,4.1,758,48.86307045508935,2.360397790059537,https://maps.google.com/?cid=4294208365302536734&g_mp=CiVnb29nbGUubWFwcy5wbGFjZXMudjEuUGxhY2VzLkdldFBsYWNlEAIYBCAA,https://www.onii-san.fr/,https://bookings.zenchef.com/results?rid=354548&fullscreen=1&mini=0&pid=mapstr&primaryColor=FFC222&type=web,"Type: Japanese Restaurant
Arrondissement: 3e
Google: 4.1 (758 reviews)
Food types: restaurant
Tags: Japanese, Restaurant, Trendy
Google Maps: https://maps.google.com/?cid=4294208365302536734&g_mp=CiVnb29nbGUubWFwcy5wbGFjZXMudjEuUGxhY2VzLkdldFBsYWNlEAIYBCAA
Website: https://www.onii-san.fr/
Booking: https://bookings.zenchef.com/results?rid=354548&fullscreen=1&mini=0&pid=mapstr&primaryColor=FFC222&type=web"
Osteria Ferrara,"7 Rue du Dahomey, 75011 Paris, France",Paris,11e,,restaurant,,,,,48.851282,2.383292,https://www.google.com/maps/search/?api=1&query=Osteria%20Ferrara%2C%20Paris%2C%20France,http://www.osteriaferrara.com/,https://bookings.zenchef.com/results?rid=352382&fullscreen=1&mini=0&pid=mapstr&primaryColor=FFC222&type=web,"Arrondissement: 11e
Food types: restaurant
Tags: Restaurant, Italian
Google Maps: https://www.google.com/maps/search/?api=1&query=Osteria%20Ferrara%2C%20Paris%2C%20France
Website: http://www.osteriaferrara.com/
Booking: https://bookings.zenchef.com/results?rid=352382&fullscreen=1&mini=0&pid=mapstr&primaryColor=FFC222&type=web"
PIN-PAN,"79 Rue Taitbout, 75009 Paris, France",Paris,9e,,restaurant,,,4.8,68,48.876635,2.3353161,https://maps.google.com/?cid=5300444021418335154&g_mp=CiVnb29nbGUubWFwcy5wbGFjZXMudjEuUGxhY2VzLkdldFBsYWNlEAIYBCAA,https://pin-pan.site.bykomdab.com/,,"Type: Argentinian Restaurant
Arrondissement: 9e
Google: 4.8 (68 reviews)
Food types: restaurant
Tags: Pizza, Restaurant
Google Maps: https://maps.google.com/?cid=5300444021418335154&g_mp=CiVnb29nbGUubWFwcy5wbGFjZXMudjEuUGxhY2VzLkdldFBsYWNlEAIYBCAA
Website: https://pin-pan.site.bykomdab.com/"
Parcelles,"13 Rue Chapon, 75003 Paris, France",Paris,3e,,restaurant,,,4.5,477,48.8630868,2.3565614,https://maps.google.com/?cid=12086924999685936275&g_mp=CiVnb29nbGUubWFwcy5wbGFjZXMudjEuUGxhY2VzLkdldFBsYWNlEAIYBCAA,https://www.parcelles-paris.fr/,,"Type: French Restaurant
Arrondissement: 3e
Google: 4.5 (477 reviews)
Food types: restaurant
Tags: Restaurant
Google Maps: https://maps.google.com/?cid=12086924999685936275&g_mp=CiVnb29nbGUubWFwcy5wbGFjZXMudjEuUGxhY2VzLkdldFBsYWNlEAIYBCAA
Website: https://www.parcelles-paris.fr/"
Paris Hanoï,"74 Rue de Charonne, 75011 Paris, France",Paris,11e,,restaurant,,,,,48.8534502,2.3800439,https://www.google.com/maps/search/?api=1&query=Paris%20Hano%C3%AF%2C%20Paris%2C%20France,http://www.parishanoi.fr/,,"Arrondissement: 11e
Food types: restaurant
Tags: Vietnamiese, Restaurant
Google Maps: https://www.google.com/maps/search/?api=1&query=Paris%20Hano%C3%AF%2C%20Paris%2C%20France
Website: http://www.parishanoi.fr/"
Paris-Boca,"Rue Pierre Fontaine, Paris, France",Paris,,,restaurant,,,4.7,840,48.8826,2.3336,https://maps.google.com/?cid=15187808464290341344&g_mp=CiVnb29nbGUubWFwcy5wbGFjZXMudjEuUGxhY2VzLkdldFBsYWNlEAIYBCAA,https://parisboca.fr/,https://module.lafourchette.com/en_GB/module/709777-c63e5#/4555249/pdh,"Type: Pizza Restaurant
Google: 4.7 (840 reviews)
Food types: restaurant
Tags: Argentinian, Restaurant
Google summary: Compact, trendy restaurant offering pizzas & cocktails, plus a take-out option.
Google Maps: https://maps.google.com/?cid=15187808464290341344&g_mp=CiVnb29nbGUubWFwcy5wbGFjZXMudjEuUGxhY2VzLkdldFBsYWNlEAIYBCAA
Website: https://parisboca.fr/
Booking: https://module.lafourchette.com/en_GB/module/709777-c63e5#/4555249/pdh"
Parisik,37 Rue des Dames Paris 75017,Paris,17e,,restaurant,,,4.9,729,48.8841289,2.3234278,https://maps.google.com/?cid=12737533707296645573&g_mp=CiVnb29nbGUubWFwcy5wbGFjZXMudjEuUGxhY2VzLkdldFBsYWNlEAIYBCAA,http://www.baprepascoreen.com/,https://bookings.zenchef.com/results?rid=362479&fullscreen=1&mini=0&pid=mapstr&primaryColor=FFC222&type=web,"Type: Korean Restaurant
Arrondissement: 17e
Google: 4.9 (729 reviews)
Food types: restaurant
Tags: Korean, Restaurant
Google Maps: https://maps.google.com/?cid=12737533707296645573&g_mp=CiVnb29nbGUubWFwcy5wbGFjZXMudjEuUGxhY2VzLkdldFBsYWNlEAIYBCAA
Website: http://www.baprepascoreen.com/
Booking: https://bookings.zenchef.com/results?rid=362479&fullscreen=1&mini=0&pid=mapstr&primaryColor=FFC222&type=web"
Passerini,"65 Rue Traversière, 75012 Paris, France",Paris,12e,,restaurant,,,,,48.8494184,2.3748206,https://www.google.com/maps/search/?api=1&query=Passerini%2C%20Paris%2C%20France,http://passerini.paris/,https://bookings.zenchef.com/results?rid=352551&fullscreen=1&mini=0&pid=mapstr&primaryColor=FFC222&type=web,"Arrondissement: 12e
Food types: restaurant
Tags: Restaurant, Trendy, Italian
Google Maps: https://www.google.com/maps/search/?api=1&query=Passerini%2C%20Paris%2C%20France
Website: http://passerini.paris/
Booking: https://bookings.zenchef.com/results?rid=352551&fullscreen=1&mini=0&pid=mapstr&primaryColor=FFC222&type=web"
Patine Bistrot,"16 Rue la Vacquerie, 75011 Paris, France",Paris,11e,,restaurant,,,4.9,109,48.8583587,2.3849892,https://maps.google.com/?cid=4321861797129807666&g_mp=CiVnb29nbGUubWFwcy5wbGFjZXMudjEuUGxhY2VzLkdldFBsYWNlEAIYBCAA,https://www.patine-bistrot.fr/,,"Type: French Restaurant
Arrondissement: 11e
Google: 4.9 (109 reviews)
Food types: restaurant
Tags: ❤️, Frenchie, Restaurant
Google Maps: https://maps.google.com/?cid=4321861797129807666&g_mp=CiVnb29nbGUubWFwcy5wbGFjZXMudjEuUGxhY2VzLkdldFBsYWNlEAIYBCAA
Website: https://www.patine-bistrot.fr/"
Patsy,"26 Rue Bergère, 75009 Paris, France",Paris,9e,,restaurant,,,4.9,161,48.8725168,2.3446353,https://maps.google.com/?cid=13453863671297659258&g_mp=CiVnb29nbGUubWFwcy5wbGFjZXMudjEuUGxhY2VzLkdldFBsYWNlEAIYBCAA,https://restaurant-patsy.com/,,"Type: Restaurant
Arrondissement: 9e
Google: 4.9 (161 reviews)
Food types: restaurant
Tags: ❤️, Bistrot, Trendy, Restaurant
Google Maps: https://maps.google.com/?cid=13453863671297659258&g_mp=CiVnb29nbGUubWFwcy5wbGFjZXMudjEuUGxhY2VzLkdldFBsYWNlEAIYBCAA
Website: https://restaurant-patsy.com/"
Paul Chêne,"123 Rue Lauriston, 75116 Paris, France",Paris,16e,,restaurant,,€€,4.5,674,48.8657376,2.285838,https://maps.google.com/?cid=16760174407518908822&g_mp=CiVnb29nbGUubWFwcy5wbGFjZXMudjEuUGxhY2VzLkdldFBsYWNlEAIYBCAA,http://www.paulchene.com/,https://bookings.zenchef.com/results?rid=360248&fullscreen=1&mini=0&pid=mapstr&primaryColor=FFC222&type=web,"Type: French Restaurant
Arrondissement: 16e
Price: €€
Google: 4.5 (674 reviews)
Food types: restaurant
Tags: Frenchie, Restaurant, Bistrot
Google summary: Bistro classics with a modern twist, plus cognac & fine wines, at a neighborhood institution.
Google Maps: https://maps.google.com/?cid=16760174407518908822&g_mp=CiVnb29nbGUubWFwcy5wbGFjZXMudjEuUGxhY2VzLkdldFBsYWNlEAIYBCAA
Website: http://www.paulchene.com/
Booking: https://bookings.zenchef.com/results?rid=360248&fullscreen=1&mini=0&pid=mapstr&primaryColor=FFC222&type=web"
Paul Chêne Cherche Midi,"79 Rue du Cherche-Midi, 75006 Paris, France",Paris,6e,,restaurant,,€€,4.4,162,48.84772880000001,2.323308,https://maps.google.com/?cid=5627152388365986600&g_mp=CiVnb29nbGUubWFwcy5wbGFjZXMudjEuUGxhY2VzLkdldFBsYWNlEAIYBCAA,http://paulchene-cherchemidi.fr/,https://bookings.zenchef.com/results?rid=361192&fullscreen=1&mini=0&pid=mapstr&primaryColor=FFC222&type=web,"Type: French Restaurant
Arrondissement: 6e
Price: €€
Google: 4.4 (162 reviews)
Food types: restaurant
Tags: Restaurant, Bistrot
Google Maps: https://maps.google.com/?cid=5627152388365986600&g_mp=CiVnb29nbGUubWFwcy5wbGFjZXMudjEuUGxhY2VzLkdldFBsYWNlEAIYBCAA
Website: http://paulchene-cherchemidi.fr/
Booking: https://bookings.zenchef.com/results?rid=361192&fullscreen=1&mini=0&pid=mapstr&primaryColor=FFC222&type=web"
Peco Peco,"47 Rue Jean-Baptiste Pigalle, 75009 Paris, France",Paris,9e,,restaurant,,,,,48.880232,2.334629,https://www.google.com/maps/search/?api=1&query=Peco%20Peco%2C%20Paris%2C%20France,http://www.pecopeco.fr/,https://bookings.zenchef.com/results?rid=349322&fullscreen=1&mini=0&pid=mapstr&primaryColor=FFC222&type=web,"Arrondissement: 9e
Food types: restaurant
Tags: Japanese, Restaurant
Google Maps: https://www.google.com/maps/search/?api=1&query=Peco%20Peco%2C%20Paris%2C%20France
Website: http://www.pecopeco.fr/
Booking: https://bookings.zenchef.com/results?rid=349322&fullscreen=1&mini=0&pid=mapstr&primaryColor=FFC222&type=web"
Pedzouille L'étable,"66 Rue du Faubourg Poissonnière, 75010 Paris, France",Paris,10e,,restaurant,,,,,48.87613,2.3485288,https://www.google.com/maps/search/?api=1&query=Pedzouille%20L'%C3%A9table%2C%20Paris%2C%20France,http://www.pedzouille.fr/,https://bookings.zenchef.com/results?rid=356311&fullscreen=1&mini=0&pid=mapstr&primaryColor=FFC222&type=web,"Arrondissement: 10e
Food types: restaurant
Tags: Frenchie, Restaurant, Meat
Google Maps: https://www.google.com/maps/search/?api=1&query=Pedzouille%20L'%C3%A9table%2C%20Paris%2C%20France
Website: http://www.pedzouille.fr/
Booking: https://bookings.zenchef.com/results?rid=356311&fullscreen=1&mini=0&pid=mapstr&primaryColor=FFC222&type=web"
Pierro par Pierre Gagnaire,"44 Rue du Bac, 75007 Paris, France",Paris,7e,,restaurant,,,4.4,263,48.8566934,2.3267091,https://maps.google.com/?cid=4430642939950905436&g_mp=CiVnb29nbGUubWFwcy5wbGFjZXMudjEuUGxhY2VzLkdldFBsYWNlEAIYBCAA,https://www.pierregagnaire.com/restaurants/piero-paris,https://thefork.fr/restaurant/piero-tt-r658801/?cc=24751-923,"Type: Restaurant
Arrondissement: 7e
Google: 4.4 (263 reviews)
Food types: restaurant
Tags: Italian, Restaurant
Google summary: Warm, upscale bistro with marble tables featuring northern Italian cuisine by an acclaimed chef.
Google Maps: https://maps.google.com/?cid=4430642939950905436&g_mp=CiVnb29nbGUubWFwcy5wbGFjZXMudjEuUGxhY2VzLkdldFBsYWNlEAIYBCAA
Website: https://www.pierregagnaire.com/restaurants/piero-paris
Booking: https://thefork.fr/restaurant/piero-tt-r658801/?cc=24751-923"
Pink Koï,"8 Rue Coquillière, 75001 Paris, France",Paris,1er,,restaurant,,,4.5,2212,48.86360168457031,2.343659639358521,https://maps.google.com/?cid=17657903252065710465&g_mp=CiVnb29nbGUubWFwcy5wbGFjZXMudjEuUGxhY2VzLkdldFBsYWNlEAIYBCAA,http://pinkkoi.fr/,https://thefork.fr/restaurant/pink-koi-r835089/?cc=24751-923,"Type: Japanese Restaurant
Arrondissement: 1er
Google: 4.5 (2,212 reviews)
Food types: restaurant
Tags: Restaurant, Japanese
Google Maps: https://maps.google.com/?cid=17657903252065710465&g_mp=CiVnb29nbGUubWFwcy5wbGFjZXMudjEuUGxhY2VzLkdldFBsYWNlEAIYBCAA
Website: http://pinkkoi.fr/
Booking: https://thefork.fr/restaurant/pink-koi-r835089/?cc=24751-923"
Poissonnerie EBISU,"30 34 Rue du Chemin Vert, 75011 Paris, France",Paris,11e,,shopping,,,4.5,246,48.85836159999999,2.3727833,https://maps.google.com/?cid=4553510804648077163&g_mp=CiVnb29nbGUubWFwcy5wbGFjZXMudjEuUGxhY2VzLkdldFBsYWNlEAIYBCAA,https://www.facebook.com/poissonnerie.ebisu.9?ref=bookmarks,,"Type: Food Store
Arrondissement: 11e
Google: 4.5 (246 reviews)
Food types: shopping
Tags: Japanese, Fish, Restaurant
Google Maps: https://maps.google.com/?cid=4553510804648077163&g_mp=CiVnb29nbGUubWFwcy5wbGFjZXMudjEuUGxhY2VzLkdldFBsYWNlEAIYBCAA
Website: https://www.facebook.com/poissonnerie.ebisu.9?ref=bookmarks"
Popine Ménilmontant,"108 Bd de Ménilmontant, 75020 Paris, France",Paris,20e,,restaurant,,€€,4.3,1642,48.8654385,2.3849919,https://maps.google.com/?cid=8916270957093783891&g_mp=CiVnb29nbGUubWFwcy5wbGFjZXMudjEuUGxhY2VzLkdldFBsYWNlEAIYBCAA,http://popine-paris.fr/,,"Type: Pizza Restaurant
Arrondissement: 20e
Price: €€
Google: 4.3 (1,642 reviews)
Food types: restaurant
Tags: Restaurant, Pizza, Italian
Google summary: Classic & creative Neapolitan pizzas, with vegetarian options, in a chic space with sidewalk tables.
Google Maps: https://maps.google.com/?cid=8916270957093783891&g_mp=CiVnb29nbGUubWFwcy5wbGFjZXMudjEuUGxhY2VzLkdldFBsYWNlEAIYBCAA
Website: http://popine-paris.fr/"
Pottoka,"4 Rue de l'Exposition, 75007 Paris, France",Paris,7e,,restaurant,,,,,48.8581265,2.302567799999999,https://www.google.com/maps/search/?api=1&query=Pottoka%2C%20Paris%2C%20France,http://www.pottoka.fr/,https://pottoka.fr/carte-pottoka/Menu-pottoka-fr.pdf,"Arrondissement: 7e
Food types: restaurant
Tags: Frenchie, Restaurant
Google Maps: https://www.google.com/maps/search/?api=1&query=Pottoka%2C%20Paris%2C%20France
Website: http://www.pottoka.fr/
Booking: https://pottoka.fr/carte-pottoka/Menu-pottoka-fr.pdf"
Pouliche - Amandine Chaignot,"11 Rue d'Enghien, 75010 Paris, France",Paris,10e,,restaurant,,€€€,4.6,2726,48.8719347,2.3513538,https://maps.google.com/?cid=14974205681606584309&g_mp=CiVnb29nbGUubWFwcy5wbGFjZXMudjEuUGxhY2VzLkdldFBsYWNlEAIYBCAA,https://poulicheparis.com/,https://bookings.zenchef.com/results?rid=353381&prescriber_id=20117&prescriber_name=MAPSTR&pid=mapstr,"Type: French Restaurant
Arrondissement: 10e
Price: €€€
Google: 4.6 (2,726 reviews)
Food types: restaurant
Tags: Restaurant, Healthy, Vegetarian
Google summary: A thoughtfully sourced fixed-price menu is served with cocktails & wine at this chic, artful bistro.
Google Maps: https://maps.google.com/?cid=14974205681606584309&g_mp=CiVnb29nbGUubWFwcy5wbGFjZXMudjEuUGxhY2VzLkdldFBsYWNlEAIYBCAA
Website: https://poulicheparis.com/
Booking: https://bookings.zenchef.com/results?rid=353381&prescriber_id=20117&prescriber_name=MAPSTR&pid=mapstr"
Quartier Latin - Restaurant Pizzeria,"1 Rue Mouffetard, Paris 75005",Paris,5e,,restaurant,,€€,4.8,1931,48.8421919,2.3497802,https://maps.google.com/?cid=615285628419235429&g_mp=CiVnb29nbGUubWFwcy5wbGFjZXMudjEuUGxhY2VzLkdldFBsYWNlEAIYBCAA,https://www.restaurant-quartierlatin.fr/,https://thefork.fr/restaurant/le-quartier-latin-r736047/?cc=24751-923,"Type: Pizza Restaurant
Arrondissement: 5e
Price: €€
Google: 4.8 (1,931 reviews)
Food types: restaurant
Tags: Pizza, Restaurant
Google Maps: https://maps.google.com/?cid=615285628419235429&g_mp=CiVnb29nbGUubWFwcy5wbGFjZXMudjEuUGxhY2VzLkdldFBsYWNlEAIYBCAA
Website: https://www.restaurant-quartierlatin.fr/
Booking: https://thefork.fr/restaurant/le-quartier-latin-r736047/?cc=24751-923"
REYNA,"41 Rue de Montreuil, 75011 Paris, France",Paris,11e,,restaurant,,,4.6,761,48.85049790000001,2.3879234,https://maps.google.com/?cid=674115589850623613&g_mp=CiVnb29nbGUubWFwcy5wbGFjZXMudjEuUGxhY2VzLkdldFBsYWNlEAIYBCAA,https://www.reyna.paris/,https://bookings.zenchef.com/results?rid=357947&fullscreen=1&mini=0&pid=mapstr&primaryColor=FFC222&type=web,"Type: Asian Fusion Restaurant
Arrondissement: 11e
Google: 4.6 (761 reviews)
Food types: restaurant
Tags: Restaurant, Korean
Google Maps: https://maps.google.com/?cid=674115589850623613&g_mp=CiVnb29nbGUubWFwcy5wbGFjZXMudjEuUGxhY2VzLkdldFBsYWNlEAIYBCAA
Website: https://www.reyna.paris/
Booking: https://bookings.zenchef.com/results?rid=357947&fullscreen=1&mini=0&pid=mapstr&primaryColor=FFC222&type=web"
Racines,"8 Passage des Panoramas, 75002 Paris, France",Paris,2e,,restaurant,,,,,48.87125160000001,2.3418543,https://www.google.com/maps/search/?api=1&query=Racines%2C%20Paris%2C%20France,http://www.racinesparis.com/,https://racines.superbexperience.com/reserve/experience,"Arrondissement: 2e
Food types: restaurant
Tags: Frenchie, Restaurant, ❤️, Trendy
Google Maps: https://www.google.com/maps/search/?api=1&query=Racines%2C%20Paris%2C%20France
Website: http://www.racinesparis.com/
Booking: https://racines.superbexperience.com/reserve/experience"
Racines Des Prés,"1 Rue de Gribeauval, 75007 Paris, France",Paris,7e,,restaurant,,€€,4.6,405,48.8561191,2.3270644,https://maps.google.com/?cid=12221058701971630718&g_mp=CiVnb29nbGUubWFwcy5wbGFjZXMudjEuUGxhY2VzLkdldFBsYWNlEAIYBCAA,http://www.racinesdespres.com/,https://bookings.zenchef.com/results?rid=353535&fullscreen=1&mini=0&pid=mapstr&primaryColor=FFC222&type=web,"Type: Restaurant
Arrondissement: 7e
Price: €€
Google: 4.6 (405 reviews)
Food types: restaurant
Tags: Restaurant, Bistrot
Google summary: Contemporary outfit with an open kitchen serving creatively presented seasonal cuisine.
Google Maps: https://maps.google.com/?cid=12221058701971630718&g_mp=CiVnb29nbGUubWFwcy5wbGFjZXMudjEuUGxhY2VzLkdldFBsYWNlEAIYBCAA
Website: http://www.racinesdespres.com/
Booking: https://bookings.zenchef.com/results?rid=353535&fullscreen=1&mini=0&pid=mapstr&primaryColor=FFC222&type=web"
Rap épicerie,"4 Rue Flechier, 75009 Paris, France",Paris,9e,,shopping,,,,,48.8765783,2.339409,https://www.google.com/maps/search/?api=1&query=Rap%20%C3%A9picerie%2C%20Paris%2C%20France,http://www.rapparis.fr/,,"Arrondissement: 9e
Food types: shopping
Tags: Italian
Google Maps: https://www.google.com/maps/search/?api=1&query=Rap%20%C3%A9picerie%2C%20Paris%2C%20France
Website: http://www.rapparis.fr/"
Red Sauce - Restaurant italo-américain,"9 Cour des Petites Écuries, 75010 Paris",Paris,10e,,restaurant,,,4.8,5434,48.8726255,2.3523166,https://maps.google.com/?cid=2810451158092003016&g_mp=CiVnb29nbGUubWFwcy5wbGFjZXMudjEuUGxhY2VzLkdldFBsYWNlEAIYBCAA,https://www.redsauce.fr/,https://bookings.zenchef.com/results?rid=376055&fullscreen=1&mini=0&pid=mapstr&primaryColor=FFC222&type=web,"Type: Italian Restaurant
Arrondissement: 10e
Google: 4.8 (5,434 reviews)
Food types: restaurant
Tags: ❤️, Restaurant
Google Maps: https://maps.google.com/?cid=2810451158092003016&g_mp=CiVnb29nbGUubWFwcy5wbGFjZXMudjEuUGxhY2VzLkdldFBsYWNlEAIYBCAA
Website: https://www.redsauce.fr/
Booking: https://bookings.zenchef.com/results?rid=376055&fullscreen=1&mini=0&pid=mapstr&primaryColor=FFC222&type=web"
Restaurant Au Passage,"1 bis Pass. Saint-Sébastien, 75011 Paris, France",Paris,11e,,restaurant,,,,,48.86164369999999,2.368923,https://www.google.com/maps/search/?api=1&query=Restaurant%20Au%20Passage%2C%20Paris%2C%20France,http://www.restaurant-aupassage.fr/,https://www.restaurant-aupassage.fr,"Arrondissement: 11e
Food types: restaurant
Tags: Restaurant
Google Maps: https://www.google.com/maps/search/?api=1&query=Restaurant%20Au%20Passage%2C%20Paris%2C%20France
Website: http://www.restaurant-aupassage.fr/
Booking: https://www.restaurant-aupassage.fr"
Restaurant Biche,"129 Rue du Faubourg Saint-Honoré, 75008 Paris, France",Paris,8e,,restaurant,,,4.6,2226,48.87335,2.30925,https://maps.google.com/?cid=7871108702379607073&g_mp=CiVnb29nbGUubWFwcy5wbGFjZXMudjEuUGxhY2VzLkdldFBsYWNlEAIYBCAA,https://www.biche-restaurant.com/,,"Type: French Restaurant
Arrondissement: 8e
Google: 4.6 (2,226 reviews)
Food types: restaurant
Tags: Restaurant
Google Maps: https://maps.google.com/?cid=7871108702379607073&g_mp=CiVnb29nbGUubWFwcy5wbGFjZXMudjEuUGxhY2VzLkdldFBsYWNlEAIYBCAA
Website: https://www.biche-restaurant.com/"
Restaurant Caillebotte,"8 Rue Hippolyte Lebas, 75009 Paris, France",Paris,9e,,restaurant,,,,,48.8771649,2.3407727,https://www.google.com/maps/search/?api=1&query=Restaurant%20Caillebotte%2C%20Paris%2C%20France,http://www.lepantruche.fr/,https://bookings.zenchef.com/results?rid=348234&fullscreen=1&mini=0&pid=mapstr&primaryColor=FFC222&type=web,"Arrondissement: 9e
Food types: restaurant
Tags: Healthy
Google Maps: https://www.google.com/maps/search/?api=1&query=Restaurant%20Caillebotte%2C%20Paris%2C%20France
Website: http://www.lepantruche.fr/
Booking: https://bookings.zenchef.com/results?rid=348234&fullscreen=1&mini=0&pid=mapstr&primaryColor=FFC222&type=web"
Restaurant Kunitoraya,"1 Rue Villédo, 75001 Paris, France",Paris,1er,,restaurant,,€€,4.3,1944,48.8659519,2.3368488,https://maps.google.com/?cid=496113187826144693&g_mp=CiVnb29nbGUubWFwcy5wbGFjZXMudjEuUGxhY2VzLkdldFBsYWNlEAIYBCAA,https://kunitoraya.com,https://thefork.fr/restaurant/charbon-kunitoraya-r354287/?cc=24751-923,"Type: Japanese Restaurant
Arrondissement: 1er
Price: €€
Google: 4.3 (1,944 reviews)
Food types: restaurant
Tags: Japanese, Restaurant, Trendy
Google summary: Udon noodle bowls, tempura & sake in a hip restaurant with brick walls & street-facing counters.
Google Maps: https://maps.google.com/?cid=496113187826144693&g_mp=CiVnb29nbGUubWFwcy5wbGFjZXMudjEuUGxhY2VzLkdldFBsYWNlEAIYBCAA
Website: https://kunitoraya.com
Booking: https://thefork.fr/restaurant/charbon-kunitoraya-r354287/?cc=24751-923"
Restaurant Montcalm,"21 Rue Montcalm, 75018 Paris, France",Paris,18e,,restaurant,,,,,48.89282780000001,2.3370904,https://www.google.com/maps/search/?api=1&query=Restaurant%20Montcalm%2C%20Paris%2C%20France,,https://bookings.zenchef.com/results?rid=379504&fullscreen=1&mini=0&pid=mapstr&primaryColor=FFC222&type=web,"Arrondissement: 18e
Food types: restaurant
Tags: Frenchie, Restaurant
Google Maps: https://www.google.com/maps/search/?api=1&query=Restaurant%20Montcalm%2C%20Paris%2C%20France
Booking: https://bookings.zenchef.com/results?rid=379504&fullscreen=1&mini=0&pid=mapstr&primaryColor=FFC222&type=web"
Restaurant Pages,"4 Rue Auguste Vacquerie, 75116 Paris, France",Paris,16e,,restaurant,,,,,48.8709266,2.2961591,https://www.google.com/maps/search/?api=1&query=Restaurant%20Pages%2C%20Paris%2C%20France,http://www.116pages.fr/,https://thefork.fr/restaurant/pages-r65716/?cc=24751-923,"Arrondissement: 16e
Food types: restaurant
Tags: Frenchie, Japanese, Restaurant
Google Maps: https://www.google.com/maps/search/?api=1&query=Restaurant%20Pages%2C%20Paris%2C%20France
Website: http://www.116pages.fr/
Booking: https://thefork.fr/restaurant/pages-r65716/?cc=24751-923"
Restaurant Panurge,"24 Rue du Sentier, 75002 Paris, France",Paris,2e,,restaurant,,,4.8,175,48.8696774,2.3463159,https://maps.google.com/?cid=69062231218686658&g_mp=CiVnb29nbGUubWFwcy5wbGFjZXMudjEuUGxhY2VzLkdldFBsYWNlEAIYBCAA,https://www.restaurant-panurge.com/,https://thefork.fr/restaurant/panurge-r854149/?cc=24751-923,"Type: French Restaurant
Arrondissement: 2e
Google: 4.8 (175 reviews)
Food types: restaurant
Tags: Frenchie
Google Maps: https://maps.google.com/?cid=69062231218686658&g_mp=CiVnb29nbGUubWFwcy5wbGFjZXMudjEuUGxhY2VzLkdldFBsYWNlEAIYBCAA
Website: https://www.restaurant-panurge.com/
Booking: https://thefork.fr/restaurant/panurge-r854149/?cc=24751-923"
Restaurant Waknine Et Associes,"9 Avenue Pierre 1er de Serbie, 75116 Paris, France",Paris,16e,,restaurant,,,4.3,369,48.8655972,2.2953563,https://maps.google.com/?cid=8944917317209384110&g_mp=CiVnb29nbGUubWFwcy5wbGFjZXMudjEuUGxhY2VzLkdldFBsYWNlEAIYBCAA,http://www.waknine.fr/,https://bookings.zenchef.com/results?rid=379309&fullscreen=1&mini=0&pid=mapstr&primaryColor=FFC222&type=web,"Type: Restaurant
Arrondissement: 16e
Google: 4.3 (369 reviews)
Food types: restaurant
Tags: Bistrot
Google summary: Refined French cuisine with a global spin, plus aperitifs, in an elegant space or on a terrace.
Google Maps: https://maps.google.com/?cid=8944917317209384110&g_mp=CiVnb29nbGUubWFwcy5wbGFjZXMudjEuUGxhY2VzLkdldFBsYWNlEAIYBCAA
Website: http://www.waknine.fr/
Booking: https://bookings.zenchef.com/results?rid=379309&fullscreen=1&mini=0&pid=mapstr&primaryColor=FFC222&type=web"
Restaurant eels,"27 Rue d'Hauteville, 75010 Paris, France",Paris,10e,,restaurant,,,,,48.8732428,2.350105,https://www.google.com/maps/search/?api=1&query=Restaurant%20eels%2C%20Paris%2C%20France,http://restaurant-eels.com/,https://bookings.zenchef.com/results?rid=352413&fullscreen=1&mini=0&pid=mapstr&primaryColor=FFC222&type=web,"Arrondissement: 10e
Food types: restaurant
Tags: Fish, Restaurant, Trendy, Healthy
Google Maps: https://www.google.com/maps/search/?api=1&query=Restaurant%20eels%2C%20Paris%2C%20France
Website: http://restaurant-eels.com/
Booking: https://bookings.zenchef.com/results?rid=352413&fullscreen=1&mini=0&pid=mapstr&primaryColor=FFC222&type=web"
Robert et Louise,"64 Rue Vieille du Temple, 75003 Paris, France",Paris,3e,,restaurant,,€€,4.5,3345,48.8590787,2.3594352,https://maps.google.com/?cid=13476296587106863437&g_mp=CiVnb29nbGUubWFwcy5wbGFjZXMudjEuUGxhY2VzLkdldFBsYWNlEAIYBCAA,http://robertetlouise.com/,https://bookings.zenchef.com/results?rid=352419&fullscreen=1&mini=0&pid=mapstr&primaryColor=FFC222&type=web,"Type: French Restaurant
Arrondissement: 3e
Price: €€
Google: 4.5 (3,345 reviews)
Food types: restaurant
Tags: Bistrot, Restaurant
Google summary: Steak, duck confit & a long wine list in a relaxed venue with wood beams & stone walls.
Google Maps: https://maps.google.com/?cid=13476296587106863437&g_mp=CiVnb29nbGUubWFwcy5wbGFjZXMudjEuUGxhY2VzLkdldFBsYWNlEAIYBCAA
Website: http://robertetlouise.com/
Booking: https://bookings.zenchef.com/results?rid=352419&fullscreen=1&mini=0&pid=mapstr&primaryColor=FFC222&type=web"
Rose Bakery,"46 Rue des Martyrs, 75009 Paris, France",Paris,9e,,restaurant,,€€,3.5,593,48.879395,2.340135999999999,https://maps.google.com/?cid=2529575165444459920&g_mp=CiVnb29nbGUubWFwcy5wbGFjZXMudjEuUGxhY2VzLkdldFBsYWNlEAIYBCAA,http://www.rosebakery.fr/,,"Type: Takeout Restaurant
Arrondissement: 9e
Price: €€
Google: 3.5 (593 reviews)
Food types: restaurant
Tags: Healthy
Google Maps: https://maps.google.com/?cid=2529575165444459920&g_mp=CiVnb29nbGUubWFwcy5wbGFjZXMudjEuUGxhY2VzLkdldFBsYWNlEAIYBCAA
Website: http://www.rosebakery.fr/"
Rôtisserie Segar,"111 Rue Mouffetard, 75005 Paris, France",Paris,5e,,restaurant,,,4.7,237,48.8421919,2.3497802,https://maps.google.com/?cid=7808385425937624284&g_mp=CiVnb29nbGUubWFwcy5wbGFjZXMudjEuUGxhY2VzLkdldFBsYWNlEAIYBCAA,https://www.instagram.com/rotisserie_segar/,,"Type: Restaurant
Arrondissement: 5e
Google: 4.7 (237 reviews)
Food types: restaurant
Tags: Street food
Google Maps: https://maps.google.com/?cid=7808385425937624284&g_mp=CiVnb29nbGUubWFwcy5wbGFjZXMudjEuUGxhY2VzLkdldFBsYWNlEAIYBCAA
Website: https://www.instagram.com/rotisserie_segar/"
SUGO pasta fresca - Saint-Augustin,"16 Rue Saint-Augustin, Paris 75002",Paris,2e,,restaurant,,,4.8,2351,48.8690001,2.3361959,https://maps.google.com/?cid=8360599334616956990&g_mp=CiVnb29nbGUubWFwcy5wbGFjZXMudjEuUGxhY2VzLkdldFBsYWNlEAIYBCAA,http://www.sugoparis.com/,https://sugo.commandes.io,"Type: Italian Restaurant
Arrondissement: 2e
Google: 4.8 (2,351 reviews)
Food types: restaurant
Tags: Italian, Restaurant
Google Maps: https://maps.google.com/?cid=8360599334616956990&g_mp=CiVnb29nbGUubWFwcy5wbGFjZXMudjEuUGxhY2VzLkdldFBsYWNlEAIYBCAA
Website: http://www.sugoparis.com/
Booking: https://sugo.commandes.io"
Salatim,"15 Rue des Jeuneurs, 75002 Paris, France",Paris,2e,,restaurant,,,,,48.8690915,2.3459585,https://www.google.com/maps/search/?api=1&query=Salatim%2C%20Paris%2C%20France,https://www.facebook.com/SalatimParis,,"Arrondissement: 2e
Food types: restaurant
Tags: Restaurant, Israeli, Trendy
Google Maps: https://www.google.com/maps/search/?api=1&query=Salatim%2C%20Paris%2C%20France
Website: https://www.facebook.com/SalatimParis"
Sambuja - Restaurant Coréen 삼부자 식당,"65 Rue du Faubourg Montmartre, 75009 Paris, France",Paris,9e,,restaurant,,€€,4.4,973,48.8764844,2.3395935,https://maps.google.com/?cid=6391778995618866846&g_mp=CiVnb29nbGUubWFwcy5wbGFjZXMudjEuUGxhY2VzLkdldFBsYWNlEAIYBCAA,http://restaurant-coreen-sambuja.fr/,,"Type: Korean Restaurant
Arrondissement: 9e
Price: €€
Google: 4.4 (973 reviews)
Food types: restaurant
Tags: Korean, Restaurant
Google Maps: https://maps.google.com/?cid=6391778995618866846&g_mp=CiVnb29nbGUubWFwcy5wbGFjZXMudjEuUGxhY2VzLkdldFBsYWNlEAIYBCAA
Website: http://restaurant-coreen-sambuja.fr/"
Sanjo,"29 Rue d'Argenteuil, 75001 Paris, France",Paris,1er,,restaurant,,€€,4.6,915,48.8663375,2.3331631,https://maps.google.com/?cid=9131286355051484620&g_mp=CiVnb29nbGUubWFwcy5wbGFjZXMudjEuUGxhY2VzLkdldFBsYWNlEAIYBCAA,http://sanjo.fr,,"Type: Restaurant
Arrondissement: 1er
Price: €€
Google: 4.6 (915 reviews)
Food types: restaurant
Tags: Japanese
Google summary: Ramen & other traditional Japanese bites offered in a simple space with chic decor.
Google Maps: https://maps.google.com/?cid=9131286355051484620&g_mp=CiVnb29nbGUubWFwcy5wbGFjZXMudjEuUGxhY2VzLkdldFBsYWNlEAIYBCAA
Website: http://sanjo.fr"
Sankaku,"47 Rue Condorcet, 75009 Paris, France",Paris,9e,,restaurant,,,4.8,118,48.8801494,2.343331,https://maps.google.com/?cid=1210894981519400377&g_mp=CiVnb29nbGUubWFwcy5wbGFjZXMudjEuUGxhY2VzLkdldFBsYWNlEAIYBCAA,,,"Type: Restaurant
Arrondissement: 9e
Google: 4.8 (118 reviews)
Food types: restaurant
Tags: Japanese
Google Maps: https://maps.google.com/?cid=1210894981519400377&g_mp=CiVnb29nbGUubWFwcy5wbGFjZXMudjEuUGxhY2VzLkdldFBsYWNlEAIYBCAA"
Santa Silvia,"22 Villa Riberolle, 75020 Paris, France",Paris,20e,,restaurant,,,4,80,48.8580725,2.3969941,https://maps.google.com/?cid=182707591855884046&g_mp=CiVnb29nbGUubWFwcy5wbGFjZXMudjEuUGxhY2VzLkdldFBsYWNlEAIYBCAA,https://www.santasilviaparis.fr/,,"Type: Italian Restaurant
Arrondissement: 20e
Google: 4.0 (80 reviews)
Food types: restaurant
Tags: Restaurant, Italian, ❤️
Google Maps: https://maps.google.com/?cid=182707591855884046&g_mp=CiVnb29nbGUubWFwcy5wbGFjZXMudjEuUGxhY2VzLkdldFBsYWNlEAIYBCAA
Website: https://www.santasilviaparis.fr/"
Sardegna a Tavola,"1 rue de cotte, Paris 75012",Paris,12e,,restaurant,,,,,48.8482861,2.3767567,https://www.google.com/maps/search/?api=1&query=Sardegna%20a%20Tavola%2C%20Paris%2C%20France,http://www.sardegna.paris/,,"Arrondissement: 12e
Food types: restaurant
Tags: Restaurant, Italian
Google Maps: https://www.google.com/maps/search/?api=1&query=Sardegna%20a%20Tavola%2C%20Paris%2C%20France
Website: http://www.sardegna.paris/"
Sauvage,"55 Rue du Cherche-Midi, 75006 Paris, France",Paris,6e,,restaurant,,€€,4.1,399,48.8486142,2.3250676,https://maps.google.com/?cid=305496300968525004&g_mp=CiVnb29nbGUubWFwcy5wbGFjZXMudjEuUGxhY2VzLkdldFBsYWNlEAIYBCAA,https://www.facebook.com/cave.sauvage,https://bookings.zenchef.com/results?rid=362546&fullscreen=1&mini=0&pid=mapstr&primaryColor=FFC222&type=web,"Type: Restaurant
Arrondissement: 6e
Price: €€
Google: 4.1 (399 reviews)
Food types: restaurant
Tags: Restaurant
Google Maps: https://maps.google.com/?cid=305496300968525004&g_mp=CiVnb29nbGUubWFwcy5wbGFjZXMudjEuUGxhY2VzLkdldFBsYWNlEAIYBCAA
Website: https://www.facebook.com/cave.sauvage
Booking: https://bookings.zenchef.com/results?rid=362546&fullscreen=1&mini=0&pid=mapstr&primaryColor=FFC222&type=web"
Scaria,"88 Ave Parmentier, 75011 Paris, France",Paris,11e,,restaurant,,,,,48.86485019999999,2.375032,https://www.google.com/maps/search/?api=1&query=Scaria%2C%20Paris%2C%20France,http://www.scaria.paris/,https://thefork.fr/restaurant/scaria-r457731/?cc=24751-923,"Arrondissement: 11e
Food types: restaurant
Tags: Restaurant, Healthy
Google Maps: https://www.google.com/maps/search/?api=1&query=Scaria%2C%20Paris%2C%20France
Website: http://www.scaria.paris/
Booking: https://thefork.fr/restaurant/scaria-r457731/?cc=24751-923"
Season Marais,"1 Rue Charles-François Dupuis, 75003 Paris, France",Paris,3e,,restaurant,,,,,48.8651393,2.3626373,https://www.google.com/maps/search/?api=1&query=Season%20Marais%2C%20Paris%2C%20France,http://www.season-paris.com/,https://www.season-paris.com/wp-content/uploads/2020/10/MENU_AUTOMN_A1_20201012-copie-scaled.jpg,"Arrondissement: 3e
Food types: restaurant
Tags: Vegetarian
Google Maps: https://www.google.com/maps/search/?api=1&query=Season%20Marais%2C%20Paris%2C%20France
Website: http://www.season-paris.com/
Booking: https://www.season-paris.com/wp-content/uploads/2020/10/MENU_AUTOMN_A1_20201012-copie-scaled.jpg"
Semilla,"Rue de Seine, Paris, France",Paris,,,restaurant,,€€€,4.5,948,48.8540662,2.336884699999999,https://maps.google.com/?cid=17909131433648070151&g_mp=CiVnb29nbGUubWFwcy5wbGFjZXMudjEuUGxhY2VzLkdldFBsYWNlEAIYBCAA,http://www.semillaparis.com/,https://bookings.zenchef.com/results?rid=353221&fullscreen=1&mini=0&pid=mapstr&primaryColor=FFC222&type=web,"Type: French Restaurant
Price: €€€
Google: 4.5 (948 reviews)
Food types: restaurant
Tags: Frenchie, Restaurant
Google summary: Contemporary, intricate French cuisine with Mediterranean accents amid exposed ducts & brickwork.
Google Maps: https://maps.google.com/?cid=17909131433648070151&g_mp=CiVnb29nbGUubWFwcy5wbGFjZXMudjEuUGxhY2VzLkdldFBsYWNlEAIYBCAA
Website: http://www.semillaparis.com/
Booking: https://bookings.zenchef.com/results?rid=353221&fullscreen=1&mini=0&pid=mapstr&primaryColor=FFC222&type=web"
Sette Pizza - Paris,"38 Rue du Faubourg Saint-Denis, 75010 Paris, France",Paris,10e,,restaurant,,€,4.3,1541,48.87124,2.3535652,https://maps.google.com/?cid=12388972741114458453&g_mp=CiVnb29nbGUubWFwcy5wbGFjZXMudjEuUGxhY2VzLkdldFBsYWNlEAIYBCAA,http://www.settepizza.fr/,,"Type: Pizza Restaurant
Arrondissement: 10e
Price: €
Google: 4.3 (1,541 reviews)
Food types: restaurant
Tags: Restaurant, Italian
Google summary: Classic pizzas, beer & house music in a narrow space with industrial accents & a tiled floor.
Google Maps: https://maps.google.com/?cid=12388972741114458453&g_mp=CiVnb29nbGUubWFwcy5wbGFjZXMudjEuUGxhY2VzLkdldFBsYWNlEAIYBCAA
Website: http://www.settepizza.fr/"
Shabour,19 Rue Saint-Sauveur 75002 Paris France,Paris,2e,,restaurant,,€€€€,4.7,877,48.8659209,2.3490562,https://maps.google.com/?cid=2936086189634435574&g_mp=CiVnb29nbGUubWFwcy5wbGFjZXMudjEuUGxhY2VzLkdldFBsYWNlEAIYBCAA,https://www.restaurantshabour.com/,https://bookings.zenchef.com/results?rid=353204&fullscreen=1&mini=0&pid=mapstr&primaryColor=FFC222&type=web,"Type: Fine Dining Restaurant
Arrondissement: 2e
Price: €€€€
Google: 4.7 (877 reviews)
Food types: restaurant
Tags: Restaurant, Israeli
Google summary: Imaginative Jerusalem-inspired tasting menu & wines served in a cozy, industrial restaurant.
Google Maps: https://maps.google.com/?cid=2936086189634435574&g_mp=CiVnb29nbGUubWFwcy5wbGFjZXMudjEuUGxhY2VzLkdldFBsYWNlEAIYBCAA
Website: https://www.restaurantshabour.com/
Booking: https://bookings.zenchef.com/results?rid=353204&fullscreen=1&mini=0&pid=mapstr&primaryColor=FFC222&type=web"
Sharma Ji,"Rue Frémicourt, Paris, France",Paris,,,restaurant,,,4.7,977,48.847335,2.298316599999999,https://maps.google.com/?cid=17879934038872986128&g_mp=CiVnb29nbGUubWFwcy5wbGFjZXMudjEuUGxhY2VzLkdldFBsYWNlEAIYBCAA,https://www.sharmaji.fr/,,"Type: Indian Restaurant
Google: 4.7 (977 reviews)
Food types: restaurant
Tags: Indian
Google Maps: https://maps.google.com/?cid=17879934038872986128&g_mp=CiVnb29nbGUubWFwcy5wbGFjZXMudjEuUGxhY2VzLkdldFBsYWNlEAIYBCAA
Website: https://www.sharmaji.fr/"
Shinjuku Pigalle,"52 Rue Condorcet, 75009 Paris, France",Paris,9e,,restaurant,,,4.1,348,48.88030209999999,2.3431856,https://maps.google.com/?cid=224924948559814770&g_mp=CiVnb29nbGUubWFwcy5wbGFjZXMudjEuUGxhY2VzLkdldFBsYWNlEAIYBCAA,https://www.shinjukupigalle.com/,,"Type: Japanese Restaurant
Arrondissement: 9e
Google: 4.1 (348 reviews)
Food types: restaurant
Tags: Dancing
Google Maps: https://maps.google.com/?cid=224924948559814770&g_mp=CiVnb29nbGUubWFwcy5wbGFjZXMudjEuUGxhY2VzLkdldFBsYWNlEAIYBCAA
Website: https://www.shinjukupigalle.com/"
Shuzo Tropical Izakaya,"44 Rue Saint-Sébastien, 75011 Paris, France",Paris,11e,,restaurant,,,4.9,158,48.8616112,2.3712352,https://maps.google.com/?cid=8956789325080743254&g_mp=CiVnb29nbGUubWFwcy5wbGFjZXMudjEuUGxhY2VzLkdldFBsYWNlEAIYBCAA,https://shuzo.fr/,http://www.opentable.fr/r/shuzo-paris?ref=17374,"Type: Restaurant
Arrondissement: 11e
Google: 4.9 (158 reviews)
Food types: restaurant
Tags: Restaurant, Trendy
Google Maps: https://maps.google.com/?cid=8956789325080743254&g_mp=CiVnb29nbGUubWFwcy5wbGFjZXMudjEuUGxhY2VzLkdldFBsYWNlEAIYBCAA
Website: https://shuzo.fr/
Booking: http://www.opentable.fr/r/shuzo-paris?ref=17374"
Siseng,"82 Quai de Jemmapes, 75010 Paris, France",Paris,10e,,restaurant,,€€,4.6,1836,48.8722523,2.3651571,https://maps.google.com/?cid=3368764678536502395&g_mp=CiVnb29nbGUubWFwcy5wbGFjZXMudjEuUGxhY2VzLkdldFBsYWNlEAIYBCAA,http://www.siseng.paris/,https://bookings.zenchef.com/results?rid=366404&fullscreen=1&mini=0&pid=mapstr&primaryColor=FFC222&type=web,"Type: Asian Restaurant
Arrondissement: 10e
Price: €€
Google: 4.6 (1,836 reviews)
Food types: restaurant
Tags: Asian, Restaurant
Google summary: A mixture of finger food & classic dishes inspired by family history in a South Asian restaurant.
Google Maps: https://maps.google.com/?cid=3368764678536502395&g_mp=CiVnb29nbGUubWFwcy5wbGFjZXMudjEuUGxhY2VzLkdldFBsYWNlEAIYBCAA
Website: http://www.siseng.paris/
Booking: https://bookings.zenchef.com/results?rid=366404&fullscreen=1&mini=0&pid=mapstr&primaryColor=FFC222&type=web"
So Nat,"5 Rue Bourdaloue, 75009 Paris, France",Paris,9e,,restaurant,,,,,48.8764112,2.3385346,https://www.google.com/maps/search/?api=1&query=So%20Nat%2C%20Paris%2C%20France,https://www.instagram.com/sonatparis,,"Arrondissement: 9e
Food types: restaurant
Tags: Healthy
Google Maps: https://www.google.com/maps/search/?api=1&query=So%20Nat%2C%20Paris%2C%20France
Website: https://www.instagram.com/sonatparis"
Soces,"32 Rue de la Villette, 75019 Paris, France",Paris,19e,,restaurant,,,4.6,1014,48.8771092,2.3878777,https://maps.google.com/?cid=9987851658831927979&g_mp=CiVnb29nbGUubWFwcy5wbGFjZXMudjEuUGxhY2VzLkdldFBsYWNlEAIYBCAA,http://soces.fr/,https://bookings.zenchef.com/results?rid=356395&fullscreen=1&mini=0&pid=mapstr&primaryColor=FFC222&type=web,"Type: Seafood Restaurant
Arrondissement: 19e
Google: 4.6 (1,014 reviews)
Food types: restaurant
Tags: Restaurant, Seafood
Google Maps: https://maps.google.com/?cid=9987851658831927979&g_mp=CiVnb29nbGUubWFwcy5wbGFjZXMudjEuUGxhY2VzLkdldFBsYWNlEAIYBCAA
Website: http://soces.fr/
Booking: https://bookings.zenchef.com/results?rid=356395&fullscreen=1&mini=0&pid=mapstr&primaryColor=FFC222&type=web"
Sola,"12 Rue de l'Hôtel Colbert, 75005 Paris, France",Paris,5e,,restaurant,,,4.7,866,48.8515846,2.3483035,https://maps.google.com/?cid=17893814821362708005&g_mp=CiVnb29nbGUubWFwcy5wbGFjZXMudjEuUGxhY2VzLkdldFBsYWNlEAIYBCAA,http://www.restaurant-sola.com/,https://bookings.zenchef.com/results?rid=369580&fullscreen=1&mini=0&pid=mapstr&primaryColor=FFC222&type=web,"Type: French Restaurant
Arrondissement: 5e
Google: 4.7 (866 reviews)
Food types: restaurant
Tags: Japanese, Restaurant
Google summary: Refined, creative Japanese food with French influences, served in a stone cellar & elegant room.
Google Maps: https://maps.google.com/?cid=17893814821362708005&g_mp=CiVnb29nbGUubWFwcy5wbGFjZXMudjEuUGxhY2VzLkdldFBsYWNlEAIYBCAA
Website: http://www.restaurant-sola.com/
Booking: https://bookings.zenchef.com/results?rid=369580&fullscreen=1&mini=0&pid=mapstr&primaryColor=FFC222&type=web"
Soma,"13 Rue de Saintonge, 75003 Paris, France",Paris,3e,,restaurant,,,,,48.8615094,2.3620671,https://www.google.com/maps/search/?api=1&query=Soma%2C%20Paris%2C%20France,http://restaurants-soma.fr/,https://bookings.zenchef.com/results?rid=353683&fullscreen=1&mini=0&pid=mapstr&primaryColor=FFC222&type=web,"Arrondissement: 3e
Food types: restaurant
Tags: Japanese, Restaurant
Google Maps: https://www.google.com/maps/search/?api=1&query=Soma%2C%20Paris%2C%20France
Website: http://restaurants-soma.fr/
Booking: https://bookings.zenchef.com/results?rid=353683&fullscreen=1&mini=0&pid=mapstr&primaryColor=FFC222&type=web"
Source,"17 Rue Grégoire de Tours, Paris 75006",Paris,6e,,restaurant,,€€,4.2,1937,48.853009,2.3379268,https://maps.google.com/?cid=345689054557147137&g_mp=CiVnb29nbGUubWFwcy5wbGFjZXMudjEuUGxhY2VzLkdldFBsYWNlEAIYBCAA,https://www.sourcerestaurant.fr,https://thefork.fr/restaurant/l-ouzeri-r836163/?cc=24751-923,"Type: French Restaurant
Arrondissement: 6e
Price: €€
Google: 4.2 (1,937 reviews)
Food types: restaurant
Tags: Restaurant
Google Maps: https://maps.google.com/?cid=345689054557147137&g_mp=CiVnb29nbGUubWFwcy5wbGFjZXMudjEuUGxhY2VzLkdldFBsYWNlEAIYBCAA
Website: https://www.sourcerestaurant.fr
Booking: https://thefork.fr/restaurant/l-ouzeri-r836163/?cc=24751-923"
Spiti Sou,"53 Quai des Grands Augustins, 75006 Paris, France",Paris,6e,,restaurant,,,4.8,314,48.8548425,2.3421691,https://maps.google.com/?cid=2144624107429196850&g_mp=CiVnb29nbGUubWFwcy5wbGFjZXMudjEuUGxhY2VzLkdldFBsYWNlEAIYBCAA,https://www.spitisou.fr/,https://bookings.zenchef.com/results?rid=361666&fullscreen=1&mini=0&pid=mapstr&primaryColor=FFC222&type=web,"Type: Restaurant
Arrondissement: 6e
Google: 4.8 (314 reviews)
Food types: restaurant
Tags: Greek, Restaurant
Google Maps: https://maps.google.com/?cid=2144624107429196850&g_mp=CiVnb29nbGUubWFwcy5wbGFjZXMudjEuUGxhY2VzLkdldFBsYWNlEAIYBCAA
Website: https://www.spitisou.fr/
Booking: https://bookings.zenchef.com/results?rid=361666&fullscreen=1&mini=0&pid=mapstr&primaryColor=FFC222&type=web"
Spécimen Burger,"3 Rue Guisarde, 75006 Paris, France",Paris,6e,,restaurant,,,4.7,1002,48.85181045532227,2.334991693496704,https://maps.google.com/?cid=16799443629312348297&g_mp=CiVnb29nbGUubWFwcy5wbGFjZXMudjEuUGxhY2VzLkdldFBsYWNlEAIYBCAA,https://specimenburger.com/,,"Type: Hamburger Restaurant
Arrondissement: 6e
Google: 4.7 (1,002 reviews)
Food types: restaurant
Tags: Street food, Burger
Google Maps: https://maps.google.com/?cid=16799443629312348297&g_mp=CiVnb29nbGUubWFwcy5wbGFjZXMudjEuUGxhY2VzLkdldFBsYWNlEAIYBCAA
Website: https://specimenburger.com/"
Sürpriz - Berliner Kebab,"110 Rue Oberkampf, Paris 75011",Paris,11e,,restaurant,,€,4.7,2192,48.865999,2.379091,https://maps.google.com/?cid=2336480230392647473&g_mp=CiVnb29nbGUubWFwcy5wbGFjZXMudjEuUGxhY2VzLkdldFBsYWNlEAIYBCAA,http://www.surpriz.paris/,https://deliveroo.fr/fr/menu/paris/11eme-belleville/surpriz-berliner-kebab/,"Type: Turkish Restaurant
Arrondissement: 11e
Price: €
Google: 4.7 (2,192 reviews)
Food types: restaurant
Tags: Street food
Google summary: Busy eatery serving up Berlin-style doner chicken kebabs in a snug, straightforward dining space.
Google Maps: https://maps.google.com/?cid=2336480230392647473&g_mp=CiVnb29nbGUubWFwcy5wbGFjZXMudjEuUGxhY2VzLkdldFBsYWNlEAIYBCAA
Website: http://www.surpriz.paris/
Booking: https://deliveroo.fr/fr/menu/paris/11eme-belleville/surpriz-berliner-kebab/"
TOWA Restaurant,"75 Rue Crozatier, 75012 Paris, France",Paris,12e,,restaurant,,,,,48.8495524,2.3792161,https://www.google.com/maps/search/?api=1&query=TOWA%20Restaurant%2C%20Paris%2C%20France,https://www.towarestaurantparis.fr/,https://thefork.fr/restaurant/towa-r397351/?cc=24751-923,"Arrondissement: 12e
Food types: restaurant
Tags: Restaurant, Trendy
Google Maps: https://www.google.com/maps/search/?api=1&query=TOWA%20Restaurant%2C%20Paris%2C%20France
Website: https://www.towarestaurantparis.fr/
Booking: https://thefork.fr/restaurant/towa-r397351/?cc=24751-923"
TYCOZ - CRÊPERIE & OYSTER BAR,"4 Rue du Parc Royal, 75003 Paris, France",Paris,3e,,restaurant,,,4.8,285,48.8585,2.3634241,https://maps.google.com/?cid=11019267368512292636&g_mp=CiVnb29nbGUubWFwcy5wbGFjZXMudjEuUGxhY2VzLkdldFBsYWNlEAIYBCAA,https://www.tycoz-paris.fr/,https://thefork.fr/restaurant/tycoz-creperie-oyster-bar-r844911/?cc=24751-923,"Type: Dessert Shop
Arrondissement: 3e
Google: 4.8 (285 reviews)
Food types: restaurant
Tags: Creps
Google Maps: https://maps.google.com/?cid=11019267368512292636&g_mp=CiVnb29nbGUubWFwcy5wbGFjZXMudjEuUGxhY2VzLkdldFBsYWNlEAIYBCAA
Website: https://www.tycoz-paris.fr/
Booking: https://thefork.fr/restaurant/tycoz-creperie-oyster-bar-r844911/?cc=24751-923"
Table,"3 Rue de Prague, 75012 Paris, France",Paris,12e,,restaurant,,,,,48.8488052,2.3758489,https://www.google.com/maps/search/?api=1&query=Table%2C%20Paris%2C%20France,https://www.table.paris/,https://bookings.zenchef.com/results?rid=352138&fullscreen=1&mini=0&pid=mapstr&primaryColor=FFC222&type=web,"Arrondissement: 12e
Food types: restaurant
Tags: Restaurant
Google Maps: https://www.google.com/maps/search/?api=1&query=Table%2C%20Paris%2C%20France
Website: https://www.table.paris/
Booking: https://bookings.zenchef.com/results?rid=352138&fullscreen=1&mini=0&pid=mapstr&primaryColor=FFC222&type=web"
Table Penja,"2 Rue Sedillot, 75007 Paris, France",Paris,7e,,restaurant,,,4.9,153,48.8592041,2.3014614,https://maps.google.com/?cid=1508556089686244812&g_mp=CiVnb29nbGUubWFwcy5wbGFjZXMudjEuUGxhY2VzLkdldFBsYWNlEAIYBCAA,http://www.tablepenja.paris/,https://thefork.fr/restaurant/table-penja-r839652/?cc=24751-923,"Type: Restaurant
Arrondissement: 7e
Google: 4.9 (153 reviews)
Food types: restaurant
Tags: Restaurant, Frenchie, African
Google Maps: https://maps.google.com/?cid=1508556089686244812&g_mp=CiVnb29nbGUubWFwcy5wbGFjZXMudjEuUGxhY2VzLkdldFBsYWNlEAIYBCAA
Website: http://www.tablepenja.paris/
Booking: https://thefork.fr/restaurant/table-penja-r839652/?cc=24751-923"
Tai-yien Sarl,"5 Rue de Belleville, 75019 Paris, France",Paris,19e,,restaurant,,,,,48.8724707,2.377706,https://www.google.com/maps/search/?api=1&query=Tai-yien%20Sarl%2C%20Paris%2C%20France,http://tai-yien.placestars.com,,"Arrondissement: 19e
Food types: restaurant
Tags: Asian, Restaurant, Chinese
Google Maps: https://www.google.com/maps/search/?api=1&query=Tai-yien%20Sarl%2C%20Paris%2C%20France
Website: http://tai-yien.placestars.com"
Takara,"14 Rue Molière, 75001 Paris, France",Paris,1er,,restaurant,,,,,48.86497569999999,2.3359041,https://www.google.com/maps/search/?api=1&query=Takara%2C%20Paris%2C%20France,https://www.takara-paris.com/,https://bookings.zenchef.com/results?rid=360892&fullscreen=1&mini=0&pid=mapstr&primaryColor=FFC222&type=web,"Arrondissement: 1er
Food types: restaurant
Tags: Japanese, Simon Says, Restaurant
Google Maps: https://www.google.com/maps/search/?api=1&query=Takara%2C%20Paris%2C%20France
Website: https://www.takara-paris.com/
Booking: https://bookings.zenchef.com/results?rid=360892&fullscreen=1&mini=0&pid=mapstr&primaryColor=FFC222&type=web"
Takuto,"71 Rue de Seine, 75006 Paris, France",Paris,6e,,restaurant,,,4.3,301,48.8541356,2.3370418,https://maps.google.com/?cid=4307833545181257148&g_mp=CiVnb29nbGUubWFwcy5wbGFjZXMudjEuUGxhY2VzLkdldFBsYWNlEAIYBCAA,http://www.takuto.fr/,,"Type: Japanese Restaurant
Arrondissement: 6e
Google: 4.3 (301 reviews)
Food types: restaurant
Tags: Japanese, Restaurant
Google Maps: https://maps.google.com/?cid=4307833545181257148&g_mp=CiVnb29nbGUubWFwcy5wbGFjZXMudjEuUGxhY2VzLkdldFBsYWNlEAIYBCAA
Website: http://www.takuto.fr/"
TaoKan,"8 Rue du Sabot, 75006 Paris, France",Paris,6e,,restaurant,,,,,48.8526252,2.331509,https://www.google.com/maps/search/?api=1&query=TaoKan%2C%20Paris%2C%20France,http://www.taokan.fr/,https://bookings.zenchef.com/results?rid=357264&fullscreen=1&mini=0&pid=mapstr&primaryColor=FFC222&type=web,"Arrondissement: 6e
Food types: restaurant
Tags: Restaurant, Chinese
Google Maps: https://www.google.com/maps/search/?api=1&query=TaoKan%2C%20Paris%2C%20France
Website: http://www.taokan.fr/
Booking: https://bookings.zenchef.com/results?rid=357264&fullscreen=1&mini=0&pid=mapstr&primaryColor=FFC222&type=web"
Tavline,"25 Rue du Roi de Sicile, 75004 Paris, France",Paris,4e,,restaurant,,,,,48.8564339,2.3575287,https://www.google.com/maps/search/?api=1&query=Tavline%2C%20Paris%2C%20France,http://www.tavline.fr/,https://thefork.fr/restaurant/tavline-r508339/?cc=24751-923,"Arrondissement: 4e
Food types: restaurant
Tags: Restaurant, Israeli
Google Maps: https://www.google.com/maps/search/?api=1&query=Tavline%2C%20Paris%2C%20France
Website: http://www.tavline.fr/
Booking: https://thefork.fr/restaurant/tavline-r508339/?cc=24751-923"
"Tempilenti,bistrot italiano","13 Rue Gerbier, 75011 Paris, France",Paris,11e,,restaurant,,€€,4.6,306,48.85874649999999,2.385969299999999,https://maps.google.com/?cid=2697555490561104170&g_mp=CiVnb29nbGUubWFwcy5wbGFjZXMudjEuUGxhY2VzLkdldFBsYWNlEAIYBCAA,,https://thefork.fr/restaurant/tempilenti-r444697/?cc=24751-923,"Type: Italian Restaurant
Arrondissement: 11e
Price: €€
Google: 4.6 (306 reviews)
Food types: restaurant
Tags: Restaurant, Italian
Google Maps: https://maps.google.com/?cid=2697555490561104170&g_mp=CiVnb29nbGUubWFwcy5wbGFjZXMudjEuUGxhY2VzLkdldFBsYWNlEAIYBCAA
Booking: https://thefork.fr/restaurant/tempilenti-r444697/?cc=24751-923"
Terronia ristorante italiano,"75005 Paris, 11 Rue des Boulangers, 75005 Paris, France",Paris,5e,,restaurant,,€€,4.8,586,48.8456972,2.3539994,https://maps.google.com/?cid=3361888963966891197&g_mp=CiVnb29nbGUubWFwcy5wbGFjZXMudjEuUGxhY2VzLkdldFBsYWNlEAIYBCAA,http://www.terronia.fr/,https://thefork.fr/restaurant/terronia-r274413/?cc=24751-923,"Type: Italian Restaurant
Arrondissement: 5e
Price: €€
Google: 4.8 (586 reviews)
Food types: restaurant
Tags: Restaurant, Italian
Google summary: Homemade Italian dishes made with seasonal ingredients served in a cozy, down-to-earth restaurant.
Google Maps: https://maps.google.com/?cid=3361888963966891197&g_mp=CiVnb29nbGUubWFwcy5wbGFjZXMudjEuUGxhY2VzLkdldFBsYWNlEAIYBCAA
Website: http://www.terronia.fr/
Booking: https://thefork.fr/restaurant/terronia-r274413/?cc=24751-923"
Thieng Heng,"50 Avenue d'Ivry, 75013 Paris, France",Paris,13e,,restaurant,,,,,48.8237286,2.3653228,https://www.google.com/maps/search/?api=1&query=Thieng%20Heng%2C%20Paris%2C%20France,http://www.facebook.com/pages/Thieng-Heng/137013389677990,,"Arrondissement: 13e
Food types: restaurant
Tags: Asian, Vietnamiese, Street food
Google Maps: https://www.google.com/maps/search/?api=1&query=Thieng%20Heng%2C%20Paris%2C%20France
Website: http://www.facebook.com/pages/Thieng-Heng/137013389677990"
Trois Fois Plus de Piment,"rue saint-martin 184, Paris 75003",Paris,3e,,restaurant,,,,,48.8628031,2.352435400000001,https://www.google.com/maps/search/?api=1&query=Trois%20Fois%20Plus%20de%20Piment%2C%20Paris%2C%20France,http://troisfoisplusdepiment.fr/,,"Arrondissement: 3e
Food types: restaurant
Tags: Asian, Restaurant, Chinese
Google Maps: https://www.google.com/maps/search/?api=1&query=Trois%20Fois%20Plus%20de%20Piment%2C%20Paris%2C%20France
Website: http://troisfoisplusdepiment.fr/"
Tsukizi,"2 Bis Rue des Ciseaux, 75006 Paris, France",Paris,6e,,restaurant,,€€€,4.6,951,48.85312399999999,2.333942,https://maps.google.com/?cid=5918445731849910964&g_mp=CiVnb29nbGUubWFwcy5wbGFjZXMudjEuUGxhY2VzLkdldFBsYWNlEAIYBCAA,https://www.facebook.com/pages/Sushi-Tsukizi/146282612083900,https://bookings.zenchef.com/results?rid=365276&fullscreen=1&mini=0&pid=mapstr&primaryColor=FFC222&type=web,"Type: Japanese Restaurant
Arrondissement: 6e
Price: €€€
Google: 4.6 (951 reviews)
Food types: restaurant
Tags: Japanese, Restaurant
Google Maps: https://maps.google.com/?cid=5918445731849910964&g_mp=CiVnb29nbGUubWFwcy5wbGFjZXMudjEuUGxhY2VzLkdldFBsYWNlEAIYBCAA
Website: https://www.facebook.com/pages/Sushi-Tsukizi/146282612083900
Booking: https://bookings.zenchef.com/results?rid=365276&fullscreen=1&mini=0&pid=mapstr&primaryColor=FFC222&type=web"
Umami Matcha Café,"22 Rue Béranger, 75003 Paris, France",Paris,3e,,restaurant,,,,,48.8665548,2.3636103,https://www.google.com/maps/search/?api=1&query=Umami%20Matcha%20Caf%C3%A9%2C%20Paris%2C%20France,http://umamiparis.com/matchacafe,,"Arrondissement: 3e
Food types: restaurant
Tags: Restaurant, Tea house, Healthy
Google Maps: https://www.google.com/maps/search/?api=1&query=Umami%20Matcha%20Caf%C3%A9%2C%20Paris%2C%20France
Website: http://umamiparis.com/matchacafe"
Unico,"15 Rue Paul Bert, 75011 Paris, France",Paris,11e,,restaurant,,€€€,4.4,559,48.85204299999999,2.3845422,https://maps.google.com/?cid=14711097457517176008&g_mp=CiVnb29nbGUubWFwcy5wbGFjZXMudjEuUGxhY2VzLkdldFBsYWNlEAIYBCAA,http://www.resto-unico.com/,https://thefork.fr/restaurant/unico-r35147/?cc=24751-923,"Type: Argentinian Restaurant
Arrondissement: 11e
Price: €€€
Google: 4.4 (559 reviews)
Food types: restaurant
Tags: Restaurant, Argentinian
Google Maps: https://maps.google.com/?cid=14711097457517176008&g_mp=CiVnb29nbGUubWFwcy5wbGFjZXMudjEuUGxhY2VzLkdldFBsYWNlEAIYBCAA
Website: http://www.resto-unico.com/
Booking: https://thefork.fr/restaurant/unico-r35147/?cc=24751-923"
Urfa Durum,"58 Rue du Faubourg Saint-Denis, 75010 Paris, France",Paris,10e,,restaurant,,,,,48.87237719999999,2.354262799999999,https://www.google.com/maps/search/?api=1&query=Urfa%20Durum%2C%20Paris%2C%20France,http://www.facebook.com/pages/Urfa-Durum/240014419359256,,"Arrondissement: 10e
Food types: restaurant
Tags: Street food
Google Maps: https://www.google.com/maps/search/?api=1&query=Urfa%20Durum%2C%20Paris%2C%20France
Website: http://www.facebook.com/pages/Urfa-Durum/240014419359256"
Vandal,"56 Rue des Alouettes, 75019 Paris, France",Paris,19e,,restaurant,,,4.7,79,48.8781279,2.3855941,https://maps.google.com/?cid=15861491842056013646&g_mp=CiVnb29nbGUubWFwcy5wbGFjZXMudjEuUGxhY2VzLkdldFBsYWNlEAIYBCAA,https://www.instagram.com/vandal_paris/profilecard/?igsh=MW9mbDNyc3ZxazZheQ==,,"Type: Restaurant
Arrondissement: 19e
Google: 4.7 (79 reviews)
Food types: restaurant
Tags: Restaurant, Street food
Google Maps: https://maps.google.com/?cid=15861491842056013646&g_mp=CiVnb29nbGUubWFwcy5wbGFjZXMudjEuUGxhY2VzLkdldFBsYWNlEAIYBCAA
Website: https://www.instagram.com/vandal_paris/profilecard/?igsh=MW9mbDNyc3ZxazZheQ=="
Vantre,"19 Rue de la Fontaine au Roi, 75011 Paris, France",Paris,11e,,restaurant,,€€,4.4,670,48.8684941,2.3701551,https://maps.google.com/?cid=10696963794562617589&g_mp=CiVnb29nbGUubWFwcy5wbGFjZXMudjEuUGxhY2VzLkdldFBsYWNlEAIYBCAA,http://www.vantre.fr/,https://bookings.zenchef.com/results?rid=364088&fullscreen=1&mini=0&pid=mapstr&primaryColor=FFC222&type=web,"Type: French Restaurant
Arrondissement: 11e
Price: €€
Google: 4.4 (670 reviews)
Food types: restaurant
Tags: Restaurant
Google Maps: https://maps.google.com/?cid=10696963794562617589&g_mp=CiVnb29nbGUubWFwcy5wbGFjZXMudjEuUGxhY2VzLkdldFBsYWNlEAIYBCAA
Website: http://www.vantre.fr/
Booking: https://bookings.zenchef.com/results?rid=364088&fullscreen=1&mini=0&pid=mapstr&primaryColor=FFC222&type=web"
Vivide,"3 Rue Dancourt, 75018 Paris, France",Paris,18e,,restaurant,,,5,101,48.8828721,2.3417228,https://maps.google.com/?cid=4802497093964052792&g_mp=CiVnb29nbGUubWFwcy5wbGFjZXMudjEuUGxhY2VzLkdldFBsYWNlEAIYBCAA,https://vivide-paris.com/,https://bookings.zenchef.com/results?rid=378721&fullscreen=1&mini=0&pid=mapstr&primaryColor=FFC222&type=web,"Type: Vegan Restaurant
Arrondissement: 18e
Google: 5.0 (101 reviews)
Food types: restaurant
Tags: Vegetarian, Restaurant
Google Maps: https://maps.google.com/?cid=4802497093964052792&g_mp=CiVnb29nbGUubWFwcy5wbGFjZXMudjEuUGxhY2VzLkdldFBsYWNlEAIYBCAA
Website: https://vivide-paris.com/
Booking: https://bookings.zenchef.com/results?rid=378721&fullscreen=1&mini=0&pid=mapstr&primaryColor=FFC222&type=web"
Walaku,"33 Rue Rousselet, 75007 Paris, France",Paris,7e,,restaurant,,,,,48.84833,2.318829,https://www.google.com/maps/search/?api=1&query=Walaku%2C%20Paris%2C%20France,http://walaku.net/,,"Arrondissement: 7e
Food types: restaurant
Tags: Japanese
Google Maps: https://www.google.com/maps/search/?api=1&query=Walaku%2C%20Paris%2C%20France
Website: http://walaku.net/"
Waly-Fay,"6 Rue Godefroy Cavaignac, 75011 Paris, France",Paris,11e,,restaurant,,€€,4.3,2034,48.85426359999999,2.3818758,https://maps.google.com/?cid=11783921577234026289&g_mp=CiVnb29nbGUubWFwcy5wbGFjZXMudjEuUGxhY2VzLkdldFBsYWNlEAIYBCAA,http://www.walyfay.fr/,https://bookings.zenchef.com/results?rid=351640&fullscreen=1&mini=0&pid=mapstr&primaryColor=FFC222&type=web,"Type: African Restaurant
Arrondissement: 11e
Price: €€
Google: 4.3 (2,034 reviews)
Food types: restaurant
Tags: Restaurant, African
Google summary: Traditional Senegalese fish stews & meat grills in an industrial-chic venue with an open kitchen.
Google Maps: https://maps.google.com/?cid=11783921577234026289&g_mp=CiVnb29nbGUubWFwcy5wbGFjZXMudjEuUGxhY2VzLkdldFBsYWNlEAIYBCAA
Website: http://www.walyfay.fr/
Booking: https://bookings.zenchef.com/results?rid=351640&fullscreen=1&mini=0&pid=mapstr&primaryColor=FFC222&type=web"
Wild & The Moon - Charlot - Restaurant vegan à Paris,"55 Rue Charlot, Paris 75003",Paris,3e,,restaurant,,,,,48.8634,2.363068,https://www.google.com/maps/search/?api=1&query=Wild%20%26%20The%20Moon%20-%20Charlot%20-%20Restaurant%20vegan%20%C3%A0%20Paris%2C%20Paris%2C%20France,http://www.wildandthemoon.fr/,https://www.wildandthemoon.fr/fr/content/31-la-carte-en-restaurant,"Arrondissement: 3e
Food types: restaurant
Tags: Restaurant, Healthy
Google Maps: https://www.google.com/maps/search/?api=1&query=Wild%20%26%20The%20Moon%20-%20Charlot%20-%20Restaurant%20vegan%20%C3%A0%20Paris%2C%20Paris%2C%20France
Website: http://www.wildandthemoon.fr/
Booking: https://www.wildandthemoon.fr/fr/content/31-la-carte-en-restaurant"
YPSELI,"88 Rue Réaumur, 75002 Paris, France",Paris,2e,,restaurant,,,4.5,122,48.8666846,2.3505081,https://maps.google.com/?cid=6223205888069770026&g_mp=CiVnb29nbGUubWFwcy5wbGFjZXMudjEuUGxhY2VzLkdldFBsYWNlEAIYBCAA,https://www.ypseli.com/,https://bookings.zenchef.com/results?rid=373012&fullscreen=1&mini=0&pid=mapstr&primaryColor=FFC222&type=web,"Type: Restaurant
Arrondissement: 2e
Google: 4.5 (122 reviews)
Food types: restaurant
Tags: Greek, Restaurant
Google Maps: https://maps.google.com/?cid=6223205888069770026&g_mp=CiVnb29nbGUubWFwcy5wbGFjZXMudjEuUGxhY2VzLkdldFBsYWNlEAIYBCAA
Website: https://www.ypseli.com/
Booking: https://bookings.zenchef.com/results?rid=373012&fullscreen=1&mini=0&pid=mapstr&primaryColor=FFC222&type=web"
Ya Lamaï Thaï Restaurant,"4 Rue Jean-Pierre Timbaud, 75011 Paris, France",Paris,11e,,restaurant,,,,,48.8647401,2.366461199999999,https://www.google.com/maps/search/?api=1&query=Ya%20Lama%C3%AF%20Tha%C3%AF%20Restaurant%2C%20Paris%2C%20France,http://www.yalamai.com/,,"Arrondissement: 11e
Food types: restaurant
Tags: Thaï, Restaurant
Google Maps: https://www.google.com/maps/search/?api=1&query=Ya%20Lama%C3%AF%20Tha%C3%AF%20Restaurant%2C%20Paris%2C%20France
Website: http://www.yalamai.com/"
Yard Cave & Restaurant,"6 Rue de Mont-Louis, 75011 Paris, France",Paris,11e,,restaurant,,€€,4.4,721,48.8581389,2.3883165,https://maps.google.com/?cid=5163899553133413880&g_mp=CiVnb29nbGUubWFwcy5wbGFjZXMudjEuUGxhY2VzLkdldFBsYWNlEAIYBCAA,https://www.culinaries.fr/yard-mont-louis/,https://bookings.zenchef.com/results?rid=350074&pid=mapstr,"Type: Restaurant
Arrondissement: 11e
Price: €€
Google: 4.4 (721 reviews)
Food types: restaurant
Tags: Restaurant, Trendy
Google summary: Intimate, relaxed venue with a long list of natural wines, plus creative food with a regional focus.
Google Maps: https://maps.google.com/?cid=5163899553133413880&g_mp=CiVnb29nbGUubWFwcy5wbGFjZXMudjEuUGxhY2VzLkdldFBsYWNlEAIYBCAA
Website: https://www.culinaries.fr/yard-mont-louis/
Booking: https://bookings.zenchef.com/results?rid=350074&pid=mapstr"
Yaya Secrétan,"33 Av. Secrétan, 75019 Paris, France",Paris,19e,,restaurant,,€€€,4,3310,48.8811718,2.3738043,https://maps.google.com/?cid=14007731380011403980&g_mp=CiVnb29nbGUubWFwcy5wbGFjZXMudjEuUGxhY2VzLkdldFBsYWNlEAIYBCAA,http://www.yayarestaurant.com/,https://bookings.zenchef.com/results?rid=352299&prescriber_id=20117&prescriber_name=MAPSTR&pid=mapstr,"Type: Greek Restaurant
Arrondissement: 19e
Price: €€€
Google: 4.0 (3,310 reviews)
Food types: restaurant
Tags: For groups, Restaurant
Google Maps: https://maps.google.com/?cid=14007731380011403980&g_mp=CiVnb29nbGUubWFwcy5wbGFjZXMudjEuUGxhY2VzLkdldFBsYWNlEAIYBCAA
Website: http://www.yayarestaurant.com/
Booking: https://bookings.zenchef.com/results?rid=352299&prescriber_id=20117&prescriber_name=MAPSTR&pid=mapstr"
Yen,"22 Rue Saint-Benoît, 75006 Paris, France",Paris,6e,,restaurant,,,,,48.85448400000001,2.332758000000001,https://www.google.com/maps/search/?api=1&query=Yen%2C%20Paris%2C%20France,http://www.yen-paris.fr/,,"Arrondissement: 6e
Food types: restaurant
Tags: Japanese, Restaurant
Google Maps: https://www.google.com/maps/search/?api=1&query=Yen%2C%20Paris%2C%20France
Website: http://www.yen-paris.fr/"
Yoshinori Restaurant,"18 Rue Grégoire de Tours, 75006 Paris, France",Paris,6e,,restaurant,,,4.7,541,48.85300779999999,2.3377114,https://maps.google.com/?cid=9744954947548753445&g_mp=CiVnb29nbGUubWFwcy5wbGFjZXMudjEuUGxhY2VzLkdldFBsYWNlEAIYBCAA,http://yoshinori-paris.com/,https://thefork.fr/restaurant/yoshinori-r386507/?cc=24751-923,"Type: Fine Dining Restaurant
Arrondissement: 6e
Google: 4.7 (541 reviews)
Food types: restaurant
Tags: Japanese, Restaurant
Google Maps: https://maps.google.com/?cid=9744954947548753445&g_mp=CiVnb29nbGUubWFwcy5wbGFjZXMudjEuUGxhY2VzLkdldFBsYWNlEAIYBCAA
Website: http://yoshinori-paris.com/
Booking: https://thefork.fr/restaurant/yoshinori-r386507/?cc=24751-923"
abri soba,"10 Rue Saulnier, 75009 Paris, France",Paris,9e,,restaurant,,,,,48.8750429,2.3445439,https://www.google.com/maps/search/?api=1&query=abri%20soba%2C%20Paris%2C%20France,https://m.facebook.com/pages/Abri-Soba/1664766163841812,,"Arrondissement: 9e
Food types: restaurant
Tags: Japanese, Restaurant, ❤️
Google Maps: https://www.google.com/maps/search/?api=1&query=abri%20soba%2C%20Paris%2C%20France
Website: https://m.facebook.com/pages/Abri-Soba/1664766163841812"
ajar,"34 Rue Sainte-Marthe, 75010 Paris, France",Paris,10e,,restaurant,,,4.8,197,48.8739225,2.3717824,https://maps.google.com/?cid=8456747558764190508&g_mp=CiVnb29nbGUubWFwcy5wbGFjZXMudjEuUGxhY2VzLkdldFBsYWNlEAIYBCAA,https://www.ajarrestaurant.com/,,"Type: Restaurant
Arrondissement: 10e
Google: 4.8 (197 reviews)
Food types: restaurant
Tags: Restaurant
Google Maps: https://maps.google.com/?cid=8456747558764190508&g_mp=CiVnb29nbGUubWFwcy5wbGFjZXMudjEuUGxhY2VzLkdldFBsYWNlEAIYBCAA
Website: https://www.ajarrestaurant.com/"
cafe du coin,"9 Rue Camille Desmoulins, 75011 Paris, France",Paris,11e,,restaurant,,,,,48.8590191,2.3809707,https://www.google.com/maps/search/?api=1&query=cafe%20du%20coin%2C%20Paris%2C%20France,https://www.instagram.com/cafe_du_coin/?hl=fr,,"Arrondissement: 11e
Food types: restaurant
Tags: Restaurant, Trendy
Google Maps: https://www.google.com/maps/search/?api=1&query=cafe%20du%20coin%2C%20Paris%2C%20France
Website: https://www.instagram.com/cafe_du_coin/?hl=fr"
come a casa,"7 Rue Pache, 75011 Paris, Frankreich",Paris,11e,,restaurant,,,,,48.85862050000001,2.3821945,https://www.google.com/maps/search/?api=1&query=come%20a%20casa%2C%20Paris%2C%20France,http://comeacasa7.tumblr.com/,,"Arrondissement: 11e
Food types: restaurant
Tags: Restaurant, Italian
Google Maps: https://www.google.com/maps/search/?api=1&query=come%20a%20casa%2C%20Paris%2C%20France
Website: http://comeacasa7.tumblr.com/"
le grand café d’athènes,74 Rue du Faubourg Saint-Denis 75010 Paris France,Paris,10e,,generic,,,4.5,1297,48.8730878,2.3547662,https://maps.google.com/?cid=5547224877286693718&g_mp=CiVnb29nbGUubWFwcy5wbGFjZXMudjEuUGxhY2VzLkdldFBsYWNlEAIYBCAA,http://www.grandcafedathenes.fr/,https://bookings.zenchef.com/results?rid=353436&fullscreen=1&mini=0&pid=mapstr&primaryColor=FFC222&type=web,"Type: Greek Restaurant
Arrondissement: 10e
Google: 4.5 (1,297 reviews)
Food types: generic
Tags: Restaurant
Google summary: Meze platters, Greek meat grills & creative cocktails in a stylish venue with a terrace.
Google Maps: https://maps.google.com/?cid=5547224877286693718&g_mp=CiVnb29nbGUubWFwcy5wbGFjZXMudjEuUGxhY2VzLkdldFBsYWNlEAIYBCAA
Website: http://www.grandcafedathenes.fr/
Booking: https://bookings.zenchef.com/results?rid=353436&fullscreen=1&mini=0&pid=mapstr&primaryColor=FFC222&type=web"
sagan,"8 Rue Casimir Delavigne, 75006 Paris, France",Paris,6e,,restaurant,,,,,48.85040610000001,2.3391688,https://www.google.com/maps/search/?api=1&query=sagan%2C%20Paris%2C%20France,https://www.guide-restaurants-et-voyages-du-monde.com/restaurants/2113/1030/france/paris/restaurant-sagan,https://bookings.zenchef.com/results?rid=365377&fullscreen=1&mini=0&pid=mapstr&primaryColor=FFC222&type=web,"Arrondissement: 6e
Food types: restaurant
Tags: Japanese, Restaurant
Google Maps: https://www.google.com/maps/search/?api=1&query=sagan%2C%20Paris%2C%20France
Website: https://www.guide-restaurants-et-voyages-du-monde.com/restaurants/2113/1030/france/paris/restaurant-sagan
Booking: https://bookings.zenchef.com/results?rid=365377&fullscreen=1&mini=0&pid=mapstr&primaryColor=FFC222&type=web"
yam'Tcha,"121 Rue Saint-Honoré, 75001 Paris, France",Paris,1er,,restaurant,,,,,48.86150120000001,2.341767,https://www.google.com/maps/search/?api=1&query=yam'Tcha%2C%20Paris%2C%20France,http://www.yamtcha.com/,https://bookings.zenchef.com/results?rid=351833&fullscreen=1&mini=0&pid=mapstr&primaryColor=FFC222&type=web,"Arrondissement: 1er
Food types: restaurant
Tags: Thaï, Restaurant, Chinese, Tea house, Trendy
Google Maps: https://www.google.com/maps/search/?api=1&query=yam'Tcha%2C%20Paris%2C%20France
Website: http://www.yamtcha.com/
Booking: https://bookings.zenchef.com/results?rid=351833&fullscreen=1&mini=0&pid=mapstr&primaryColor=FFC222&type=web"
À la Biche au Bois,"45 Av. Ledru Rollin, 75012 Paris, France",Paris,12e,,restaurant,,€€,4.5,1384,48.8506597,2.3754554,https://maps.google.com/?cid=2837411074796861473&g_mp=CiVnb29nbGUubWFwcy5wbGFjZXMudjEuUGxhY2VzLkdldFBsYWNlEAIYBCAA,https://www.facebook.com/alabicheaubois/,,"Type: French Restaurant
Arrondissement: 12e
Price: €€
Google: 4.5 (1,384 reviews)
Food types: restaurant
Tags: Restaurant
Google summary: Typical French fare like terrine & braised chicken, turned out in a relaxed setup.
Google Maps: https://maps.google.com/?cid=2837411074796861473&g_mp=CiVnb29nbGUubWFwcy5wbGFjZXMudjEuUGxhY2VzLkdldFBsYWNlEAIYBCAA
Website: https://www.facebook.com/alabicheaubois/"
Åke - Au Quai Caviste Paris 10,"15 rue Alibert, 75010 Paris, France",Paris,10e,,library,,,,,48.87159,2.36728,https://www.google.com/maps/search/?api=1&query=%C3%85ke%20-%20Au%20Quai%20Caviste%20Paris%2010%2C%20Paris%2C%20France,http://www.akeparis.fr,,"Arrondissement: 10e
Food types: library
Tags: Restaurant, Bistrot, Trendy
Google Maps: https://www.google.com/maps/search/?api=1&query=%C3%85ke%20-%20Au%20Quai%20Caviste%20Paris%2010%2C%20Paris%2C%20France
Website: http://www.akeparis.fr"
Ētsi,"23 Rue Eugène Carrière, 75018 Paris, France",Paris,18e,,restaurant,,€€,4.7,1362,48.8903736,2.3328924,https://maps.google.com/?cid=11748891129945617625&g_mp=CiVnb29nbGUubWFwcy5wbGFjZXMudjEuUGxhY2VzLkdldFBsYWNlEAIYBCAA,https://www.etsi-paris.fr/,https://bookings.zenchef.com/results?rid=349457&fullscreen=1&mini=0&pid=mapstr&primaryColor=FFC222&type=web,"Type: Greek Restaurant
Arrondissement: 18e
Price: €€
Google: 4.7 (1,362 reviews)
Food types: restaurant
Tags: Greek
Google summary: Laid-back destination with a terrace offering Mediterranean small plates & wines.
Google Maps: https://maps.google.com/?cid=11748891129945617625&g_mp=CiVnb29nbGUubWFwcy5wbGFjZXMudjEuUGxhY2VzLkdldFBsYWNlEAIYBCAA
Website: https://www.etsi-paris.fr/
Booking: https://bookings.zenchef.com/results?rid=349457&fullscreen=1&mini=0&pid=mapstr&primaryColor=FFC222&type=web"
たから,"14 Rue Molière, 75001 Paris, France",Paris,1er,,restaurant,,€€€,4.5,1131,48.86497569999999,2.3359041,https://maps.google.com/?cid=11679062614182814962&g_mp=CiVnb29nbGUubWFwcy5wbGFjZXMudjEuUGxhY2VzLkdldFBsYWNlEAIYBCAA,https://www.takara-paris.com/,https://bookings.zenchef.com/results?rid=360892&fullscreen=1&mini=0&pid=mapstr&primaryColor=FFC222&type=web,"Type: Japanese Restaurant
Arrondissement: 1er
Price: €€€
Google: 4.5 (1,131 reviews)
Food types: restaurant
Tags: Restaurant, For groups, Japanese
Google summary: Artfully presented Japanese dishes like sushi & sukiyaki broth in a moody, wood-paneled dining room.
Google Maps: https://maps.google.com/?cid=11679062614182814962&g_mp=CiVnb29nbGUubWFwcy5wbGFjZXMudjEuUGxhY2VzLkdldFBsYWNlEAIYBCAA
Website: https://www.takara-paris.com/
Booking: https://bookings.zenchef.com/results?rid=360892&fullscreen=1&mini=0&pid=mapstr&primaryColor=FFC222&type=web"
