<?xml version="1.0" encoding="UTF-8"?>
<kml xmlns="http://www.opengis.net/kml/2.2">
  <Document>
    <name>Restaurants</name>
    <description>A focused list of Paris restaurants worth saving, for everything from neighborhood dinners to harder-to-book tables.</description>
    <Placemark>
      <name>ALMAS</name>
      <description>Type: Restaurant
Google: 5.0 (130 reviews)
Food types: restaurant
Tags: Restaurant, Street food
Google Maps: https://maps.google.com/?cid=5487986251545238210&amp;g_mp=CiVnb29nbGUubWFwcy5wbGFjZXMudjEuUGxhY2VzLkdldFBsYWNlEAIYBCAA
Website: http://almasrestaurant.fr/</description>
      <Point>
        <coordinates>2.3525352,48.8769653,0</coordinates>
      </Point>
    </Placemark>
    <Placemark>
      <name>AMA PARIS</name>
      <description>Type: Restaurant
Arrondissement: 10e
Google: 4.0 (1,008 reviews)
Food types: restaurant
Tags: Restaurant
Google Maps: https://maps.google.com/?cid=4519042102872921569&amp;g_mp=CiVnb29nbGUubWFwcy5wbGFjZXMudjEuUGxhY2VzLkdldFBsYWNlEAIYBCAA
Website: http://ama-paris.fr/
Booking: https://bookings.zenchef.com/results?rid=353663&amp;fullscreen=1&amp;mini=0&amp;pid=mapstr&amp;primaryColor=FFC222&amp;type=web</description>
      <Point>
        <coordinates>2.36932,48.86965,0</coordinates>
      </Point>
    </Placemark>
    <Placemark>
      <name>AVE Pizza Romana</name>
      <description>Type: Pizza Restaurant
Arrondissement: 11e
Google: 4.7 (1,576 reviews)
Food types: restaurant
Tags: Restaurant, Italian
Google summary: Airy, contemporary pizzeria serving Roman-style pies, plus calzones, starters, cocktails &amp; desserts.
Google Maps: https://maps.google.com/?cid=5925243916874515936&amp;g_mp=CiVnb29nbGUubWFwcy5wbGFjZXMudjEuUGxhY2VzLkdldFBsYWNlEAIYBCAA
Website: https://ave-pizza-romana.business.site/
Booking: https://bookings.zenchef.com/results?rid=363087&amp;fullscreen=1&amp;mini=0&amp;pid=mapstr&amp;primaryColor=FFC222&amp;type=web</description>
      <Point>
        <coordinates>2.3696267,48.8669478,0</coordinates>
      </Point>
    </Placemark>
    <Placemark>
      <name>Acid Lactic</name>
      <description>Type: Pizza Restaurant
Arrondissement: 11e
Google: 4.3 (39 reviews)
Food types: restaurant
Tags: bootstrap, paris, Pizza
Google Maps: https://maps.google.com/?cid=9406144155338785582&amp;g_mp=CiVnb29nbGUubWFwcy5wbGFjZXMudjEuUGxhY2VzLkdldFBsYWNlEAIYBCAA</description>
      <Point>
        <coordinates>2.3739241,48.8621272,0</coordinates>
      </Point>
    </Placemark>
    <Placemark>
      <name>Allard</name>
      <description>Type: French Restaurant
Arrondissement: 6e
Price: €€€
Google: 4.3 (1,269 reviews)
Food types: restaurant
Tags: Frenchie, Bistrot
Google summary: Old-school bistro offering elevated, traditional French dishes &amp; wines in a warm atmosphere.
Google Maps: https://maps.google.com/?cid=7378348292976889048&amp;g_mp=CiVnb29nbGUubWFwcy5wbGFjZXMudjEuUGxhY2VzLkdldFBsYWNlEAIYBCAA
Website: https://www.restaurant-allard.fr/
Booking: https://bookings.zenchef.com/results?rid=374504&amp;fullscreen=1&amp;mini=0&amp;pid=mapstr&amp;primaryColor=FFC222&amp;type=web</description>
      <Point>
        <coordinates>2.3410216,48.85330320000001,0</coordinates>
      </Point>
    </Placemark>
    <Placemark>
      <name>Ama Siam</name>
      <description>Type: Thai Restaurant
Arrondissement: 19e
Google: 4.5 (222 reviews)
Food types: restaurant
Tags: Restaurant, Vietnamiese
Google Maps: https://maps.google.com/?cid=12753787120855512862&amp;g_mp=CiVnb29nbGUubWFwcy5wbGFjZXMudjEuUGxhY2VzLkdldFBsYWNlEAIYBCAA
Website: https://www.instagram.com/amasiam.paris/</description>
      <Point>
        <coordinates>2.380934,48.8731455,0</coordinates>
      </Point>
    </Placemark>
    <Placemark>
      <name>Amagat</name>
      <description>Type: Restaurant
Arrondissement: 20e
Google: 4.0 (339 reviews)
Food types: restaurant
Tags: Restaurant, Trendy, ❤️
Google summary: Laid-back, simply furnished destination serving traditional small plates, desserts &amp; wine.
Google Maps: https://maps.google.com/?cid=7537745217197584923&amp;g_mp=CiVnb29nbGUubWFwcy5wbGFjZXMudjEuUGxhY2VzLkdldFBsYWNlEAIYBCAA
Website: https://www.amagatparis.fr/</description>
      <Point>
        <coordinates>2.396694799999999,48.85804539999999,0</coordinates>
      </Point>
    </Placemark>
    <Placemark>
      <name>Ambassade d’Auvergne</name>
      <description>Type: French Restaurant
Arrondissement: 3e
Price: €€€
Google: 4.2 (2,020 reviews)
Food types: restaurant
Tags: Restaurant
Google summary: Venerable locale with exposed rafters &amp; vintage posters, serving traditional Auvergne cuisine.
Google Maps: https://maps.google.com/?cid=11113300398678527964&amp;g_mp=CiVnb29nbGUubWFwcy5wbGFjZXMudjEuUGxhY2VzLkdldFBsYWNlEAIYBCAA
Website: http://www.ambassade-auvergne.com/
Booking: https://thefork.fr/restaurant/ambassade-d-auvergne-r841113/?cc=24751-923</description>
      <Point>
        <coordinates>2.3534095,48.8630446,0</coordinates>
      </Point>
    </Placemark>
    <Placemark>
      <name>Anahi</name>
      <description>Type: South American Restaurant
Arrondissement: 3e
Price: €€€€
Google: 4.3 (490 reviews)
Food types: restaurant
Tags: Argentinian, Restaurant
Google Maps: https://maps.google.com/?cid=3269382794094178512&amp;g_mp=CiVnb29nbGUubWFwcy5wbGFjZXMudjEuUGxhY2VzLkdldFBsYWNlEAIYBCAA
Website: http://www.anahi-paris.com/
Booking: https://www.sevenrooms.com/reservations/anahiparis</description>
      <Point>
        <coordinates>2.3582183,48.86704959999999,0</coordinates>
      </Point>
    </Placemark>
    <Placemark>
      <name>Anima</name>
      <description>Type: Italian Restaurant
Arrondissement: 6e
Price: €€
Google: 4.2 (766 reviews)
Food types: restaurant
Tags: bootstrap, left-bank, Pizza
Google summary: Fashionable restaurant in a former tapestry workshop dishing up traditional Italian cuisine.
Google Maps: https://maps.google.com/?cid=16278103625304564261&amp;g_mp=CiVnb29nbGUubWFwcy5wbGFjZXMudjEuUGxhY2VzLkdldFBsYWNlEAIYBCAA
Website: https://anima.paris/
Booking: https://bookings.zenchef.com/results?rid=360988&amp;fullscreen=1&amp;mini=0&amp;pid=mapstr&amp;primaryColor=FFC222&amp;type=web</description>
      <Point>
        <coordinates>2.3235003,48.8480208,0</coordinates>
      </Point>
    </Placemark>
    <Placemark>
      <name>Arcane 17</name>
      <description>Type: Restaurant
Google: 4.5 (151 reviews)
Food types: restaurant
Tags: Restaurant, Trendy, Basque
Google Maps: https://maps.google.com/?cid=12634743828309489625&amp;g_mp=CiVnb29nbGUubWFwcy5wbGFjZXMudjEuUGxhY2VzLkdldFBsYWNlEAIYBCAA
Website: https://arcane17paris.com/</description>
      <Point>
        <coordinates>2.3625658,48.8628796,0</coordinates>
      </Point>
    </Placemark>
    <Placemark>
      <name>Arnaud Nicolas Charcuterie Cuisinée</name>
      <description>Arrondissement: 7e
Food types: restaurant
Tags: Frenchie, Restaurant, Meat
Google Maps: https://www.google.com/maps/search/?api=1&amp;query=Arnaud%20Nicolas%20Charcuterie%20Cuisin%C3%A9e%2C%20Paris%2C%20France
Website: http://arnaudnicolas.paris/
Booking: https://thefork.fr/restaurant/arnaud-nicolas-r313657/?cc=24751-923</description>
      <Point>
        <coordinates>2.3010287,48.8569275,0</coordinates>
      </Point>
    </Placemark>
    <Placemark>
      <name>Aroma-Zone</name>
      <description>Arrondissement: 6e
Food types: shopping
Tags: Healthy
Google Maps: https://www.google.com/maps/search/?api=1&amp;query=Aroma-Zone%2C%20Paris%2C%20France
Website: http://www.aroma-zone.com/</description>
      <Point>
        <coordinates>2.3397984,48.8516826,0</coordinates>
      </Point>
    </Placemark>
    <Placemark>
      <name>Astier</name>
      <description>Arrondissement: 11e
Food types: restaurant
Tags: Frenchie, Restaurant
Google Maps: https://www.google.com/maps/search/?api=1&amp;query=Astier%2C%20Paris%2C%20France
Website: http://www.restaurant-astier.com/
Booking: https://thefork.fr/restaurant/astier-r5686/?cc=24751-923</description>
      <Point>
        <coordinates>2.3720222,48.8662113,0</coordinates>
      </Point>
    </Placemark>
    <Placemark>
      <name>Au Moulin A Vent</name>
      <description>Arrondissement: 5e
Food types: restaurant
Tags: Frenchie, Restaurant, Bistrot
Google Maps: https://www.google.com/maps/search/?api=1&amp;query=Au%20Moulin%20A%20Vent%2C%20Paris%2C%20France
Website: http://www.au-moulinavent.com/
Booking: https://bookings.zenchef.com/results?rid=363128&amp;fullscreen=1&amp;mini=0&amp;pid=mapstr&amp;primaryColor=FFC222&amp;type=web</description>
      <Point>
        <coordinates>2.354766199999999,48.8485564,0</coordinates>
      </Point>
    </Placemark>
    <Placemark>
      <name>Au Petit Bar</name>
      <description>Type: Bar
Arrondissement: 1er
Price: €
Google: 4.6 (353 reviews)
Food types: restaurant
Tags: Bistrot
Google summary: Old-school, family-owned cafe &amp; 24-seat bar offering homestyle bistro classics alongside wine.
Google Maps: https://maps.google.com/?cid=1408194716450924502&amp;g_mp=CiVnb29nbGUubWFwcy5wbGFjZXMudjEuUGxhY2VzLkdldFBsYWNlEAIYBCAA
Website: https://www.paris-bistro.com/choisir/paris1/au-petit-bar</description>
      <Point>
        <coordinates>2.3291239,48.8654785,0</coordinates>
      </Point>
    </Placemark>
    <Placemark>
      <name>Au Trou Gascon</name>
      <description>Type: Restaurant
Arrondissement: 12e
Price: €€€
Google: 4.4 (451 reviews)
Food types: restaurant
Tags: Restaurant, Trendy
Google Maps: https://maps.google.com/?cid=8313021902176705266&amp;g_mp=CiVnb29nbGUubWFwcy5wbGFjZXMudjEuUGxhY2VzLkdldFBsYWNlEAIYBCAA
Website: http://www.autrougascon.fr/
Booking: https://bookings.zenchef.com/results?rid=371061&amp;fullscreen=1&amp;mini=0&amp;pid=mapstr&amp;primaryColor=FFC222&amp;type=web</description>
      <Point>
        <coordinates>2.3942845,48.8391195,0</coordinates>
      </Point>
    </Placemark>
    <Placemark>
      <name>Auberge Bressane</name>
      <description>Type: French Restaurant
Arrondissement: 7e
Price: €€
Google: 4.6 (2,309 reviews)
Food types: restaurant
Tags: Frenchie, Restaurant, Bistrot
Google summary: Folksy, easygoing locale making traditional French food like coq au vin &amp; chocolate soufflé.
Google Maps: https://maps.google.com/?cid=9060875296924406592&amp;g_mp=CiVnb29nbGUubWFwcy5wbGFjZXMudjEuUGxhY2VzLkdldFBsYWNlEAIYBCAA
Website: http://www.auberge-bressane.com/
Booking: https://bookings.zenchef.com/results?rid=355693&amp;fullscreen=1&amp;mini=0&amp;pid=mapstr&amp;primaryColor=FFC222&amp;type=web</description>
      <Point>
        <coordinates>2.308508999999999,48.85653699999999,0</coordinates>
      </Point>
    </Placemark>
    <Placemark>
      <name>Aux Crus de Bourgogne</name>
      <description>Type: French Restaurant
Arrondissement: 2e
Google: 4.6 (1,991 reviews)
Food types: restaurant
Tags: Frenchie
Google summary: Classic regional dishes &amp; a long wine list in a vintage-chic bistro with sidewalk tables.
Google Maps: https://maps.google.com/?cid=3731929306327284416&amp;g_mp=CiVnb29nbGUubWFwcy5wbGFjZXMudjEuUGxhY2VzLkdldFBsYWNlEAIYBCAA
Website: http://www.auxcrusdebourgogne.com/
Booking: https://bookings.zenchef.com/results?rid=352723&amp;fullscreen=1&amp;mini=0&amp;pid=mapstr&amp;primaryColor=FFC222&amp;type=web</description>
      <Point>
        <coordinates>2.3465718,48.8658261,0</coordinates>
      </Point>
    </Placemark>
    <Placemark>
      <name>Aï Hsu</name>
      <description>Arrondissement: 11e
Food types: restaurant
Tags: Japanese, Restaurant
Google Maps: https://www.google.com/maps/search/?api=1&amp;query=A%C3%AF%20Hsu%2C%20Paris%2C%20France
Booking: https://thefork.fr/restaurant/ai-hsu-table-r301139/?cc=24751-923</description>
      <Point>
        <coordinates>2.3689244,48.86096999999999,0</coordinates>
      </Point>
    </Placemark>
    <Placemark>
      <name>BISTROT MEE</name>
      <description>Type: Korean Restaurant
Arrondissement: 1er
Price: €€
Google: 4.2 (1,408 reviews)
Food types: restaurant
Tags: Restaurant, Korean
Google Maps: https://maps.google.com/?cid=5162366246008904487&amp;g_mp=CiVnb29nbGUubWFwcy5wbGFjZXMudjEuUGxhY2VzLkdldFBsYWNlEAIYBCAA
Website: https://www.meeandyou.com/bistrot
Booking: https://thefork.fr/restaurant/bistrot-mee-r63282/?cc=24751-923</description>
      <Point>
        <coordinates>2.3339743,48.8644675,0</coordinates>
      </Point>
    </Placemark>
    <Placemark>
      <name>BIWAN ⸱ iRASSHAi</name>
      <description>Type: Japanese Restaurant
Arrondissement: 1er
Google: 4.7 (730 reviews)
Food types: restaurant
Tags: Japanese, Restaurant
Google Maps: https://maps.google.com/?cid=1942768491856955954&amp;g_mp=CiVnb29nbGUubWFwcy5wbGFjZXMudjEuUGxhY2VzLkdldFBsYWNlEAIYBCAA
Website: https://irasshai.co/pages/biwan-la-table
Booking: https://www.thefork.fr/restaurant/irasshai-biwan-r804659</description>
      <Point>
        <coordinates>2.3425687,48.8642928,0</coordinates>
      </Point>
    </Placemark>
    <Placemark>
      <name>BMK Paris-Bamako</name>
      <description>Arrondissement: 10e
Food types: restaurant
Tags: Restaurant, African
Google Maps: https://www.google.com/maps/search/?api=1&amp;query=BMK%20Paris-Bamako%2C%20Paris%2C%20France
Website: http://www.bmkparis.com/
Booking: https://thefork.fr/restaurant/bmk-paris-bamako-r843735/?cc=24751-923</description>
      <Point>
        <coordinates>2.3565492,48.87464610000001,0</coordinates>
      </Point>
    </Placemark>
    <Placemark>
      <name>BREIZH Café Marais | La Crêpe Autrement</name>
      <description>Type: Dessert Shop
Arrondissement: 3e
Price: €€
Google: 4.3 (5,863 reviews)
Food types: restaurant
Tags: Restaurant, Creps
Google Maps: https://maps.google.com/?cid=2739135305373629346&amp;g_mp=CiVnb29nbGUubWFwcy5wbGFjZXMudjEuUGxhY2VzLkdldFBsYWNlEAIYBCAA
Website: https://breizhcafe.com/
Booking: https://bookings.zenchef.com/results?rid=349932&amp;fullscreen=1&amp;mini=0&amp;pid=mapstr&amp;primaryColor=FFC222&amp;type=web</description>
      <Point>
        <coordinates>2.3618604,48.8606353,0</coordinates>
      </Point>
    </Placemark>
    <Placemark>
      <name>BRUTOS</name>
      <description>Arrondissement: 11e
Food types: restaurant
Tags: Restaurant, Meat
Google Maps: https://www.google.com/maps/search/?api=1&amp;query=BRUTOS%2C%20Paris%2C%20France
Website: https://www.brutosparis.com/
Booking: https://bookings.zenchef.com/results?rid=349110&amp;fullscreen=1&amp;mini=0&amp;pid=mapstr&amp;primaryColor=FFC222&amp;type=web</description>
      <Point>
        <coordinates>2.3782218,48.8614625,0</coordinates>
      </Point>
    </Placemark>
    <Placemark>
      <name>Baieta</name>
      <description>Arrondissement: 5e
Food types: restaurant
Tags: Restaurant, Bistrot
Google Maps: https://www.google.com/maps/search/?api=1&amp;query=Baieta%2C%20Paris%2C%20France
Website: http://www.restaurant-baieta-paris.fr/
Booking: https://thefork.fr/restaurant/baieta-r724954/?cc=24751-923</description>
      <Point>
        <coordinates>2.352244999999999,48.8501043,0</coordinates>
      </Point>
    </Placemark>
    <Placemark>
      <name>BangBang Restaurant</name>
      <description>Type: Restaurant
Google: 4.5 (473 reviews)
Food types: restaurant
Tags: Libanese, Street food, Restaurant
Google Maps: https://maps.google.com/?cid=7588482950229057893&amp;g_mp=CiVnb29nbGUubWFwcy5wbGFjZXMudjEuUGxhY2VzLkdldFBsYWNlEAIYBCAA
Website: http://spicybangbang.com/
Booking: https://bookings.zenchef.com/results?rid=358138&amp;fullscreen=1&amp;mini=0&amp;pid=mapstr&amp;primaryColor=FFC222&amp;type=web</description>
      <Point>
        <coordinates>2.3853813,48.8686873,0</coordinates>
      </Point>
    </Placemark>
    <Placemark>
      <name>Banh Mi</name>
      <description>Arrondissement: 3e
Food types: restaurant
Tags: Asian, Vietnamiese, Restaurant
Google Maps: https://www.google.com/maps/search/?api=1&amp;query=Banh%20Mi%2C%20Paris%2C%20France</description>
      <Point>
        <coordinates>2.3607034,48.8666716,0</coordinates>
      </Point>
    </Placemark>
    <Placemark>
      <name>Baronne</name>
      <description>Type: Restaurant
Arrondissement: 8e
Google: 4.5 (1,303 reviews)
Food types: restaurant
Tags: Restaurant, Trendy
Google Maps: https://maps.google.com/?cid=14335811537082220816&amp;g_mp=CiVnb29nbGUubWFwcy5wbGFjZXMudjEuUGxhY2VzLkdldFBsYWNlEAIYBCAA
Website: https://baronne-restaurant.com/</description>
      <Point>
        <coordinates>2.3039288,48.875255,0</coordinates>
      </Point>
    </Placemark>
    <Placemark>
      <name>Benoit Paris</name>
      <description>Type: French Restaurant
Price: €€€€
Google: 4.3 (2,893 reviews)
Food types: restaurant
Tags: Bistrot, Restaurant
Google summary: Casseroles, snails &amp; desserts like profiteroles in a venerable bistro with brass details &amp; mirrors.
Google Maps: https://maps.google.com/?cid=14478655399410179573&amp;g_mp=CiVnb29nbGUubWFwcy5wbGFjZXMudjEuUGxhY2VzLkdldFBsYWNlEAIYBCAA
Website: http://www.benoit-paris.com/
Booking: https://bookings.zenchef.com/results?rid=371167&amp;fullscreen=1&amp;mini=0&amp;pid=mapstr&amp;primaryColor=FFC222&amp;type=web</description>
      <Point>
        <coordinates>2.350088,48.85838489999999,0</coordinates>
      </Point>
    </Placemark>
    <Placemark>
      <name>Bien Élevé</name>
      <description>Arrondissement: 9e
Food types: restaurant
Tags: Restaurant, Meat
Google Maps: https://www.google.com/maps/search/?api=1&amp;query=Bien%20%C3%89lev%C3%A9%2C%20Paris%2C%20France
Website: http://bieneleve.fr/
Booking: https://bookings.zenchef.com/results?rid=354279&amp;fullscreen=1&amp;mini=0&amp;pid=mapstr&amp;primaryColor=FFC222</description>
      <Point>
        <coordinates>2.343312899999999,48.8739843,0</coordinates>
      </Point>
    </Placemark>
    <Placemark>
      <name>Billie</name>
      <description>Type: Restaurant
Google: 4.2 (204 reviews)
Food types: restaurant
Tags: Restaurant, Dancing, Trendy
Google Maps: https://maps.google.com/?cid=7710219016150904196&amp;g_mp=CiVnb29nbGUubWFwcy5wbGFjZXMudjEuUGxhY2VzLkdldFBsYWNlEAIYBCAA
Website: https://www.billie-paris.com/
Booking: http://www.opentable.fr/r/billie-paris?ref=17374</description>
      <Point>
        <coordinates>2.3365718,48.866831,0</coordinates>
      </Point>
    </Placemark>
    <Placemark>
      <name>Biondi</name>
      <description>Arrondissement: 11e
Food types: restaurant
Tags: Restaurant, Trendy
Google Maps: https://www.google.com/maps/search/?api=1&amp;query=Biondi%2C%20Paris%2C%20France
Website: https://www.biondi-restaurant.fr/
Booking: https://bookings.zenchef.com/results?rid=353425&amp;fullscreen=1&amp;mini=0&amp;pid=mapstr&amp;primaryColor=FFC222&amp;type=web</description>
      <Point>
        <coordinates>2.3671635,48.8638464,0</coordinates>
      </Point>
    </Placemark>
    <Placemark>
      <name>Bistrot Belhara</name>
      <description>Type: Bistro
Arrondissement: 7e
Google: 4.6 (371 reviews)
Food types: restaurant
Tags: Restaurant, Bistrot
Google Maps: https://maps.google.com/?cid=4003693556219215886&amp;g_mp=CiVnb29nbGUubWFwcy5wbGFjZXMudjEuUGxhY2VzLkdldFBsYWNlEAIYBCAA
Website: http://www.bistrotbelhara.com/
Booking: https://thefork.fr/restaurant/bistrot-belhara-r43563/?cc=24751-923</description>
      <Point>
        <coordinates>2.307450499999999,48.8564004,0</coordinates>
      </Point>
    </Placemark>
    <Placemark>
      <name>Bistrot Des Tournelles</name>
      <description>Type: French Restaurant
Google: 4.6 (1,157 reviews)
Food types: restaurant
Tags: Bistrot
Google Maps: https://maps.google.com/?cid=4001123751309885181&amp;g_mp=CiVnb29nbGUubWFwcy5wbGFjZXMudjEuUGxhY2VzLkdldFBsYWNlEAIYBCAA
Website: https://www.bistrotdestournelles.com/</description>
      <Point>
        <coordinates>2.3674,48.8543,0</coordinates>
      </Point>
    </Placemark>
    <Placemark>
      <name>Bistrot Tontine</name>
      <description>Type: Restaurant
Arrondissement: 11e
Google: 3.3 (35 reviews)
Food types: restaurant
Tags: Restaurant, Trendy
Google Maps: https://maps.google.com/?cid=6933264304379606991&amp;g_mp=CiVnb29nbGUubWFwcy5wbGFjZXMudjEuUGxhY2VzLkdldFBsYWNlEAIYBCAA</description>
      <Point>
        <coordinates>2.3846753,48.85133179999999,0</coordinates>
      </Point>
    </Placemark>
    <Placemark>
      <name>Bofinger</name>
      <description>Arrondissement: 4e
Food types: restaurant
Tags: Frenchie, Restaurant, Bistrot
Google Maps: https://www.google.com/maps/search/?api=1&amp;query=Bofinger%2C%20Paris%2C%20France
Website: http://www.bistrotjadis.fr/
Booking: https://bookings.zenchef.com/results?rid=351596&amp;fullscreen=1&amp;mini=0&amp;pid=mapstr&amp;primaryColor=FFC222&amp;type=web</description>
      <Point>
        <coordinates>2.367904,48.853762,0</coordinates>
      </Point>
    </Placemark>
    <Placemark>
      <name>Bol Porridge bar</name>
      <description>Arrondissement: 10e
Food types: restaurant
Tags: Healthy
Google Maps: https://www.google.com/maps/search/?api=1&amp;query=Bol%20Porridge%20bar%2C%20Paris%2C%20France
Website: http://www.bolporridgebar.com/</description>
      <Point>
        <coordinates>2.3487379,48.8763487,0</coordinates>
      </Point>
    </Placemark>
    <Placemark>
      <name>Bouche Paris</name>
      <description>Type: Restaurant
Arrondissement: 11e
Google: 4.4 (734 reviews)
Food types: restaurant
Tags: Restaurant
Google Maps: https://maps.google.com/?cid=3394036764812937916&amp;g_mp=CiVnb29nbGUubWFwcy5wbGFjZXMudjEuUGxhY2VzLkdldFBsYWNlEAIYBCAA
Website: http://www.boucheparis.com/</description>
      <Point>
        <coordinates>2.378389835357666,48.8681640625,0</coordinates>
      </Point>
    </Placemark>
    <Placemark>
      <name>Bouillon Pigalle</name>
      <description>Type: French Restaurant
Arrondissement: 18e
Price: €
Google: 4.6 (54,956 reviews)
Food types: restaurant
Tags: Bistrot, Trendy, For groups
Google summary: Popular casual bistro serving traditional French mains &amp; desserts with house wines by the glass.
Google Maps: https://maps.google.com/?cid=7799438763248845030&amp;g_mp=CiVnb29nbGUubWFwcy5wbGFjZXMudjEuUGxhY2VzLkdldFBsYWNlEAIYBCAA
Website: http://www.bouillonpigalle.com/
Booking: https://bookings.zenchef.com/results?rid=357951&amp;fullscreen=1&amp;mini=0&amp;pid=mapstr&amp;primaryColor=FFC222&amp;type=web</description>
      <Point>
        <coordinates>2.3374635,48.8826517,0</coordinates>
      </Point>
    </Placemark>
    <Placemark>
      <name>Boutique Pralus Paris Cler</name>
      <description>Arrondissement: 7e
Food types: restaurant
Tags: Chocolat
Google Maps: https://www.google.com/maps/search/?api=1&amp;query=Boutique%20Pralus%20Paris%20Cler%2C%20Paris%2C%20France
Website: http://www.chocolats-pralus.com/</description>
      <Point>
        <coordinates>2.3065555,48.8562216,0</coordinates>
      </Point>
    </Placemark>
    <Placemark>
      <name>Brasserie Barbès</name>
      <description>Type: Restaurant
Arrondissement: 18e
Price: €€
Google: 4.5 (7,281 reviews)
Food types: restaurant
Tags: Frenchie, Restaurant, Rooftop
Google summary: Bar &amp; restaurant with an industrial-chic look, popular for cocktails &amp; steaks on a courtyard patio.
Google Maps: https://maps.google.com/?cid=10803593479356726709&amp;g_mp=CiVnb29nbGUubWFwcy5wbGFjZXMudjEuUGxhY2VzLkdldFBsYWNlEAIYBCAA
Website: http://brasseriebarbes.com/
Booking: https://bookings.zenchef.com/results?rid=349532&amp;fullscreen=1&amp;mini=0&amp;pid=mapstr&amp;primaryColor=FFC222&amp;type=web</description>
      <Point>
        <coordinates>2.3497069,48.8839705,0</coordinates>
      </Point>
    </Placemark>
    <Placemark>
      <name>Brasserie Des Prés</name>
      <description>Type: French Restaurant
Arrondissement: 6e
Price: €€
Google: 4.7 (8,065 reviews)
Food types: restaurant
Tags: Bistrot, Restaurant
Google Maps: https://maps.google.com/?cid=12232674330008008055&amp;g_mp=CiVnb29nbGUubWFwcy5wbGFjZXMudjEuUGxhY2VzLkdldFBsYWNlEAIYBCAA
Website: http://lanouvellegarde.com/
Booking: https://www.sevenrooms.com/explore/brasseriedespres/reservations/create/search/?venues=brasseriedespres%2Cbrasseriecharlie%2Cbrasseriedubillot%2Cbrasseriebellanger%2Cbrasseriemartin</description>
      <Point>
        <coordinates>2.3393167,48.8526663,0</coordinates>
      </Point>
    </Placemark>
    <Placemark>
      <name>Brasserie Rosie</name>
      <description>Type: Restaurant
Arrondissement: 11e
Price: €€
Google: 4.7 (7,670 reviews)
Food types: restaurant
Tags: Frenchie, For groups
Google summary: Hip locale with a vintage vibe serving traditional cuisine with a twist, plus cocktails.
Google Maps: https://maps.google.com/?cid=48587829753716931&amp;g_mp=CiVnb29nbGUubWFwcy5wbGFjZXMudjEuUGxhY2VzLkdldFBsYWNlEAIYBCAA
Website: https://brasseriesalamode.com/brasserie-rosie
Booking: https://bookings.zenchef.com/results?rid=355132&amp;fullscreen=1&amp;mini=0&amp;pid=mapstr&amp;primaryColor=FFC222&amp;type=web</description>
      <Point>
        <coordinates>2.3730884,48.8522001,0</coordinates>
      </Point>
    </Placemark>
    <Placemark>
      <name>Buffet</name>
      <description>Type: Bakery
Arrondissement: 18e
Google: 4.9 (325 reviews)
Food types: restaurant
Tags: Street food
Google Maps: https://maps.google.com/?cid=6869460195017059736&amp;g_mp=CiVnb29nbGUubWFwcy5wbGFjZXMudjEuUGxhY2VzLkdldFBsYWNlEAIYBCAA
Website: https://www.instagram.com/buffetsandwicheriefine/</description>
      <Point>
        <coordinates>2.3461488,48.8865049,0</coordinates>
      </Point>
    </Placemark>
    <Placemark>
      <name>C.a.m Sté</name>
      <description>Arrondissement: 3e
Food types: restaurant
Tags: Asian, Restaurant, Trendy
Google Maps: https://www.google.com/maps/search/?api=1&amp;query=C.a.m%20St%C3%A9%2C%20Paris%2C%20France
Website: http://jeanmichelthirion.blogspot.fr</description>
      <Point>
        <coordinates>2.3548853,48.8649869,0</coordinates>
      </Point>
    </Placemark>
    <Placemark>
      <name>CHOUKRAN</name>
      <description>Type: Moroccan Restaurant
Google: 4.8 (4,432 reviews)
Food types: restaurant
Tags: Moroccan
Google Maps: https://maps.google.com/?cid=3902433684930978561&amp;g_mp=CiVnb29nbGUubWFwcy5wbGFjZXMudjEuUGxhY2VzLkdldFBsYWNlEAIYBCAA
Website: http://www.choukran.fr/
Booking: https://bookings.zenchef.com/results?rid=367766&amp;fullscreen=1&amp;mini=0&amp;pid=mapstr&amp;primaryColor=FFC222&amp;type=web</description>
      <Point>
        <coordinates>2.336928606033325,48.87644195556641,0</coordinates>
      </Point>
    </Placemark>
    <Placemark>
      <name>COMER parís.méxico</name>
      <description>Type: Mexican Restaurant
Arrondissement: 10e
Google: 4.8 (688 reviews)
Food types: restaurant
Tags: Street food, Mexican, Restaurant
Google Maps: https://maps.google.com/?cid=11957433795774863061&amp;g_mp=CiVnb29nbGUubWFwcy5wbGFjZXMudjEuUGxhY2VzLkdldFBsYWNlEAIYBCAA
Website: https://www.parismexico.fr/comer-parismexico?utm_source=mapstr&amp;utm_medium=wix_google_business_profile&amp;utm_campaign=5541708684634353227
Booking: https://bookings.zenchef.com/results?rid=362190&amp;fullscreen=1&amp;mini=0&amp;pid=mapstr&amp;primaryColor=FFC222&amp;type=web</description>
      <Point>
        <coordinates>2.3516751,48.8773422,0</coordinates>
      </Point>
    </Placemark>
    <Placemark>
      <name>Caché</name>
      <description>Type: Restaurant
Arrondissement: 20e
Google: 4.0 (604 reviews)
Food types: restaurant
Tags: ❤️, Restaurant, Trendy, Fish
Google summary: Innovative, seasonal fish &amp; seafood dishes inspired by the Mediterranean in a chic, dark-hued space.
Google Maps: https://maps.google.com/?cid=12174620226242512312&amp;g_mp=CiVnb29nbGUubWFwcy5wbGFjZXMudjEuUGxhY2VzLkdldFBsYWNlEAIYBCAA
Website: https://www.cache-paris.com/
Booking: https://bookings.zenchef.com/results?rid=353214&amp;fullscreen=1&amp;mini=0&amp;pid=mapstr&amp;primaryColor=FFC222&amp;type=web</description>
      <Point>
        <coordinates>2.396562099999999,48.8578452,0</coordinates>
      </Point>
    </Placemark>
    <Placemark>
      <name>Café Artcurial</name>
      <description>Arrondissement: 8e
Food types: restaurant
Tags: Restaurant, Italian
Google Maps: https://www.google.com/maps/search/?api=1&amp;query=Caf%C3%A9%20Artcurial%2C%20Paris%2C%20France
Website: http://www.cafeartcurial.fr/</description>
      <Point>
        <coordinates>2.3088967,48.8686407,0</coordinates>
      </Point>
    </Placemark>
    <Placemark>
      <name>Café Singuliers</name>
      <description>Type: Restaurant
Arrondissement: 11e
Google: 4.4 (461 reviews)
Food types: restaurant
Tags: ❤️, Restaurant
Google Maps: https://maps.google.com/?cid=14412258830261405838&amp;g_mp=CiVnb29nbGUubWFwcy5wbGFjZXMudjEuUGxhY2VzLkdldFBsYWNlEAIYBCAA
Website: https://instagram.com/cafe.singuliers?igshid=OGQ5ZDc2ODk2ZA==
Booking: https://bookings.zenchef.com/results?rid=363074&amp;fullscreen=1&amp;mini=0&amp;pid=mapstr&amp;primaryColor=FFC222&amp;type=web</description>
      <Point>
        <coordinates>2.3863914,48.8518786,0</coordinates>
      </Point>
    </Placemark>
    <Placemark>
      <name>Café des Ministères</name>
      <description>Type: French Restaurant
Arrondissement: 7e
Price: €€
Google: 4.6 (566 reviews)
Food types: restaurant
Tags: Frenchie, Restaurant, Bistrot
Google summary: Creatively reinterpreted classic French dishes, plus regional wines, at an elegant bistro.
Google Maps: https://maps.google.com/?cid=7528679401092021829&amp;g_mp=CiVnb29nbGUubWFwcy5wbGFjZXMudjEuUGxhY2VzLkdldFBsYWNlEAIYBCAA
Website: http://www.cafedesministeres.fr/
Booking: https://bookings.zenchef.com/results?rid=352301&amp;fullscreen=1&amp;mini=0&amp;pid=mapstr&amp;primaryColor=FFC222&amp;type=web</description>
      <Point>
        <coordinates>2.319291499999999,48.86064109999999,0</coordinates>
      </Point>
    </Placemark>
    <Placemark>
      <name>Cagnard</name>
      <description>Type: Restaurant
Arrondissement: 10e
Google: 4.9 (174 reviews)
Food types: restaurant
Tags: Restaurant
Google Maps: https://maps.google.com/?cid=18294089130908118477&amp;g_mp=CiVnb29nbGUubWFwcy5wbGFjZXMudjEuUGxhY2VzLkdldFBsYWNlEAIYBCAA
Website: https://www.cagnard-restaurant.com/
Booking: http://www.opentable.fr/r/cagnard-paris?ref=17374</description>
      <Point>
        <coordinates>2.3545051,48.8772765,0</coordinates>
      </Point>
    </Placemark>
    <Placemark>
      <name>Camille</name>
      <description>Arrondissement: 3e
Food types: restaurant
Tags: Frenchie
Google Maps: https://www.google.com/maps/search/?api=1&amp;query=Camille%2C%20Paris%2C%20France
Website: https://eater.space/camille
Booking: https://bookings.zenchef.com/results?rid=361419&amp;fullscreen=1&amp;mini=0&amp;pid=mapstr&amp;primaryColor=FFC222&amp;type=web</description>
      <Point>
        <coordinates>2.3607054,48.8577648,0</coordinates>
      </Point>
    </Placemark>
    <Placemark>
      <name>Carboni’s</name>
      <description>Arrondissement: 3e
Food types: restaurant
Tags: Bistrot, Trendy
Google Maps: https://www.google.com/maps/search/?api=1&amp;query=Carboni%E2%80%99s%2C%20Paris%2C%20France
Website: http://www.carbonisparis.com/
Booking: https://bookings.zenchef.com/results?rid=348720&amp;fullscreen=1&amp;mini=0&amp;pid=mapstr&amp;primaryColor=FFC222&amp;type=web</description>
      <Point>
        <coordinates>2.3613013,48.8616657,0</coordinates>
      </Point>
    </Placemark>
    <Placemark>
      <name>Casa Bini</name>
      <description>Type: Italian Restaurant
Arrondissement: 6e
Price: €€
Google: 4.3 (649 reviews)
Food types: restaurant
Tags: Italian, Restaurant
Google summary: Daily menus featuring elegant Italian starters &amp; desserts, plus pasta dishes, in a wood-beamed stop.
Google Maps: https://maps.google.com/?cid=8410390317281821262&amp;g_mp=CiVnb29nbGUubWFwcy5wbGFjZXMudjEuUGxhY2VzLkdldFBsYWNlEAIYBCAA
Website: http://www.casabini.fr/
Booking: https://bookings.zenchef.com/results?rid=2402&amp;fullscreen=1&amp;mini=0&amp;pid=mapstr&amp;primaryColor=FFC222&amp;type=web</description>
      <Point>
        <coordinates>2.3374977,48.8522566,0</coordinates>
      </Point>
    </Placemark>
    <Placemark>
      <name>Casa Pregonda</name>
      <description>Type: Restaurant
Arrondissement: 2e
Google: 4.6 (393 reviews)
Food types: restaurant
Tags: Restaurant
Google Maps: https://maps.google.com/?cid=18148597972882984252&amp;g_mp=CiVnb29nbGUubWFwcy5wbGFjZXMudjEuUGxhY2VzLkdldFBsYWNlEAIYBCAA
Website: https://www.casapregonda.com/?utm_source=mapstr&amp;utm_medium=organic&amp;utm_campaign=mybusiness-website</description>
      <Point>
        <coordinates>2.3482403,48.865092,0</coordinates>
      </Point>
    </Placemark>
    <Placemark>
      <name>Castille Paris - restaurant L&apos;Assaggio</name>
      <description>Type: Italian Restaurant
Arrondissement: 1er
Google: 4.4 (175 reviews)
Food types: restaurant
Tags: Italian, Restaurant, Terrasse
Google Maps: https://maps.google.com/?cid=6124682048026732297&amp;g_mp=CiVnb29nbGUubWFwcy5wbGFjZXMudjEuUGxhY2VzLkdldFBsYWNlEAIYBCAA
Website: http://www.castille.com
Booking: https://thefork.fr/restaurant/l-assaggio-castille-paris-r6120/?cc=24751-923</description>
      <Point>
        <coordinates>2.326873,48.868336,0</coordinates>
      </Point>
    </Placemark>
    <Placemark>
      <name>Cezembre Restaurant</name>
      <description>Arrondissement: 6e
Food types: restaurant
Tags: Restaurant
Google Maps: https://www.google.com/maps/search/?api=1&amp;query=Cezembre%20Restaurant%2C%20Paris%2C%20France
Website: http://www.cezembrerestaurant.com/en/
Booking: https://bookings.zenchef.com/results?rid=349109&amp;fullscreen=1&amp;mini=0&amp;pid=mapstr&amp;primaryColor=FFC222&amp;type=web</description>
      <Point>
        <coordinates>2.3378775,48.8530454,0</coordinates>
      </Point>
    </Placemark>
    <Placemark>
      <name>Cheri charlot</name>
      <description>Arrondissement: 9e
Food types: restaurant
Tags: Restaurant
Google Maps: https://www.google.com/maps/search/?api=1&amp;query=Cheri%20charlot%2C%20Paris%2C%20France
Website: http://www.chericharlot.com</description>
      <Point>
        <coordinates>2.3443527,48.8739956,0</coordinates>
      </Point>
    </Placemark>
    <Placemark>
      <name>Chez Aline</name>
      <description>Arrondissement: 11e
Food types: restaurant
Tags: ❤️, Take away
Google Maps: https://www.google.com/maps/search/?api=1&amp;query=Chez%20Aline%2C%20Paris%2C%20France
Website: http://www.lefooding.com/restaurant/restaurant-chez-aline-paris.html</description>
      <Point>
        <coordinates>2.3784981,48.85709970000001,0</coordinates>
      </Point>
    </Placemark>
    <Placemark>
      <name>Chez Casimir</name>
      <description>Arrondissement: 10e
Food types: restaurant
Tags: Restaurant, Creps
Google Maps: https://www.google.com/maps/search/?api=1&amp;query=Chez%20Casimir%2C%20Paris%2C%20France
Website: https://www.casimir.paris/
Booking: https://bookings.zenchef.com/results?rid=364645&amp;fullscreen=1&amp;mini=0&amp;pid=mapstr&amp;primaryColor=FFC222&amp;type=web</description>
      <Point>
        <coordinates>2.3524371,48.8794666,0</coordinates>
      </Point>
    </Placemark>
    <Placemark>
      <name>Chez Denise</name>
      <description>Type: French Restaurant
Arrondissement: 1er
Price: €€
Google: 4.3 (2,524 reviews)
Food types: restaurant
Tags: Restaurant
Google Maps: https://maps.google.com/?cid=8302090940691035364&amp;g_mp=CiVnb29nbGUubWFwcy5wbGFjZXMudjEuUGxhY2VzLkdldFBsYWNlEAIYBCAA
Website: http://www.paris-bistro.com/choisir/paris1/la-tour-de-montlhery-chez-denise</description>
      <Point>
        <coordinates>2.3441953,48.8615614,0</coordinates>
      </Point>
    </Placemark>
    <Placemark>
      <name>Chez Dumonet</name>
      <description>Type: French Restaurant
Arrondissement: 6e
Price: €€€
Google: 4.4 (1,042 reviews)
Food types: restaurant
Tags: Restaurant, Bistrot
Google summary: Foie gras, beef bourguignon, soufflés &amp; a long regional wine list at a classic, veteran brasserie.
Google Maps: https://maps.google.com/?cid=1141709340899504093&amp;g_mp=CiVnb29nbGUubWFwcy5wbGFjZXMudjEuUGxhY2VzLkdldFBsYWNlEAIYBCAA
Website: https://www.facebook.com/chezdumonetjosephine/
Booking: https://bookings.zenchef.com/results?rid=377647&amp;fullscreen=1&amp;mini=0&amp;pid=mapstr&amp;primaryColor=FFC222&amp;type=web</description>
      <Point>
        <coordinates>2.319896,48.845762,0</coordinates>
      </Point>
    </Placemark>
    <Placemark>
      <name>Chez Georges</name>
      <description>Arrondissement: 2e
Food types: restaurant
Tags: Frenchie, Restaurant, ❤️
Google Maps: https://www.google.com/maps/search/?api=1&amp;query=Chez%20Georges%2C%20Paris%2C%20France
Website: http://www.facebook.com/Chez-Georges-depuis-1964-209242622441222/</description>
      <Point>
        <coordinates>2.3413437,48.8663761,0</coordinates>
      </Point>
    </Placemark>
    <Placemark>
      <name>Chez Justine</name>
      <description>Type: Restaurant
Arrondissement: 11e
Price: €€
Google: 4.4 (2,627 reviews)
Food types: restaurant
Tags: Restaurant, Trendy, Italian
Google summary: Barbecued meats, salads &amp; wood-fired Neapolitan-style pizzas in a light-filled, modern brasserie.
Google Maps: https://maps.google.com/?cid=3521816774576962417&amp;g_mp=CiVnb29nbGUubWFwcy5wbGFjZXMudjEuUGxhY2VzLkdldFBsYWNlEAIYBCAA
Website: https://justineparis.fr/
Booking: https://bookings.zenchef.com/results?rid=378661&amp;fullscreen=1&amp;mini=0&amp;pid=mapstr&amp;primaryColor=FFC222&amp;type=web</description>
      <Point>
        <coordinates>2.377854999999999,48.8656838,0</coordinates>
      </Point>
    </Placemark>
    <Placemark>
      <name>Chez Lulu</name>
      <description>Type: Event Venue
Arrondissement: 1er
Google: 4.0 (298 reviews)
Food types: restaurant
Tags: Dancing
Google Maps: https://maps.google.com/?cid=8286228607451020226&amp;g_mp=CiVnb29nbGUubWFwcy5wbGFjZXMudjEuUGxhY2VzLkdldFBsYWNlEAIYBCAA
Website: https://chezlulu.paris/</description>
      <Point>
        <coordinates>2.3440432,48.86420340000001,0</coordinates>
      </Point>
    </Placemark>
    <Placemark>
      <name>Chez Marcel</name>
      <description>Type: French Restaurant
Arrondissement: 6e
Price: €€
Google: 4.7 (752 reviews)
Food types: restaurant
Tags: Bistrot
Google summary: Traditional French meals in an easygoing locale with a retro vibe &amp; eclectic artwork.
Google Maps: https://maps.google.com/?cid=9045173215651603280&amp;g_mp=CiVnb29nbGUubWFwcy5wbGFjZXMudjEuUGxhY2VzLkdldFBsYWNlEAIYBCAA
Website: https://chezmarcel.cool/
Booking: https://bookings.zenchef.com/results?rid=349039&amp;fullscreen=1&amp;mini=0&amp;pid=mapstr&amp;primaryColor=FFC222&amp;type=web</description>
      <Point>
        <coordinates>2.328337,48.8437934,0</coordinates>
      </Point>
    </Placemark>
    <Placemark>
      <name>Chez Nenesse</name>
      <description>Type: French Restaurant
Arrondissement: 3e
Price: €€
Google: 4.5 (414 reviews)
Food types: restaurant
Tags: bootstrap, marais, Bistrot, ❤️
Google Maps: https://maps.google.com/?cid=16561272595310479406&amp;g_mp=CiVnb29nbGUubWFwcy5wbGFjZXMudjEuUGxhY2VzLkdldFBsYWNlEAIYBCAA
Website: http://chez-nenesse.edan.io
Booking: https://thefork.fr/restaurant/cafe-nenesse-r201777/?cc=24751-923</description>
      <Point>
        <coordinates>2.3622983,48.8617226,0</coordinates>
      </Point>
    </Placemark>
    <Placemark>
      <name>Chicahualco Table Mexicaine par Mercedes Ahumada</name>
      <description>Type: French Restaurant
Arrondissement: 17e
Google: 4.8 (285 reviews)
Food types: restaurant
Tags: Restaurant, Mexican
Google Maps: https://maps.google.com/?cid=15721137406630003613&amp;g_mp=CiVnb29nbGUubWFwcy5wbGFjZXMudjEuUGxhY2VzLkdldFBsYWNlEAIYBCAA
Booking: https://thefork.fr/restaurant/chicahualco-par-mercedes-ahumada-r813176/?cc=24751-923</description>
      <Point>
        <coordinates>2.319703340530396,48.88448715209961,0</coordinates>
      </Point>
    </Placemark>
    <Placemark>
      <name>ChoCho</name>
      <description>Type: Restaurant
Arrondissement: 10e
Google: 4.5 (1,596 reviews)
Food types: restaurant
Tags: Restaurant
Google summary: Daily menus of innovative tapas served in a chic space with plush booths &amp; communal tables.
Google Maps: https://maps.google.com/?cid=13144559127925963940&amp;g_mp=CiVnb29nbGUubWFwcy5wbGFjZXMudjEuUGxhY2VzLkdldFBsYWNlEAIYBCAA
Website: https://chocho.becsparisiens.fr/
Booking: https://bookings.zenchef.com/results?rid=357929&amp;fullscreen=1&amp;mini=0&amp;pid=mapstr&amp;primaryColor=FFC222&amp;type=web</description>
      <Point>
        <coordinates>2.349255,48.8757409,0</coordinates>
      </Point>
    </Placemark>
    <Placemark>
      <name>Chop Chop Love</name>
      <description>Type: Tapas Restaurant
Arrondissement: 10e
Google: 4.4 (156 reviews)
Food types: restaurant
Tags: Restaurant, Trendy
Google Maps: https://maps.google.com/?cid=15092401057493581023&amp;g_mp=CiVnb29nbGUubWFwcy5wbGFjZXMudjEuUGxhY2VzLkdldFBsYWNlEAIYBCAA
Booking: https://bookings.zenchef.com/results?rid=376716&amp;fullscreen=1&amp;mini=0&amp;pid=mapstr&amp;primaryColor=FFC222&amp;type=web</description>
      <Point>
        <coordinates>2.360985,48.8767124,0</coordinates>
      </Point>
    </Placemark>
    <Placemark>
      <name>Churrasqueira Galo</name>
      <description>Arrondissement: 9e
Food types: restaurant
Tags: Restaurant
Google Maps: https://www.google.com/maps/search/?api=1&amp;query=Churrasqueira%20Galo%2C%20Paris%2C%20France
Website: http://4sq.com/ajP47M</description>
      <Point>
        <coordinates>2.3478273,48.8815943,0</coordinates>
      </Point>
    </Placemark>
    <Placemark>
      <name>Cibus</name>
      <description>Type: Italian Restaurant
Arrondissement: 1er
Google: 4.4 (76 reviews)
Food types: restaurant
Tags: Italian, Restaurant, Trendy
Google summary: Wood-lined, churchlike space known for Roman &amp; Neapolitan-style organic pastas with Italian wines.
Google Maps: https://maps.google.com/?cid=2559834538050633239&amp;g_mp=CiVnb29nbGUubWFwcy5wbGFjZXMudjEuUGxhY2VzLkdldFBsYWNlEAIYBCAA</description>
      <Point>
        <coordinates>2.335596,48.864901,0</coordinates>
      </Point>
    </Placemark>
    <Placemark>
      <name>Citrons et Huitres</name>
      <description>Type: Seafood Restaurant
Arrondissement: 9e
Google: 4.8 (262 reviews)
Food types: restaurant
Tags: Seafood
Google Maps: https://maps.google.com/?cid=12180854893773439781&amp;g_mp=CiVnb29nbGUubWFwcy5wbGFjZXMudjEuUGxhY2VzLkdldFBsYWNlEAIYBCAA
Website: https://www.orsohotels.com/hotel-rochechouart/citrons-et-huitres
Booking: https://www.citronsethuitres.com/</description>
      <Point>
        <coordinates>2.3408133,48.8819349,0</coordinates>
      </Point>
    </Placemark>
    <Placemark>
      <name>Clamato</name>
      <description>Arrondissement: 11e
Food types: restaurant
Tags: Restaurant, ❤️, Trendy
Google Maps: https://www.google.com/maps/search/?api=1&amp;query=Clamato%2C%20Paris%2C%20France
Website: http://clamato-charonne.fr/</description>
      <Point>
        <coordinates>2.380822599999999,48.8535622,0</coordinates>
      </Point>
    </Placemark>
    <Placemark>
      <name>CoCo</name>
      <description>Type: French Restaurant
Arrondissement: 9e
Price: €€€€
Google: 3.7 (5,894 reviews)
Food types: restaurant
Tags: Restaurant
Google summary: Genteel destination with a terrace offering fine dining &amp; a weekend brunch menu.
Google Maps: https://maps.google.com/?cid=8447856253269244802&amp;g_mp=CiVnb29nbGUubWFwcy5wbGFjZXMudjEuUGxhY2VzLkdldFBsYWNlEAIYBCAA
Website: http://coco-paris.com/</description>
      <Point>
        <coordinates>2.3328516,48.8716754,0</coordinates>
      </Point>
    </Placemark>
    <Placemark>
      <name>Cococo</name>
      <description>Arrondissement: 1er
Food types: restaurant
Tags: Japanese, Restaurant, Healthy
Google Maps: https://www.google.com/maps/search/?api=1&amp;query=Cococo%2C%20Paris%2C%20France
Website: http://restaurant-cococo.fr/fr</description>
      <Point>
        <coordinates>2.3410183,48.8643242,0</coordinates>
      </Point>
    </Placemark>
    <Placemark>
      <name>Cosi</name>
      <description>Arrondissement: 6e
Food types: restaurant
Tags: Italian
Google Maps: https://www.google.com/maps/search/?api=1&amp;query=Cosi%2C%20Paris%2C%20France
Website: http://www.facebook.com/Cosi-126474794072452/</description>
      <Point>
        <coordinates>2.3368877,48.85412549999999,0</coordinates>
      </Point>
    </Placemark>
    <Placemark>
      <name>Crabe Marteau</name>
      <description>Type: Seafood Restaurant
Arrondissement: 17e
Price: €€
Google: 4.6 (1,297 reviews)
Food types: restaurant
Tags: Fish
Google Maps: https://maps.google.com/?cid=11254960169320658338&amp;g_mp=CiVnb29nbGUubWFwcy5wbGFjZXMudjEuUGxhY2VzLkdldFBsYWNlEAIYBCAA
Website: http://www.crabemarteau.fr/
Booking: https://bookings.zenchef.com/results?rid=375163&amp;fullscreen=1&amp;mini=0&amp;pid=mapstr&amp;primaryColor=FFC222&amp;type=web</description>
      <Point>
        <coordinates>2.2906062,48.87640409999999,0</coordinates>
      </Point>
    </Placemark>
    <Placemark>
      <name>Da Vito</name>
      <description>Type: Pizza Restaurant
Arrondissement: 11e
Price: €€
Google: 4.6 (567 reviews)
Food types: restaurant
Tags: Restaurant, Italian
Google Maps: https://maps.google.com/?cid=1080963158551362486&amp;g_mp=CiVnb29nbGUubWFwcy5wbGFjZXMudjEuUGxhY2VzLkdldFBsYWNlEAIYBCAA
Website: http://davitopizzeria.fr/
Booking: https://menu.tastycloud.fr/e750afdd84e0384de07a90582ca78e6a49102cc2d32fadda4f8fd762085552ff</description>
      <Point>
        <coordinates>2.3712284,48.8556617,0</coordinates>
      </Point>
    </Placemark>
    <Placemark>
      <name>Daimant Saint-Honoré</name>
      <description>Type: Vegan Restaurant
Arrondissement: 1er
Google: 4.8 (1,252 reviews)
Food types: restaurant
Tags: Restaurant, Vegetarian
Google Maps: https://maps.google.com/?cid=17958630248443458283&amp;g_mp=CiVnb29nbGUubWFwcy5wbGFjZXMudjEuUGxhY2VzLkdldFBsYWNlEAIYBCAA
Website: https://www.daimant.co/daimant-saint-honore.html
Booking: http://www.opentable.fr/r/daimant-saint-honore-paris?ref=17374</description>
      <Point>
        <coordinates>2.3321146,48.8664314,0</coordinates>
      </Point>
    </Placemark>
    <Placemark>
      <name>Dalmata Pizza</name>
      <description>Type: Pizza Restaurant
Arrondissement: 2e
Price: €€
Google: 4.6 (5,183 reviews)
Food types: restaurant
Tags: Restaurant, Italian
Google summary: Neapolitan pizzas &amp; wine in a cool space with tiled walls, neon signs &amp; stool seating.
Google Maps: https://maps.google.com/?cid=7427257690908006442&amp;g_mp=CiVnb29nbGUubWFwcy5wbGFjZXMudjEuUGxhY2VzLkdldFBsYWNlEAIYBCAA
Website: https://www.gruppodalmata.com/
Booking: https://www.gruppodalmata.com/restaurant/dalmata/menu/food</description>
      <Point>
        <coordinates>2.3495774269104,48.86450576782227,0</coordinates>
      </Point>
    </Placemark>
    <Placemark>
      <name>Daroco Bourse</name>
      <description>Arrondissement: 2e
Food types: restaurant
Tags: Restaurant, Trendy, Italian
Google Maps: https://www.google.com/maps/search/?api=1&amp;query=Daroco%20Bourse%2C%20Paris%2C%20France
Website: https://www.daroco.com
Booking: https://bookings.zenchef.com/results?rid=347479&amp;fullscreen=1&amp;mini=0&amp;pid=mapstr&amp;primaryColor=FFC222&amp;type=web</description>
      <Point>
        <coordinates>2.3392712,48.8671391,0</coordinates>
      </Point>
    </Placemark>
    <Placemark>
      <name>Delhi Bazaar</name>
      <description>Type: Indian Restaurant
Arrondissement: 11e
Google: 4.8 (6,538 reviews)
Food types: restaurant
Tags: Indian, Restaurant
Google Maps: https://maps.google.com/?cid=3087775464631119870&amp;g_mp=CiVnb29nbGUubWFwcy5wbGFjZXMudjEuUGxhY2VzLkdldFBsYWNlEAIYBCAA
Booking: https://bookings.zenchef.com/results?rid=361511&amp;fullscreen=1&amp;mini=0&amp;pid=mapstr&amp;primaryColor=FFC222&amp;type=web</description>
      <Point>
        <coordinates>2.3811489,48.86369939999999,0</coordinates>
      </Point>
    </Placemark>
    <Placemark>
      <name>Do et Riz</name>
      <description>Arrondissement: 12e
Food types: restaurant
Tags: Vietnamiese, Restaurant
Google Maps: https://www.google.com/maps/search/?api=1&amp;query=Do%20et%20Riz%2C%20Paris%2C%20France</description>
      <Point>
        <coordinates>2.378181,48.8503682,0</coordinates>
      </Point>
    </Placemark>
    <Placemark>
      <name>DokiDoki Louvre - Finest Handroll Bar</name>
      <description>Type: Restaurant
Arrondissement: 1er
Google: 4.6 (658 reviews)
Food types: restaurant
Tags: Fish, Japanese
Google Maps: https://maps.google.com/?cid=10816110014351811526&amp;g_mp=CiVnb29nbGUubWFwcy5wbGFjZXMudjEuUGxhY2VzLkdldFBsYWNlEAIYBCAA
Website: http://www.dokidoki-handroll.com/
Booking: https://thefork.fr/restaurant/dokidoki-paris-9-r837834/?cc=24751-923</description>
      <Point>
        <coordinates>2.3420125,48.8631972,0</coordinates>
      </Point>
    </Placemark>
    <Placemark>
      <name>Double Dragon</name>
      <description>Type: Bistro
Arrondissement: 11e
Google: 4.2 (655 reviews)
Food types: restaurant
Tags: Restaurant, Trendy
Google summary: A menu of vibrant, Filipino-influenced dishes &amp; natural wine in a contemporary restaurant.
Google Maps: https://maps.google.com/?cid=972382536314200775&amp;g_mp=CiVnb29nbGUubWFwcy5wbGFjZXMudjEuUGxhY2VzLkdldFBsYWNlEAIYBCAA
Website: https://www.doubledragonparis.com/</description>
      <Point>
        <coordinates>2.3799102,48.862523,0</coordinates>
      </Point>
    </Placemark>
    <Placemark>
      <name>Dumbo Pigalle</name>
      <description>Type: Hamburger Restaurant
Arrondissement: 9e
Google: 4.5 (1,715 reviews)
Food types: restaurant
Tags: Burger
Google summary: Simple, stylish brickwork grill &amp; takeout serving beef patties on potato buns with pickles &amp; fries.
Google Maps: https://maps.google.com/?cid=3917238693774602226&amp;g_mp=CiVnb29nbGUubWFwcy5wbGFjZXMudjEuUGxhY2VzLkdldFBsYWNlEAIYBCAA
Website: https://www.instagram.com/dumboparis/</description>
      <Point>
        <coordinates>2.3369591,48.8816541,0</coordinates>
      </Point>
    </Placemark>
    <Placemark>
      <name>Echo</name>
      <description>Arrondissement: 2e
Food types: restaurant
Tags: Restaurant, Trendy
Google Maps: https://www.google.com/maps/search/?api=1&amp;query=Echo%2C%20Paris%2C%20France
Website: http://www.echo-paris.com/
Booking: https://bookings.zenchef.com/results?rid=354363&amp;fullscreen=1&amp;mini=0&amp;pid=mapstr&amp;primaryColor=FFC222&amp;type=web</description>
      <Point>
        <coordinates>2.3485325,48.8682785,0</coordinates>
      </Point>
    </Placemark>
    <Placemark>
      <name>El Nopal</name>
      <description>Type: Mexican Restaurant
Arrondissement: 10e
Price: €
Google: 4.3 (782 reviews)
Food types: restaurant
Tags: Mexican, Restaurant
Google Maps: https://maps.google.com/?cid=6003979595994778494&amp;g_mp=CiVnb29nbGUubWFwcy5wbGFjZXMudjEuUGxhY2VzLkdldFBsYWNlEAIYBCAA
Website: https://www.elnopalparis.com/</description>
      <Point>
        <coordinates>2.3651426,48.87782879999999,0</coordinates>
      </Point>
    </Placemark>
    <Placemark>
      <name>El Nopal Taqueria</name>
      <description>Type: Mexican Restaurant
Arrondissement: 9e
Google: 4.5 (1,376 reviews)
Food types: restaurant
Tags: Mexican, Restaurant
Google Maps: https://maps.google.com/?cid=4505823388786636276&amp;g_mp=CiVnb29nbGUubWFwcy5wbGFjZXMudjEuUGxhY2VzLkdldFBsYWNlEAIYBCAA
Website: http://www.elnopalparis.com/</description>
      <Point>
        <coordinates>2.3364629,48.8819802,0</coordinates>
      </Point>
    </Placemark>
    <Placemark>
      <name>Elbi</name>
      <description>Type: Restaurant
Arrondissement: 10e
Google: 4.5 (239 reviews)
Food types: restaurant
Tags: Restaurant, Trendy
Google Maps: https://maps.google.com/?cid=15869480553498492054&amp;g_mp=CiVnb29nbGUubWFwcy5wbGFjZXMudjEuUGxhY2VzLkdldFBsYWNlEAIYBCAA
Website: https://restaurantelbi.fr/</description>
      <Point>
        <coordinates>2.3519748,48.8751181,0</coordinates>
      </Point>
    </Placemark>
    <Placemark>
      <name>EnYaa</name>
      <description>Arrondissement: 1er
Food types: restaurant
Tags: Japanese, Restaurant
Google Maps: https://www.google.com/maps/search/?api=1&amp;query=EnYaa%2C%20Paris%2C%20France
Website: http://www.enyaa-paris.com/
Booking: https://thefork.fr/restaurant/enyaa-r286949/?cc=24751-923</description>
      <Point>
        <coordinates>2.337334499999999,48.8658639,0</coordinates>
      </Point>
    </Placemark>
    <Placemark>
      <name>Epoca</name>
      <description>Arrondissement: 7e
Food types: restaurant
Tags: Restaurant, Italian
Google Maps: https://www.google.com/maps/search/?api=1&amp;query=Epoca%2C%20Paris%2C%20France
Website: http://epoca.paris/
Booking: https://bookings.zenchef.com/results?rid=352004&amp;fullscreen=1&amp;mini=0&amp;pid=mapstr&amp;primaryColor=FFC222&amp;type=web</description>
      <Point>
        <coordinates>2.3178957,48.8500698,0</coordinates>
      </Point>
    </Placemark>
    <Placemark>
      <name>Eunoé</name>
      <description>Type: Restaurant
Arrondissement: 11e
Google: 4.8 (905 reviews)
Food types: restaurant
Tags: Frenchie, Restaurant, Japanese
Google Maps: https://maps.google.com/?cid=9843713178588934640&amp;g_mp=CiVnb29nbGUubWFwcy5wbGFjZXMudjEuUGxhY2VzLkdldFBsYWNlEAIYBCAA
Website: https://www.eunoe-restaurant.com/
Booking: https://bookings.zenchef.com/results?rid=362706&amp;fullscreen=1&amp;mini=0&amp;pid=mapstr&amp;primaryColor=FFC222&amp;type=web</description>
      <Point>
        <coordinates>2.378991,48.8607713,0</coordinates>
      </Point>
    </Placemark>
    <Placemark>
      <name>FELINI</name>
      <description>Type: Restaurant
Arrondissement: 9e
Google: 4.9 (66 reviews)
Food types: restaurant
Tags: Italian, Restaurant
Google Maps: https://maps.google.com/?cid=15702351425400949899&amp;g_mp=CiVnb29nbGUubWFwcy5wbGFjZXMudjEuUGxhY2VzLkdldFBsYWNlEAIYBCAA
Website: http://feliniparis.cargo.site/</description>
      <Point>
        <coordinates>2.3371124,48.8761687,0</coordinates>
      </Point>
    </Placemark>
    <Placemark>
      <name>FURIA</name>
      <description>Type: Mexican Restaurant
Arrondissement: 11e
Google: 4.4 (384 reviews)
Food types: restaurant
Tags: Mexican
Google Maps: https://maps.google.com/?cid=12229547262166145652&amp;g_mp=CiVnb29nbGUubWFwcy5wbGFjZXMudjEuUGxhY2VzLkdldFBsYWNlEAIYBCAA</description>
      <Point>
        <coordinates>2.3773666,48.8616671,0</coordinates>
      </Point>
    </Placemark>
    <Placemark>
      <name>Fana</name>
      <description>Type: Bistro
Arrondissement: 18e
Google: 4.9 (880 reviews)
Food types: restaurant
Tags: Restaurant
Google Maps: https://maps.google.com/?cid=16155946027569717043&amp;g_mp=CiVnb29nbGUubWFwcy5wbGFjZXMudjEuUGxhY2VzLkdldFBsYWNlEAIYBCAA
Website: https://www.fanabistro.fr/</description>
      <Point>
        <coordinates>2.345906,48.8915119,0</coordinates>
      </Point>
    </Placemark>
    <Placemark>
      <name>Faubourg Daimant</name>
      <description>Type: Vegan Restaurant
Arrondissement: 10e
Google: 4.6 (4,290 reviews)
Food types: restaurant
Tags: Vegan, Restaurant
Google Maps: https://maps.google.com/?cid=2801211592691105032&amp;g_mp=CiVnb29nbGUubWFwcy5wbGFjZXMudjEuUGxhY2VzLkdldFBsYWNlEAIYBCAA
Website: https://www.daimant.co/faubourg-daimant.html
Booking: http://www.opentable.fr/r/faubourg-daimant-paris?ref=17374</description>
      <Point>
        <coordinates>2.3489129,48.877016,0</coordinates>
      </Point>
    </Placemark>
    <Placemark>
      <name>Flor Cantina</name>
      <description>Type: Taco Restaurant
Arrondissement: 3e
Google: 4.5 (2 reviews)
Food types: restaurant
Tags: Restaurant, Trendy
Google Maps: https://maps.google.com/?cid=14436200215115488001&amp;g_mp=CiVnb29nbGUubWFwcy5wbGFjZXMudjEuUGxhY2VzLkdldFBsYWNlEAIYBCAA
Website: https://instagram.com/florcantina?igshid=YmMyMTA2M2Y=</description>
      <Point>
        <coordinates>2.3667638,48.860719,0</coordinates>
      </Point>
    </Placemark>
    <Placemark>
      <name>Frenchie, Rue du Nil, Paris, France</name>
      <description>Type: French Restaurant
Price: €€€
Google: 4.5 (2,024 reviews)
Food types: restaurant
Tags: Frenchie, Restaurant, Trendy
Google summary: Rustic-chic stop for seasonal French dishes with global influences, plus chef&apos;s carte blanche menus.
Google Maps: https://maps.google.com/?cid=10606828223601549059&amp;g_mp=CiVnb29nbGUubWFwcy5wbGFjZXMudjEuUGxhY2VzLkdldFBsYWNlEAIYBCAA
Website: http://www.frenchie-restaurant.com
Booking: https://bookings.zenchef.com/results?rid=357696&amp;fullscreen=1&amp;mini=0&amp;pid=mapstr&amp;primaryColor=FFC222&amp;type=web</description>
      <Point>
        <coordinates>2.347981445756456,48.86776388811727,0</coordinates>
      </Point>
    </Placemark>
    <Placemark>
      <name>Fulgurances</name>
      <description>Arrondissement: 11e
Food types: restaurant
Tags: Restaurant, Unusual
Google Maps: https://www.google.com/maps/search/?api=1&amp;query=Fulgurances%2C%20Paris%2C%20France
Website: http://www.fulgurances.com/
Booking: https://bookings.zenchef.com/results?rid=353612&amp;fullscreen=1&amp;mini=0&amp;pid=mapstr&amp;primaryColor=FFC222&amp;type=web</description>
      <Point>
        <coordinates>2.389863999999999,48.852931,0</coordinates>
      </Point>
    </Placemark>
    <Placemark>
      <name>Galette Café</name>
      <description>Type: Dessert Shop
Arrondissement: 7e
Price: €€
Google: 4.6 (1,091 reviews)
Food types: restaurant
Tags: Creps
Google summary: Modern venue with an industrial vibe, doling out Breton specialties like cider &amp; oysters.
Google Maps: https://maps.google.com/?cid=17249947048576793261&amp;g_mp=CiVnb29nbGUubWFwcy5wbGFjZXMudjEuUGxhY2VzLkdldFBsYWNlEAIYBCAA
Website: http://galette-cafe.com/
Booking: https://thefork.fr/restaurant/galette-cafe-r837607/?cc=24751-923</description>
      <Point>
        <coordinates>2.3141312,48.8610269,0</coordinates>
      </Point>
    </Placemark>
    <Placemark>
      <name>Garance</name>
      <description>Type: French Restaurant
Arrondissement: 7e
Price: €€€€
Google: 4.5 (319 reviews)
Food types: restaurant
Tags: Restaurant
Google summary: Inventive, seasonal French cuisine, plus a robust wine list, in an understated, monochrome space.
Google Maps: https://maps.google.com/?cid=138072956287092235&amp;g_mp=CiVnb29nbGUubWFwcy5wbGFjZXMudjEuUGxhY2VzLkdldFBsYWNlEAIYBCAA
Website: http://www.garance-saintdominique.fr/</description>
      <Point>
        <coordinates>2.3153274,48.8599927,0</coordinates>
      </Point>
    </Placemark>
    <Placemark>
      <name>Garçon !</name>
      <description>Type: Restaurant
Arrondissement: 6e
Google: 4.8 (354 reviews)
Food types: restaurant
Tags: Restaurant, Frenchie
Google Maps: https://maps.google.com/?cid=4945232902223918813&amp;g_mp=CiVnb29nbGUubWFwcy5wbGFjZXMudjEuUGxhY2VzLkdldFBsYWNlEAIYBCAA
Website: http://www.garcon-cafe.com/
Booking: https://thefork.fr/restaurant/garcon--r485827/?cc=24751-923</description>
      <Point>
        <coordinates>2.3230452,48.8475348,0</coordinates>
      </Point>
    </Placemark>
    <Placemark>
      <name>Gaston et Marlo - La table des copains</name>
      <description>Type: French Restaurant
Arrondissement: 10e
Price: €€
Google: 4.3 (3,543 reviews)
Food types: restaurant
Tags: Restaurant
Google summary: Auvergne dishes like aligot, truffade &amp; sausages served in a rustic dining room or on a terrace.
Google Maps: https://maps.google.com/?cid=16463095154158039715&amp;g_mp=CiVnb29nbGUubWFwcy5wbGFjZXMudjEuUGxhY2VzLkdldFBsYWNlEAIYBCAA
Website: http://www.leplombducantal.com/acces_rivedroite.htm</description>
      <Point>
        <coordinates>2.3548571,48.8691873,0</coordinates>
      </Point>
    </Placemark>
    <Placemark>
      <name>Gaya Rive Gauche</name>
      <description>Type: Seafood Restaurant
Arrondissement: 7e
Price: €€€€
Google: 4.6 (547 reviews)
Food types: restaurant
Tags: Fish, Restaurant
Google summary: Fine dining locale for grilled fish, lobster &amp; seafood platters, plus artfully plated desserts.
Google Maps: https://maps.google.com/?cid=6409924139855520036&amp;g_mp=CiVnb29nbGUubWFwcy5wbGFjZXMudjEuUGxhY2VzLkdldFBsYWNlEAIYBCAA
Website: http://www.pierre-gagnaire.com/
Booking: https://thefork.fr/restaurant/gaya-r658811/?cc=24751-923</description>
      <Point>
        <coordinates>2.323987,48.856578,0</coordinates>
      </Point>
    </Placemark>
    <Placemark>
      <name>Go Oun</name>
      <description>Type: Korean Restaurant
Arrondissement: 1er
Price: €€
Google: 4.4 (2,048 reviews)
Food types: restaurant
Tags: Korean, Restaurant
Google summary: Korean classics like bulgogi, bibimbap &amp; fried chicken in an unpretentious restaurant.
Google Maps: https://maps.google.com/?cid=1632090054616746540&amp;g_mp=CiVnb29nbGUubWFwcy5wbGFjZXMudjEuUGxhY2VzLkdldFBsYWNlEAIYBCAA
Website: http://resto-gooun.com/</description>
      <Point>
        <coordinates>2.33532,48.86635,0</coordinates>
      </Point>
    </Placemark>
    <Placemark>
      <name>Grand Café Capucines</name>
      <description>Type: French Restaurant
Arrondissement: 9e
Price: €€€
Google: 4.5 (16,304 reviews)
Food types: restaurant
Tags: Frenchie
Google summary: Seafood platters, oysters &amp; lobster, plus brasserie standards, in an opulent 1800s establishment.
Google Maps: https://maps.google.com/?cid=14345340856536771728&amp;g_mp=CiVnb29nbGUubWFwcy5wbGFjZXMudjEuUGxhY2VzLkdldFBsYWNlEAIYBCAA
Website: http://www.legrandcafe.com/?utm_source=Google&amp;utm_medium=GMB&amp;utm_campaign=GCC
Booking: https://bookings.zenchef.com/results?rid=352089&amp;fullscreen=1&amp;mini=0&amp;pid=mapstr&amp;primaryColor=FFC222&amp;type=web</description>
      <Point>
        <coordinates>2.33364,48.8711033,0</coordinates>
      </Point>
    </Placemark>
    <Placemark>
      <name>GrandCœur</name>
      <description>Arrondissement: 4e
Food types: restaurant
Tags: Bistrot, Frenchie, Italian
Google Maps: https://www.google.com/maps/search/?api=1&amp;query=GrandC%C5%93ur%2C%20Paris%2C%20France
Website: http://www.grandcoeur.paris/
Booking: https://bookings.zenchef.com/results?rid=356815&amp;pid=mapstr</description>
      <Point>
        <coordinates>2.3538752,48.85960069999999,0</coordinates>
      </Point>
    </Placemark>
    <Placemark>
      <name>Guenmaï</name>
      <description>Type: Vegetarian Restaurant
Arrondissement: 6e
Google: 4.3 (171 reviews)
Food types: restaurant
Tags: Vegetarian, Restaurant
Google Maps: https://maps.google.com/?cid=15163953535030597541&amp;g_mp=CiVnb29nbGUubWFwcy5wbGFjZXMudjEuUGxhY2VzLkdldFBsYWNlEAIYBCAA
Website: http://guen-ma.placestars.com</description>
      <Point>
        <coordinates>2.3358863,48.8540358,0</coordinates>
      </Point>
    </Placemark>
    <Placemark>
      <name>Haikara</name>
      <description>Type: Restaurant
Arrondissement: 11e
Google: 4.5 (275 reviews)
Food types: restaurant
Tags: Restaurant, Japanese
Google Maps: https://maps.google.com/?cid=9815362547646592954&amp;g_mp=CiVnb29nbGUubWFwcy5wbGFjZXMudjEuUGxhY2VzLkdldFBsYWNlEAIYBCAA
Website: https://haikarasummer.wixsite.com/haikarasummer
Booking: https://bookings.zenchef.com/results?rid=378763&amp;fullscreen=1&amp;mini=0&amp;pid=mapstr&amp;primaryColor=FFC222&amp;type=web</description>
      <Point>
        <coordinates>2.3700204,48.86643179999999,0</coordinates>
      </Point>
    </Placemark>
    <Placemark>
      <name>Halo Paris</name>
      <description>Type: Restaurant
Arrondissement: 2e
Google: 4.2 (454 reviews)
Food types: restaurant
Tags: ❤️, Trendy, Restaurant
Google Maps: https://maps.google.com/?cid=15262627556487208370&amp;g_mp=CiVnb29nbGUubWFwcy5wbGFjZXMudjEuUGxhY2VzLkdldFBsYWNlEAIYBCAA
Website: https://www.halo-paris.com/
Booking: https://bookings.zenchef.com/results?rid=360660&amp;fullscreen=1&amp;mini=0&amp;pid=mapstr&amp;primaryColor=FFC222&amp;type=web</description>
      <Point>
        <coordinates>2.3489193,48.86608719999999,0</coordinates>
      </Point>
    </Placemark>
    <Placemark>
      <name>Holybelly</name>
      <description>Arrondissement: 10e
Food types: restaurant
Tags: Restaurant, Breakfast, Trendy
Google Maps: https://www.google.com/maps/search/?api=1&amp;query=Holybelly%2C%20Paris%2C%20France
Website: https://holybellycafe.com/
Booking: https://holybellycafe.com/</description>
      <Point>
        <coordinates>2.3596598,48.8710421,0</coordinates>
      </Point>
    </Placemark>
    <Placemark>
      <name>Homer Lobster - Rambuteau</name>
      <description>Arrondissement: 4e
Food types: restaurant
Tags: Fish, Restaurant
Google Maps: https://www.google.com/maps/search/?api=1&amp;query=Homer%20Lobster%20-%20Rambuteau%2C%20Paris%2C%20France
Website: http://homerlobster.com/</description>
      <Point>
        <coordinates>2.3547084,48.8607329,0</coordinates>
      </Point>
    </Placemark>
    <Placemark>
      <name>Il Brigante</name>
      <description>Type: Pizza Restaurant
Arrondissement: 18e
Price: €€
Google: 4.1 (918 reviews)
Food types: restaurant
Tags: bootstrap, paris, Pizza
Google Maps: https://maps.google.com/?cid=16634504396523004284&amp;g_mp=CiVnb29nbGUubWFwcy5wbGFjZXMudjEuUGxhY2VzLkdldFBsYWNlEAIYBCAA
Website: http://ilbrigante.fr/</description>
      <Point>
        <coordinates>2.3400395,48.8921794,0</coordinates>
      </Point>
    </Placemark>
    <Placemark>
      <name>Il Giramondo</name>
      <description>Type: Caterer
Arrondissement: 7e
Google: 4.4 (107 reviews)
Food types: generic
Tags: Italian, Restaurant
Google Maps: https://maps.google.com/?cid=3486440292848557995&amp;g_mp=CiVnb29nbGUubWFwcy5wbGFjZXMudjEuUGxhY2VzLkdldFBsYWNlEAIYBCAA
Website: http://www.ilgiramondo7.com/</description>
      <Point>
        <coordinates>2.3047954,48.8572007,0</coordinates>
      </Point>
    </Placemark>
    <Placemark>
      <name>Imperial Treasure Fine Chinese Cuisine</name>
      <description>Type: Chinese Restaurant
Arrondissement: 8e
Price: €€€€
Google: 4.6 (599 reviews)
Food types: restaurant
Tags: Chinese, Restaurant
Google Maps: https://maps.google.com/?cid=8692003223524169515&amp;g_mp=CiVnb29nbGUubWFwcy5wbGFjZXMudjEuUGxhY2VzLkdldFBsYWNlEAIYBCAA
Website: https://www.imperialtreasure.com/france/
Booking: https://thefork.fr/restaurant/imperial-treasure-r540737/?cc=24751-923</description>
      <Point>
        <coordinates>2.299151699999999,48.8704617,0</coordinates>
      </Point>
    </Placemark>
    <Placemark>
      <name>Ippudo Saint-Germain</name>
      <description>Arrondissement: 6e
Food types: restaurant
Tags: Japanese, Restaurant
Google Maps: https://www.google.com/maps/search/?api=1&amp;query=Ippudo%20Saint-Germain%2C%20Paris%2C%20France
Website: http://www.ippudo.fr/
Booking: https://www.ippudo.fr/wp-content/uploads/Ippudo-SG-Grand-Menu-FR_2106.pdf</description>
      <Point>
        <coordinates>2.337689,48.8531969,0</coordinates>
      </Point>
    </Placemark>
    <Placemark>
      <name>JIN</name>
      <description>Arrondissement: 1er
Food types: restaurant
Tags: Japanese, Restaurant
Google Maps: https://www.google.com/maps/search/?api=1&amp;query=JIN%2C%20Paris%2C%20France
Website: https://www.jin-paris.com/
Booking: https://thefork.fr/restaurant/jin-r30379/?cc=24751-923</description>
      <Point>
        <coordinates>2.3318549,48.8653678,0</coordinates>
      </Point>
    </Placemark>
    <Placemark>
      <name>JJ Hings Ice Cream</name>
      <description>Type: Ice Cream Shop
Google: 4.7 (406 reviews)
Food types: restaurant
Tags: Icecream
Google Maps: https://maps.google.com/?cid=10806176213591851911&amp;g_mp=CiVnb29nbGUubWFwcy5wbGFjZXMudjEuUGxhY2VzLkdldFBsYWNlEAIYBCAA
Website: https://www.instagram.com/jjhings/</description>
      <Point>
        <coordinates>2.3645402,48.8735704,0</coordinates>
      </Point>
    </Placemark>
    <Placemark>
      <name>Jah Jah by le tricycle</name>
      <description>Arrondissement: 10e
Food types: restaurant
Tags: Healthy
Google Maps: https://www.google.com/maps/search/?api=1&amp;query=Jah%20Jah%20by%20le%20tricycle%2C%20Paris%2C%20France
Website: https://www.facebook.com/Le-tricycle-525366447501365/</description>
      <Point>
        <coordinates>2.35304,48.87319,0</coordinates>
      </Point>
    </Placemark>
    <Placemark>
      <name>Joayo Haussmann</name>
      <description>Type: Restaurant
Arrondissement: 9e
Google: 3.8 (4 reviews)
Food types: restaurant
Tags: Korean, Restaurant
Google Maps: https://maps.google.com/?cid=5993271726471404877&amp;g_mp=CiVnb29nbGUubWFwcy5wbGFjZXMudjEuUGxhY2VzLkdldFBsYWNlEAIYBCAA
Website: https://www.hanwoo.fr/
Booking: https://thefork.fr/restaurant/hanwoo-haussmann-r607785/?cc=24751-923</description>
      <Point>
        <coordinates>2.3281648,48.8815248,0</coordinates>
      </Point>
    </Placemark>
    <Placemark>
      <name>Jolia</name>
      <description>Type: Mediterranean Restaurant
Arrondissement: 11e
Google: 4.8 (2,107 reviews)
Food types: restaurant
Tags: Levantine, Restaurant
Google Maps: https://maps.google.com/?cid=1679236728840342012&amp;g_mp=CiVnb29nbGUubWFwcy5wbGFjZXMudjEuUGxhY2VzLkdldFBsYWNlEAIYBCAA
Website: https://www.daliagroup.com/
Booking: https://bookings.zenchef.com/results?rid=360703&amp;fullscreen=1&amp;mini=0&amp;pid=mapstr&amp;primaryColor=FFC222&amp;type=web</description>
      <Point>
        <coordinates>2.3778718,48.8600731,0</coordinates>
      </Point>
    </Placemark>
    <Placemark>
      <name>Jones</name>
      <description>Arrondissement: 11e
Food types: restaurant
Tags: Frenchie, Trendy, For groups
Google Maps: https://www.google.com/maps/search/?api=1&amp;query=Jones%2C%20Paris%2C%20France
Website: http://www.jonescaferestaurant.com/
Booking: https://bookings.zenchef.com/results?rid=349783&amp;fullscreen=1&amp;mini=0&amp;pid=mapstr&amp;primaryColor=FFC222&amp;type=web</description>
      <Point>
        <coordinates>2.380064,48.856584,0</coordinates>
      </Point>
    </Placemark>
    <Placemark>
      <name>Jouvence</name>
      <description>Arrondissement: 12e
Food types: restaurant
Tags: Frenchie, Restaurant
Google Maps: https://www.google.com/maps/search/?api=1&amp;query=Jouvence%2C%20Paris%2C%20France
Website: http://www.jouvence.paris/
Booking: https://ib.guestonline.fr/instabook/bookings/4360/zB1TF8d</description>
      <Point>
        <coordinates>2.3821274,48.850231,0</coordinates>
      </Point>
    </Placemark>
    <Placemark>
      <name>Jugetsudo</name>
      <description>Arrondissement: 6e
Food types: shopping
Tags: Japanese, Tea house
Google Maps: https://www.google.com/maps/search/?api=1&amp;query=Jugetsudo%2C%20Paris%2C%20France
Website: http://www.jugetsudo.fr/</description>
      <Point>
        <coordinates>2.337145,48.851861,0</coordinates>
      </Point>
    </Placemark>
    <Placemark>
      <name>Jugetsudo By Maruyama Nori</name>
      <description>Type: Tea Store
Google: 4.5 (238 reviews)
Food types: shopping
Tags: Japanese
Google Maps: https://maps.google.com/?cid=15393858356518776610&amp;g_mp=CiVnb29nbGUubWFwcy5wbGFjZXMudjEuUGxhY2VzLkdldFBsYWNlEAIYBCAA
Website: http://www.jugetsudo.fr/</description>
      <Point>
        <coordinates>2.337145,48.851861,0</coordinates>
      </Point>
    </Placemark>
    <Placemark>
      <name>KIEZ Biergarten</name>
      <description>Arrondissement: 18e
Food types: restaurant
Tags: Restaurant
Google Maps: https://www.google.com/maps/search/?api=1&amp;query=KIEZ%20Biergarten%2C%20Paris%2C%20France
Website: http://kiez.fr/
Booking: https://thefork.fr/restaurant/kiez-biergarten-montmartre-r466631/?cc=24751-923</description>
      <Point>
        <coordinates>2.3333468,48.89361040000001,0</coordinates>
      </Point>
    </Placemark>
    <Placemark>
      <name>KUTI</name>
      <description>Type: African Restaurant
Arrondissement: 10e
Google: 4.6 (1,085 reviews)
Food types: restaurant
Tags: African, Restaurant
Google Maps: https://maps.google.com/?cid=6125992257916989602&amp;g_mp=CiVnb29nbGUubWFwcy5wbGFjZXMudjEuUGxhY2VzLkdldFBsYWNlEAIYBCAA
Website: https://www.instagram.com/kutifood
Booking: https://bookings.zenchef.com/results?rid=366535&amp;fullscreen=1&amp;mini=0&amp;pid=mapstr&amp;primaryColor=FFC222&amp;type=web</description>
      <Point>
        <coordinates>2.3511629,48.8737443,0</coordinates>
      </Point>
    </Placemark>
    <Placemark>
      <name>Kapunka</name>
      <description>Arrondissement: 2e
Food types: restaurant
Tags: Thaï, Restaurant
Google Maps: https://www.google.com/maps/search/?api=1&amp;query=Kapunka%2C%20Paris%2C%20France
Website: http://kapunkagroup.com/
Booking: https://bookings.zenchef.com/results?rid=362694&amp;fullscreen=1&amp;mini=0&amp;pid=mapstr&amp;primaryColor=FFC222&amp;type=web</description>
      <Point>
        <coordinates>2.347699,48.866174,0</coordinates>
      </Point>
    </Placemark>
    <Placemark>
      <name>Keïli</name>
      <description>Type: Vegetarian Restaurant
Arrondissement: 11e
Google: 4.7 (167 reviews)
Food types: restaurant
Tags: Glutenfree, Restaurant
Google Maps: https://maps.google.com/?cid=11537380362036172628&amp;g_mp=CiVnb29nbGUubWFwcy5wbGFjZXMudjEuUGxhY2VzLkdldFBsYWNlEAIYBCAA
Website: https://m.facebook.com/keiliparis</description>
      <Point>
        <coordinates>2.3674048,48.8628534,0</coordinates>
      </Point>
    </Placemark>
    <Placemark>
      <name>Kioko</name>
      <description>Type: Asian Grocery Store
Arrondissement: 2e
Google: 4.5 (1,994 reviews)
Food types: generic
Tags: Japanese
Google Maps: https://maps.google.com/?cid=978557767171881823&amp;g_mp=CiVnb29nbGUubWFwcy5wbGFjZXMudjEuUGxhY2VzLkdldFBsYWNlEAIYBCAA
Website: http://www.kioko.fr</description>
      <Point>
        <coordinates>2.3344259,48.8673983,0</coordinates>
      </Point>
    </Placemark>
    <Placemark>
      <name>Kitchen Story</name>
      <description>Type: Chinese Restaurant
Arrondissement: 3e
Google: 4.5 (221 reviews)
Food types: restaurant
Tags: Restaurant, Chinese
Google Maps: https://maps.google.com/?cid=15827104559105094695&amp;g_mp=CiVnb29nbGUubWFwcy5wbGFjZXMudjEuUGxhY2VzLkdldFBsYWNlEAIYBCAA
Website: http://fr-fr.facebook.com/KitchenStoryKS</description>
      <Point>
        <coordinates>2.3566084,48.86451450000001,0</coordinates>
      </Point>
    </Placemark>
    <Placemark>
      <name>Kitchen Ter(re)</name>
      <description>Arrondissement: 5e
Food types: restaurant
Tags: Restaurant, Healthy
Google Maps: https://www.google.com/maps/search/?api=1&amp;query=Kitchen%20Ter(re)%2C%20Paris%2C%20France
Website: http://www.zekitchengalerie.fr/
Booking: https://bookings.zenchef.com/results?rid=350086&amp;fullscreen=1&amp;mini=0&amp;pid=mapstr&amp;primaryColor=FFC222&amp;type=web</description>
      <Point>
        <coordinates>2.352688300000001,48.8496889,0</coordinates>
      </Point>
    </Placemark>
    <Placemark>
      <name>Kodawari Ramen</name>
      <description>Type: Ramen Restaurant
Arrondissement: 6e
Price: €€
Google: 4.5 (16,388 reviews)
Food types: restaurant
Tags: Japanese, Restaurant
Google Maps: https://maps.google.com/?cid=16662473853684625669&amp;g_mp=CiVnb29nbGUubWFwcy5wbGFjZXMudjEuUGxhY2VzLkdldFBsYWNlEAIYBCAA
Website: https://www.kodawari-ramen.com/</description>
      <Point>
        <coordinates>2.3381383,48.8546132,0</coordinates>
      </Point>
    </Placemark>
    <Placemark>
      <name>Kokoya</name>
      <description>Arrondissement: 17e
Food types: restaurant
Tags: Japanese, Restaurant
Google Maps: https://www.google.com/maps/search/?api=1&amp;query=Kokoya%2C%20Paris%2C%20France
Website: https://www.facebook.com/pages/Kokoya-paris/156275464418607?sk=timeline&amp;ref=page_internal</description>
      <Point>
        <coordinates>2.323388,48.8833468,0</coordinates>
      </Point>
    </Placemark>
    <Placemark>
      <name>Kuna Bada</name>
      <description>Type: Indian Restaurant
Arrondissement: 2e
Google: 4.8 (1,583 reviews)
Food types: restaurant
Tags: Indian, Restaurant
Google Maps: https://maps.google.com/?cid=1509114375518727104&amp;g_mp=CiVnb29nbGUubWFwcy5wbGFjZXMudjEuUGxhY2VzLkdldFBsYWNlEAIYBCAA
Website: https://kuna-family.com/pages/kuna-bada
Booking: https://bookings.zenchef.com/results?rid=373410&amp;fullscreen=1&amp;mini=0&amp;pid=mapstr&amp;primaryColor=FFC222&amp;type=web</description>
      <Point>
        <coordinates>2.3434812,48.8659188,0</coordinates>
      </Point>
    </Placemark>
    <Placemark>
      <name>Kushikatsu Bon</name>
      <description>Type: Japanese Restaurant
Arrondissement: 11e
Google: 4.7 (406 reviews)
Food types: restaurant
Tags: Restaurant, Japanese
Google summary: Elegant, wood-lined restaurant specializing in upscale, Osaka-style breaded skewers.
Google Maps: https://maps.google.com/?cid=2289944439894265825&amp;g_mp=CiVnb29nbGUubWFwcy5wbGFjZXMudjEuUGxhY2VzLkdldFBsYWNlEAIYBCAA
Website: http://www.kushikatsubon.fr/
Booking: http://www.opentable.fr/r/kushikatsu-bon-paris?ref=17374</description>
      <Point>
        <coordinates>2.3691195,48.8654089,0</coordinates>
      </Point>
    </Placemark>
    <Placemark>
      <name>L&quot;Homme Bleu</name>
      <description>Type: Moroccan Restaurant
Arrondissement: 11e
Price: €€
Google: 4.7 (1,895 reviews)
Food types: restaurant
Tags: Restaurant, Couscous
Google Maps: https://maps.google.com/?cid=958615312626676892&amp;g_mp=CiVnb29nbGUubWFwcy5wbGFjZXMudjEuUGxhY2VzLkdldFBsYWNlEAIYBCAA
Website: http://www.restaurant-lhommebleu.fr/
Booking: https://thefork.fr/restaurant/l-homme-bleu-r376833/?cc=24751-923</description>
      <Point>
        <coordinates>2.3742798,48.8669655,0</coordinates>
      </Point>
    </Placemark>
    <Placemark>
      <name>L&apos;Alicheur</name>
      <description>Arrondissement: 11e
Food types: restaurant
Tags: Asian, Restaurant
Google Maps: https://www.google.com/maps/search/?api=1&amp;query=L&apos;Alicheur%2C%20Paris%2C%20France
Website: http://www.lalicheur.com/</description>
      <Point>
        <coordinates>2.377556599999999,48.8654871,0</coordinates>
      </Point>
    </Placemark>
    <Placemark>
      <name>L&apos;Alimentari</name>
      <description>Type: Italian Restaurant
Arrondissement: 4e
Google: 4.4 (316 reviews)
Food types: restaurant
Tags: Restaurant, Italian
Google Maps: https://maps.google.com/?cid=15463921742722530611&amp;g_mp=CiVnb29nbGUubWFwcy5wbGFjZXMudjEuUGxhY2VzLkdldFBsYWNlEAIYBCAA
Website: https://m.facebook.com/LAlimentari-290417151054338/?locale2=fr_FR</description>
      <Point>
        <coordinates>2.358408899999999,48.85651779999999,0</coordinates>
      </Point>
    </Placemark>
    <Placemark>
      <name>L&apos;Almanach Montmartre</name>
      <description>Type: French Restaurant
Arrondissement: 18e
Google: 4.8 (1,126 reviews)
Food types: restaurant
Tags: Restaurant
Google Maps: https://maps.google.com/?cid=8728155109587728409&amp;g_mp=CiVnb29nbGUubWFwcy5wbGFjZXMudjEuUGxhY2VzLkdldFBsYWNlEAIYBCAA
Website: http://almanach-montmartre.fr/
Booking: https://bookings.zenchef.com/results?rid=364390&amp;pid=mapstr</description>
      <Point>
        <coordinates>2.3462706,48.8893226,0</coordinates>
      </Point>
    </Placemark>
    <Placemark>
      <name>L&apos;Auberge des Crus</name>
      <description>Type: Restaurant
Arrondissement: 16e
Google: 4.6 (210 reviews)
Food types: restaurant
Tags: Bistrot, Frenchie, Restaurant
Google Maps: https://maps.google.com/?cid=6427997088925446496&amp;g_mp=CiVnb29nbGUubWFwcy5wbGFjZXMudjEuUGxhY2VzLkdldFBsYWNlEAIYBCAA
Website: https://www.aubergedescrus.com/
Booking: https://thefork.fr/restaurant/l-auberge-des-crus-r845309/?cc=24751-923</description>
      <Point>
        <coordinates>2.2652917,48.8491013,0</coordinates>
      </Point>
    </Placemark>
    <Placemark>
      <name>L&apos;Ecailler du Bistrot</name>
      <description>Type: Seafood Restaurant
Arrondissement: 11e
Price: €€
Google: 4.4 (184 reviews)
Food types: restaurant
Tags: Restaurant, Seafood
Google summary: Shellfish &amp; seafood platters, plus steaks &amp; desserts, at a chic bistro with outdoor tables.
Google Maps: https://maps.google.com/?cid=15927900291157359439&amp;g_mp=CiVnb29nbGUubWFwcy5wbGFjZXMudjEuUGxhY2VzLkdldFBsYWNlEAIYBCAA
Website: https://l-ecailler-du-bistrot.business.site/?utm_source=mapstr&amp;utm_medium=referral</description>
      <Point>
        <coordinates>2.38494348526001,48.85243606567383,0</coordinates>
      </Point>
    </Placemark>
    <Placemark>
      <name>L&apos;Entente, Le British Brasserie</name>
      <description>Type: British Restaurant
Arrondissement: 2e
Price: €€
Google: 4.3 (1,841 reviews)
Food types: restaurant
Tags: Restaurant
Google summary: Trendy takes on British classics like fish &apos;n&apos; chips, served in a cozy, wood-paneled dining room.
Google Maps: https://maps.google.com/?cid=10073635669287200806&amp;g_mp=CiVnb29nbGUubWFwcy5wbGFjZXMudjEuUGxhY2VzLkdldFBsYWNlEAIYBCAA
Website: https://lentente.paris/</description>
      <Point>
        <coordinates>2.335526,48.869178,0</coordinates>
      </Point>
    </Placemark>
    <Placemark>
      <name>L&apos;Orillon</name>
      <description>Arrondissement: 11e
Food types: restaurant
Tags: Frenchie, Restaurant
Google Maps: https://www.google.com/maps/search/?api=1&amp;query=L&apos;Orillon%2C%20Paris%2C%20France
Website: https://www.facebook.com/341368692625875</description>
      <Point>
        <coordinates>2.3763935,48.8702805,0</coordinates>
      </Point>
    </Placemark>
    <Placemark>
      <name>L&apos;inconnu</name>
      <description>Arrondissement: 7e
Food types: restaurant
Tags: Japanese, Simon Says, Restaurant, Italian
Google Maps: https://www.google.com/maps/search/?api=1&amp;query=L&apos;inconnu%2C%20Paris%2C%20France
Website: http://restaurant-linconnu.fr/ja/
Booking: https://thefork.fr/restaurant/l-inconnu-r208111/?cc=24751-923</description>
      <Point>
        <coordinates>2.3185686,48.85016050000001,0</coordinates>
      </Point>
    </Placemark>
    <Placemark>
      <name>LE PETIT BAL PERDU</name>
      <description>Type: French Restaurant
Arrondissement: 5e
Google: 4.7 (666 reviews)
Food types: restaurant
Tags: Bistrot, Restaurant
Google Maps: https://maps.google.com/?cid=5260743515862086780&amp;g_mp=CiVnb29nbGUubWFwcy5wbGFjZXMudjEuUGxhY2VzLkdldFBsYWNlEAIYBCAA
Website: https://www.lepetitbalperdu.com/</description>
      <Point>
        <coordinates>2.3481673,48.8420621,0</coordinates>
      </Point>
    </Placemark>
    <Placemark>
      <name>LEVANTINE</name>
      <description>Type: Restaurant
Arrondissement: 10e
Price: €€
Google: 4.5 (1,545 reviews)
Food types: restaurant
Tags: Israeli
Google summary: Warm restaurant serving Mediterranean classics &amp; wine in a casual space that has a terrace.
Google Maps: https://maps.google.com/?cid=16928739623658778595&amp;g_mp=CiVnb29nbGUubWFwcy5wbGFjZXMudjEuUGxhY2VzLkdldFBsYWNlEAIYBCAA
Website: http://www.levantine.paris/
Booking: https://bookings.zenchef.com/results?rid=361687&amp;fullscreen=1&amp;mini=0&amp;pid=mapstr&amp;primaryColor=FFC222&amp;type=web</description>
      <Point>
        <coordinates>2.368177,48.8715463,0</coordinates>
      </Point>
    </Placemark>
    <Placemark>
      <name>La Cantina</name>
      <description>Arrondissement: 15e
Food types: restaurant
Tags: Restaurant, Italian
Google Maps: https://www.google.com/maps/search/?api=1&amp;query=La%20Cantina%2C%20Paris%2C%20France
Website: http://www.facebook.com/lacantinaparis</description>
      <Point>
        <coordinates>2.305869,48.84726699999999,0</coordinates>
      </Point>
    </Placemark>
    <Placemark>
      <name>La Condesa Paris</name>
      <description>Arrondissement: 9e
Food types: restaurant
Tags: Frenchie, Restaurant, Trendy, Healthy
Google Maps: https://www.google.com/maps/search/?api=1&amp;query=La%20Condesa%20Paris%2C%20Paris%2C%20France
Website: http://www.lacondesa-paris.com/
Booking: https://thefork.fr/restaurant/la-condesa-paris-r829700/?cc=24751-923</description>
      <Point>
        <coordinates>2.342762,48.87855299999999,0</coordinates>
      </Point>
    </Placemark>
    <Placemark>
      <name>La Famiglia</name>
      <description>Arrondissement: 17e
Food types: restaurant
Tags: Restaurant, Italian
Google Maps: https://www.google.com/maps/search/?api=1&amp;query=La%20Famiglia%2C%20Paris%2C%20France
Website: http://www.restaurantlafamiglia.com/
Booking: https://thefork.fr/restaurant/la-famiglia-r3741/?cc=24751-923</description>
      <Point>
        <coordinates>2.2865202,48.8796477,0</coordinates>
      </Point>
    </Placemark>
    <Placemark>
      <name>La Fontaine de Mars</name>
      <description>Type: French Restaurant
Arrondissement: 7e
Price: €€€
Google: 4.4 (2,451 reviews)
Food types: restaurant
Tags: Bistrot
Google summary: Steak, fries, casseroles &amp; French classics in a chic, colorful bistro with patio seating.
Google Maps: https://maps.google.com/?cid=12956417825552490679&amp;g_mp=CiVnb29nbGUubWFwcy5wbGFjZXMudjEuUGxhY2VzLkdldFBsYWNlEAIYBCAA
Website: https://www.fontaine-de-mars.com/
Booking: https://bookings.zenchef.com/results?rid=356713&amp;fullscreen=1&amp;mini=0&amp;pid=mapstr&amp;primaryColor=FFC222&amp;type=web</description>
      <Point>
        <coordinates>2.302569,48.85839199999999,0</coordinates>
      </Point>
    </Placemark>
    <Placemark>
      <name>La Maison Wa</name>
      <description>Arrondissement: 1er
Food types: museum
Tags: Japanese, Tea house
Google Maps: https://www.google.com/maps/search/?api=1&amp;query=La%20Maison%20Wa%2C%20Paris%2C%20France
Website: http://www.maisonwa.com/</description>
      <Point>
        <coordinates>2.3361995,48.8663848,0</coordinates>
      </Point>
    </Placemark>
    <Placemark>
      <name>La Plume by Madame Rêve</name>
      <description>Type: Restaurant
Arrondissement: 1er
Price: €€€
Google: 4.4 (2,773 reviews)
Food types: restaurant
Tags: Restaurant
Google Maps: https://maps.google.com/?cid=14089188990893242880&amp;g_mp=CiVnb29nbGUubWFwcy5wbGFjZXMudjEuUGxhY2VzLkdldFBsYWNlEAIYBCAA
Website: https://laplumerivedroite.com/
Booking: https://www.sevenrooms.com/reservations/laplume/ig</description>
      <Point>
        <coordinates>2.3445967,48.864791,0</coordinates>
      </Point>
    </Placemark>
    <Placemark>
      <name>La Taverne de Zhao</name>
      <description>Arrondissement: 10e
Food types: restaurant
Tags: Restaurant, Chinese
Google Maps: https://www.google.com/maps/search/?api=1&amp;query=La%20Taverne%20de%20Zhao%2C%20Paris%2C%20France
Website: http://latavernedezhao.com/</description>
      <Point>
        <coordinates>2.3603226,48.8731454,0</coordinates>
      </Point>
    </Placemark>
    <Placemark>
      <name>La Traversée</name>
      <description>Arrondissement: 18e
Food types: restaurant
Tags: Frenchie, Restaurant, Trendy
Google Maps: https://www.google.com/maps/search/?api=1&amp;query=La%20Travers%C3%A9e%2C%20Paris%2C%20France
Website: https://www.latraverseeparis.com/
Booking: https://menuwidget.zenchef.com/v4.php?rid=348683</description>
      <Point>
        <coordinates>2.3475986,48.8872645,0</coordinates>
      </Point>
    </Placemark>
    <Placemark>
      <name>Lago par Chloé Charles</name>
      <description>Type: Restaurant
Arrondissement: 11e
Google: 5.0 (26 reviews)
Food types: restaurant
Tags: Restaurant
Google Maps: https://maps.google.com/?cid=909766542569521225&amp;g_mp=CiVnb29nbGUubWFwcy5wbGFjZXMudjEuUGxhY2VzLkdldFBsYWNlEAIYBCAA
Website: https://www.lago.paris/</description>
      <Point>
        <coordinates>2.373602,48.8565562,0</coordinates>
      </Point>
    </Placemark>
    <Placemark>
      <name>Lao Siam</name>
      <description>Type: Restaurant
Price: €€
Google: 4.3 (1,741 reviews)
Food types: restaurant
Tags: Asian, Vietnamiese, Restaurant
Google summary: Laotian &amp; Thai stir-fries, curries, salads &amp; desserts in a straightforward, wood-lined locale.
Google Maps: https://maps.google.com/?cid=9033533639603472350&amp;g_mp=CiVnb29nbGUubWFwcy5wbGFjZXMudjEuUGxhY2VzLkdldFBsYWNlEAIYBCAA
Website: http://www.amasiam.com</description>
      <Point>
        <coordinates>2.380934,48.8731455,0</coordinates>
      </Point>
    </Placemark>
    <Placemark>
      <name>Le 116</name>
      <description>Arrondissement: 16e
Food types: restaurant
Tags: Asian, Restaurant, Trendy
Google Maps: https://www.google.com/maps/search/?api=1&amp;query=Le%20116%2C%20Paris%2C%20France
Website: http://www.116pages.fr/
Booking: https://thefork.fr/restaurant/pages-r65716/?cc=24751-923</description>
      <Point>
        <coordinates>2.2963744,48.8709919,0</coordinates>
      </Point>
    </Placemark>
    <Placemark>
      <name>Le 21</name>
      <description>Type: Restaurant
Google: 4.1 (62 reviews)
Food types: restaurant
Tags: Fish, Restaurant
Google Maps: https://maps.google.com/?cid=12880703887327067667&amp;g_mp=CiVnb29nbGUubWFwcy5wbGFjZXMudjEuUGxhY2VzLkdldFBsYWNlEAIYBCAA
Website: http://eater.space/le-21
Booking: https://bookings.zenchef.com/results?rid=378017&amp;fullscreen=1&amp;mini=0&amp;pid=mapstr&amp;primaryColor=FFC222&amp;type=web</description>
      <Point>
        <coordinates>2.338001,48.854977,0</coordinates>
      </Point>
    </Placemark>
    <Placemark>
      <name>Le Bar des Prés</name>
      <description>Arrondissement: 6e
Food types: restaurant
Tags: Frenchie, Japanese, SH, Trendy
Google Maps: https://www.google.com/maps/search/?api=1&amp;query=Le%20Bar%20des%20Pr%C3%A9s%2C%20Paris%2C%20France
Website: http://www.lebardespres.com/fr/accueil/</description>
      <Point>
        <coordinates>2.330487600000001,48.8528061,0</coordinates>
      </Point>
    </Placemark>
    <Placemark>
      <name>Le Bichat</name>
      <description>Arrondissement: 10e
Food types: restaurant
Tags: Restaurant, Healthy
Google Maps: https://www.google.com/maps/search/?api=1&amp;query=Le%20Bichat%2C%20Paris%2C%20France
Website: http://www.lebichat.fr/</description>
      <Point>
        <coordinates>2.3686539,48.8703999,0</coordinates>
      </Point>
    </Placemark>
    <Placemark>
      <name>Le Bistrot d&apos;Yves</name>
      <description>Arrondissement: 17e
Food types: restaurant
Tags: Restaurant, Meat, Bistrot
Google Maps: https://www.google.com/maps/search/?api=1&amp;query=Le%20Bistrot%20d&apos;Yves%2C%20Paris%2C%20France
Website: http://menuonline.fr/le-bistrot-d-yves
Booking: https://thefork.fr/restaurant/le-bistrot-d-yves-r36313/?cc=24751-923</description>
      <Point>
        <coordinates>2.3038057,48.8821429,0</coordinates>
      </Point>
    </Placemark>
    <Placemark>
      <name>Le Bistrot de Paris</name>
      <description>Type: Bistro
Arrondissement: 7e
Google: 4.4 (587 reviews)
Food types: restaurant
Tags: Restaurant, Bistrot
Google summary: Elegant restaurant in a 19th-century building preparing a menu of classic &amp; contemporary dishes.
Google Maps: https://maps.google.com/?cid=10295144339473228327&amp;g_mp=CiVnb29nbGUubWFwcy5wbGFjZXMudjEuUGxhY2VzLkdldFBsYWNlEAIYBCAA
Website: http://www.facebook.com/pages/Le-Bistrot-de-Paris-depuis-1965/224910604192636
Booking: https://bookings.zenchef.com/results?rid=357075&amp;fullscreen=1&amp;mini=0&amp;pid=mapstr&amp;primaryColor=FFC222&amp;type=web</description>
      <Point>
        <coordinates>2.32935,48.858577,0</coordinates>
      </Point>
    </Placemark>
    <Placemark>
      <name>Le Bon Georges</name>
      <description>Type: French Restaurant
Arrondissement: 9e
Price: €€
Google: 4.5 (2,594 reviews)
Food types: restaurant
Tags: Bistrot
Google summary: Classic Parisian bistro with a chalkboard menu of daily dishes with seasonal produce, plus a long wine list.
Google Maps: https://maps.google.com/?cid=16995110964793138726&amp;g_mp=CiVnb29nbGUubWFwcy5wbGFjZXMudjEuUGxhY2VzLkdldFBsYWNlEAIYBCAA
Website: http://www.lebongeorges.paris/
Booking: https://bookings.zenchef.com/results?rid=376532&amp;fullscreen=1&amp;mini=0&amp;pid=mapstr&amp;primaryColor=FFC222&amp;type=web</description>
      <Point>
        <coordinates>2.3372005,48.87765759999999,0</coordinates>
      </Point>
    </Placemark>
    <Placemark>
      <name>Le Bon Saint Pourçain</name>
      <description>Arrondissement: 6e
Food types: restaurant
Tags: Frenchie, Restaurant
Google Maps: https://www.google.com/maps/search/?api=1&amp;query=Le%20Bon%20Saint%20Pour%C3%A7ain%2C%20Paris%2C%20France
Website: http://www.bonsaintpourcain.com
Booking: http://www.opentable.fr/r/le-bon-saint-pourcain-paris?ref=17374</description>
      <Point>
        <coordinates>2.3346529,48.8500729,0</coordinates>
      </Point>
    </Placemark>
    <Placemark>
      <name>Le Brandevin</name>
      <description>Type: Restaurant
Arrondissement: 16e
Price: €€
Google: 4.5 (413 reviews)
Food types: restaurant
Tags: Restaurant, Bistrot
Google summary: Warm bistro offering traditional French cuisine, along with wines, in a classic setting.
Google Maps: https://maps.google.com/?cid=5134373376524673414&amp;g_mp=CiVnb29nbGUubWFwcy5wbGFjZXMudjEuUGxhY2VzLkdldFBsYWNlEAIYBCAA
Website: http://www.lebrandevin.fr/
Booking: https://bookings.zenchef.com/results?rid=1094&amp;fullscreen=1&amp;mini=0&amp;pid=mapstr&amp;primaryColor=FFC222&amp;type=web</description>
      <Point>
        <coordinates>2.265589400000001,48.85377330000001,0</coordinates>
      </Point>
    </Placemark>
    <Placemark>
      <name>Le Cadoret</name>
      <description>Type: Bistro
Arrondissement: 19e
Google: 4.3 (519 reviews)
Food types: restaurant
Tags: Frenchie, Restaurant, Bistrot, Trendy
Google summary: Typical French food &amp; set menu options at a cozy corner restaurant with a street terrace.
Google Maps: https://maps.google.com/?cid=1897773483001877358&amp;g_mp=CiVnb29nbGUubWFwcy5wbGFjZXMudjEuUGxhY2VzLkdldFBsYWNlEAIYBCAA
Website: https://www.facebook.com/KD-Restaurant-326044977742147/?fref=ts
Booking: https://bookings.zenchef.com/results?rid=378708&amp;fullscreen=1&amp;mini=0&amp;pid=mapstr&amp;primaryColor=FFC222&amp;type=web</description>
      <Point>
        <coordinates>2.381041,48.87475699999999,0</coordinates>
      </Point>
    </Placemark>
    <Placemark>
      <name>Le Café de l&apos;Usine</name>
      <description>Type: Restaurant
Arrondissement: 11e
Google: 4.8 (290 reviews)
Food types: restaurant
Tags: Restaurant, Trendy
Google Maps: https://maps.google.com/?cid=4187162295161806155&amp;g_mp=CiVnb29nbGUubWFwcy5wbGFjZXMudjEuUGxhY2VzLkdldFBsYWNlEAIYBCAA
Website: http://cafedelusine.fr/
Booking: telprompt://+33143579665</description>
      <Point>
        <coordinates>2.3745631,48.8704603,0</coordinates>
      </Point>
    </Placemark>
    <Placemark>
      <name>Le Canard Sauvage</name>
      <description>Type: Restaurant
Arrondissement: 10e
Google: 4.6 (85 reviews)
Food types: restaurant
Tags: Frenchie, Restaurant, Trendy, ❤️
Google Maps: https://maps.google.com/?cid=9509719228214757666&amp;g_mp=CiVnb29nbGUubWFwcy5wbGFjZXMudjEuUGxhY2VzLkdldFBsYWNlEAIYBCAA
Website: https://bookings.zenchef.com/results?rid=378070&amp;pid=1001
Booking: https://bookings.zenchef.com/results?rid=378070&amp;fullscreen=1&amp;mini=0&amp;pid=mapstr&amp;primaryColor=FFC222&amp;type=web</description>
      <Point>
        <coordinates>2.3554759,48.8705382,0</coordinates>
      </Point>
    </Placemark>
    <Placemark>
      <name>Le Chardonnay</name>
      <description>Type: Restaurant
Arrondissement: 2e
Google: 4.6 (551 reviews)
Food types: restaurant
Tags: Bistrot, Restaurant
Google Maps: https://maps.google.com/?cid=16170402615737098959&amp;g_mp=CiVnb29nbGUubWFwcy5wbGFjZXMudjEuUGxhY2VzLkdldFBsYWNlEAIYBCAA
Website: http://www.lechardonnay-comptoir.fr/
Booking: https://bookings.zenchef.com/results?rid=362234&amp;fullscreen=1&amp;mini=0&amp;pid=mapstr&amp;primaryColor=FFC222&amp;type=web</description>
      <Point>
        <coordinates>2.3464376,48.8658229,0</coordinates>
      </Point>
    </Placemark>
    <Placemark>
      <name>Le Collier de la Reine</name>
      <description>Type: Restaurant
Arrondissement: 10e
Google: 3.9 (812 reviews)
Food types: restaurant
Tags: ❤️, Restaurant
Google Maps: https://maps.google.com/?cid=1425629616257509673&amp;g_mp=CiVnb29nbGUubWFwcy5wbGFjZXMudjEuUGxhY2VzLkdldFBsYWNlEAIYBCAA
Website: http://lecollierdelareine.paris/
Booking: https://bookings.zenchef.com/results?rid=357750&amp;fullscreen=1&amp;mini=0&amp;pid=mapstr&amp;primaryColor=FFC222&amp;type=web</description>
      <Point>
        <coordinates>2.3511629,48.8737443,0</coordinates>
      </Point>
    </Placemark>
    <Placemark>
      <name>Le Comptoir des Caves Legrand</name>
      <description>Type: Liquor Store
Arrondissement: 2e
Price: €€€
Google: 4.6 (558 reviews)
Food types: restaurant
Tags: ❤️
Google Maps: https://maps.google.com/?cid=5722973006351784179&amp;g_mp=CiVnb29nbGUubWFwcy5wbGFjZXMudjEuUGxhY2VzLkdldFBsYWNlEAIYBCAA
Website: http://www.caves-legrand.com/fr/paris/les-moments/dejeuner-chez-legrand
Booking: https://thefork.fr/restaurant/le-comptoir-des-caves-legrand-r275667/?cc=24751-923</description>
      <Point>
        <coordinates>2.3398251,48.86635400000001,0</coordinates>
      </Point>
    </Placemark>
    <Placemark>
      <name>Le Comptoir du Relais</name>
      <description>Food types: restaurant
Tags: Frenchie, Restaurant
Google Maps: https://www.google.com/maps/search/?api=1&amp;query=Le%20Comptoir%20du%20Relais%2C%20Paris%2C%20France
Website: http://m.hotel-paris-relais-saint-germain.com/savourez-les-restaurants.html</description>
      <Point>
        <coordinates>2.3388454,48.8519701,0</coordinates>
      </Point>
    </Placemark>
    <Placemark>
      <name>Le Dauphin</name>
      <description>Type: Restaurant
Arrondissement: 11e
Google: 4.1 (444 reviews)
Food types: restaurant
Tags: Restaurant, Trendy
Google Maps: https://maps.google.com/?cid=13657592877490575847&amp;g_mp=CiVnb29nbGUubWFwcy5wbGFjZXMudjEuUGxhY2VzLkdldFBsYWNlEAIYBCAA
Website: https://www.restaurantledauphin.net/
Booking: https://thefork.fr/restaurant/le-dauphin-r202439/?cc=24751-923</description>
      <Point>
        <coordinates>2.3712606,48.8694786,0</coordinates>
      </Point>
    </Placemark>
    <Placemark>
      <name>Le Duc</name>
      <description>Type: Seafood Restaurant
Arrondissement: 14e
Google: 4.4 (339 reviews)
Food types: restaurant
Tags: Restaurant, Seafood, Fish
Google summary: Raw seafood platters &amp; grilled whole fish, in a wood-lined room resembling a ship&apos;s cabin.
Google Maps: https://maps.google.com/?cid=7817588982568973135&amp;g_mp=CiVnb29nbGUubWFwcy5wbGFjZXMudjEuUGxhY2VzLkdldFBsYWNlEAIYBCAA
Website: http://www.restaurantleduc.com/
Booking: https://bookings.zenchef.com/results?rid=361981&amp;fullscreen=1&amp;mini=0&amp;pid=mapstr&amp;primaryColor=FFC222&amp;type=web</description>
      <Point>
        <coordinates>2.3312168,48.838668,0</coordinates>
      </Point>
    </Placemark>
    <Placemark>
      <name>Le Grand Bain</name>
      <description>Arrondissement: 20e
Food types: restaurant
Tags: Frenchie, Bistrot, Trendy
Google Maps: https://www.google.com/maps/search/?api=1&amp;query=Le%20Grand%20Bain%2C%20Paris%2C%20France
Website: http://legrandbainparis.com/
Booking: https://bookings.zenchef.com/results?rid=353523&amp;fullscreen=1&amp;mini=0&amp;pid=mapstr&amp;primaryColor=FFC222&amp;type=web</description>
      <Point>
        <coordinates>2.378566,48.871651,0</coordinates>
      </Point>
    </Placemark>
    <Placemark>
      <name>Le Grand Colbert</name>
      <description>Arrondissement: 2e
Food types: restaurant
Tags: Restaurant, Bistrot
Google Maps: https://www.google.com/maps/search/?api=1&amp;query=Le%20Grand%20Colbert%2C%20Paris%2C%20France
Website: https://legrandcolbert.fr/index.php/fr/
Booking: https://bookings.zenchef.com/results?rid=353935&amp;fullscreen=1&amp;mini=0&amp;pid=mapstr&amp;primaryColor=FFC222&amp;type=web</description>
      <Point>
        <coordinates>2.3390047,48.8666252,0</coordinates>
      </Point>
    </Placemark>
    <Placemark>
      <name>Le Mâche-dru</name>
      <description>Arrondissement: 4e
Food types: restaurant
Tags: Street food
Google Maps: https://www.google.com/maps/search/?api=1&amp;query=Le%20M%C3%A2che-dru%2C%20Paris
Website: https://www.instagram.com/lemachedru</description>
      <Point>
        <coordinates>2.355822324752808,48.85219192504883,0</coordinates>
      </Point>
    </Placemark>
    <Placemark>
      <name>Le Pacifique</name>
      <description>Arrondissement: 19e
Food types: restaurant
Tags: Asian, Restaurant, Chinese
Google Maps: https://www.google.com/maps/search/?api=1&amp;query=Le%20Pacifique%2C%20Paris%2C%20France
Website: http://www.facebook.com/Le-Pacifique-161894890499598</description>
      <Point>
        <coordinates>2.3796872,48.8730992,0</coordinates>
      </Point>
    </Placemark>
    <Placemark>
      <name>Le Pantruche</name>
      <description>Type: Bistro
Arrondissement: 9e
Price: €€
Google: 4.7 (1,213 reviews)
Food types: restaurant
Tags: Restaurant, Bistrot
Google summary: Classic French dishes like soufflés &amp; beef in red wine with a modern touch, in a cozy bistro.
Google Maps: https://maps.google.com/?cid=3423459202858904342&amp;g_mp=CiVnb29nbGUubWFwcy5wbGFjZXMudjEuUGxhY2VzLkdldFBsYWNlEAIYBCAA
Website: https://www.lapantruchoise.com/lepantruche
Booking: https://bookings.zenchef.com/results?rid=348235&amp;fullscreen=1&amp;mini=0&amp;pid=mapstr&amp;primaryColor=FFC222&amp;type=web</description>
      <Point>
        <coordinates>2.3396424,48.8804948,0</coordinates>
      </Point>
    </Placemark>
    <Placemark>
      <name>Le Petit Célestin</name>
      <description>Type: French Restaurant
Arrondissement: 4e
Price: €€
Google: 4.1 (706 reviews)
Food types: restaurant
Tags: Restaurant, Dancing
Google summary: Quaint stop with wood accents &amp; red tables, making typical bistro fare like tartare &amp; steaks.
Google Maps: https://maps.google.com/?cid=12894566964199851042&amp;g_mp=CiVnb29nbGUubWFwcy5wbGFjZXMudjEuUGxhY2VzLkdldFBsYWNlEAIYBCAA
Website: http://www.lepetitcelestin.fr/
Booking: https://bookings.zenchef.com/results?rid=314952&amp;fullscreen=1&amp;mini=0&amp;pid=mapstr&amp;primaryColor=FFC222&amp;type=web</description>
      <Point>
        <coordinates>2.3613136,48.8521177,0</coordinates>
      </Point>
    </Placemark>
    <Placemark>
      <name>Le Petit Lutetia</name>
      <description>Type: French Restaurant
Arrondissement: 6e
Price: €€€
Google: 4.3 (1,328 reviews)
Food types: restaurant
Tags: Restaurant, Bistrot
Google summary: Elegant brasserie with a vintage feel &amp; sidewalk seating, serving French fare &amp; homemade desserts.
Google Maps: https://maps.google.com/?cid=12108938859626468216&amp;g_mp=CiVnb29nbGUubWFwcy5wbGFjZXMudjEuUGxhY2VzLkdldFBsYWNlEAIYBCAA
Website: https://www.facebook.com/pages/Le-Petit-Lutetia/174256995952825
Booking: https://bookings.zenchef.com/results?rid=360287&amp;fullscreen=1&amp;mini=0&amp;pid=mapstr&amp;primaryColor=FFC222&amp;type=web</description>
      <Point>
        <coordinates>2.3205966,48.8483485,0</coordinates>
      </Point>
    </Placemark>
    <Placemark>
      <name>Le Petit Olympia</name>
      <description>Type: Restaurant
Arrondissement: 9e
Google: 4.3 (324 reviews)
Food types: restaurant
Tags: Frenchie, Restaurant, Bistrot
Google summary: Wine &amp; entrees served in a casual eatery featuring classic wood-paneled walls &amp; paintings.
Google Maps: https://maps.google.com/?cid=3478663271060264414&amp;g_mp=CiVnb29nbGUubWFwcy5wbGFjZXMudjEuUGxhY2VzLkdldFBsYWNlEAIYBCAA
Website: https://www.lepetitolympia.com/
Booking: https://thefork.fr/restaurant/le-petit-olympia-r425651/?cc=24751-923</description>
      <Point>
        <coordinates>2.328246,48.8706588,0</coordinates>
      </Point>
    </Placemark>
    <Placemark>
      <name>Le Petit Verdot</name>
      <description>Type: French Restaurant
Arrondissement: 6e
Price: €€
Google: 4.7 (228 reviews)
Food types: restaurant
Tags: Frenchie, Restaurant
Google Maps: https://maps.google.com/?cid=8948181745683820005&amp;g_mp=CiVnb29nbGUubWFwcy5wbGFjZXMudjEuUGxhY2VzLkdldFBsYWNlEAIYBCAA
Website: http://www.le-petit-verdot.com/</description>
      <Point>
        <coordinates>2.323569,48.847869,0</coordinates>
      </Point>
    </Placemark>
    <Placemark>
      <name>Le Plomb du Cantal</name>
      <description>Type: French Restaurant
Arrondissement: 14e
Price: €€
Google: 4.3 (6,264 reviews)
Food types: restaurant
Tags: Bistrot, Restaurant
Google summary: Lively bistro known for dairy-rich recipes &amp; mountain wines from the rugged Auvergne countryside.
Google Maps: https://maps.google.com/?cid=3155056994160105464&amp;g_mp=CiVnb29nbGUubWFwcy5wbGFjZXMudjEuUGxhY2VzLkdldFBsYWNlEAIYBCAA
Website: http://www.leplombducantal.com/</description>
      <Point>
        <coordinates>2.3245496,48.8407596,0</coordinates>
      </Point>
    </Placemark>
    <Placemark>
      <name>Le Quincy</name>
      <description>Arrondissement: 12e
Food types: restaurant
Tags: Bistrot, Restaurant, ❤️
Google Maps: https://www.google.com/maps/search/?api=1&amp;query=Le%20Quincy%2C%20Paris%2C%20France
Website: http://www.lequincy.fr</description>
      <Point>
        <coordinates>2.3701329,48.8470738,0</coordinates>
      </Point>
    </Placemark>
    <Placemark>
      <name>Le Rigmarole</name>
      <description>Arrondissement: 11e
Food types: restaurant
Tags: Restaurant, Trendy, ❤️
Google Maps: https://www.google.com/maps/search/?api=1&amp;query=Le%20Rigmarole%2C%20Paris%2C%20France
Website: http://lerigmarole.com/</description>
      <Point>
        <coordinates>2.3691085,48.8651318,0</coordinates>
      </Point>
    </Placemark>
    <Placemark>
      <name>Le Roi du Pot au Feu</name>
      <description>Arrondissement: 9e
Food types: restaurant
Tags: Frenchie, Restaurant, Bistrot
Google Maps: https://www.google.com/maps/search/?api=1&amp;query=Le%20Roi%20du%20Pot%20au%20Feu%2C%20Paris%2C%20France
Website: https://www.facebook.com/pages/le-roi-du-pot-au-feu/104311942972928</description>
      <Point>
        <coordinates>2.3266434,48.8721493,0</coordinates>
      </Point>
    </Placemark>
    <Placemark>
      <name>Le Ruisseau</name>
      <description>Type: Hamburger Restaurant
Arrondissement: 18e
Price: €€
Google: 4.6 (2,250 reviews)
Food types: restaurant
Tags: Burger
Google summary: Beef, chicken &amp; veggie burgers with craft beers &amp; cocktails, plus popular brunches, in a chic space.
Google Maps: https://maps.google.com/?cid=2886271872441503453&amp;g_mp=CiVnb29nbGUubWFwcy5wbGFjZXMudjEuUGxhY2VzLkdldFBsYWNlEAIYBCAA
Website: http://www.leruisseauburger.com/
Booking: https://images.squarespace-cdn.com/content/v1/563b9659e4b04fd1f90d0793/1576877924227-TIHL9JK6FEO6EDF2Z3NB/ke17ZwdGBToddI8pDm48kCXHiw8uU9iEnGYb09ICE8ZZw-zPPgdn4jUwVcJE1ZvWQUxwkmyExglNqGp0IvTJZamWLI2zvYWH8K3-s_4yszcp2ryTI0HqTOaaUohrI8PIKjFavjsWej_XEszicnNP4tsXzCBJmJrSziE02Rmzx6YKMshLAGzx4R3EDFOm1kBS/Burger.jpg?format=1500w</description>
      <Point>
        <coordinates>2.340529,48.89445,0</coordinates>
      </Point>
    </Placemark>
    <Placemark>
      <name>Le Récamier</name>
      <description>Type: French Restaurant
Arrondissement: 7e
Price: €€€
Google: 4.5 (4,187 reviews)
Food types: restaurant
Tags: Frenchie
Google summary: Famed savory &amp; sweet soufflés, plus classic French food, at an elegant, literary-themed venue.
Google Maps: https://maps.google.com/?cid=7173841611168196839&amp;g_mp=CiVnb29nbGUubWFwcy5wbGFjZXMudjEuUGxhY2VzLkdldFBsYWNlEAIYBCAA
Website: http://lerecamier.com/
Booking: https://bookings.zenchef.com/results?rid=349893&amp;fullscreen=1&amp;mini=0&amp;pid=mapstr&amp;primaryColor=FFC222&amp;type=web</description>
      <Point>
        <coordinates>2.328119,48.852203,0</coordinates>
      </Point>
    </Placemark>
    <Placemark>
      <name>Le Saigon d&apos;Antan</name>
      <description>Type: Restaurant
Arrondissement: 6e
Price: €€
Google: 4.7 (1,703 reviews)
Food types: restaurant
Tags: Vietnamiese, Restaurant
Google Maps: https://maps.google.com/?cid=14687931082845222388&amp;g_mp=CiVnb29nbGUubWFwcy5wbGFjZXMudjEuUGxhY2VzLkdldFBsYWNlEAIYBCAA
Website: https://saigondantan.fr/fr
Booking: https://thefork.fr/restaurant/le-saigon-d-antan-r213773/?cc=24751-923</description>
      <Point>
        <coordinates>2.340103099999999,48.84959120000001,0</coordinates>
      </Point>
    </Placemark>
    <Placemark>
      <name>Le Sand</name>
      <description>Type: French Restaurant
Google: 4.4 (133 reviews)
Food types: restaurant
Tags: Restaurant
Google Maps: https://maps.google.com/?cid=4221179675037965680&amp;g_mp=CiVnb29nbGUubWFwcy5wbGFjZXMudjEuUGxhY2VzLkdldFBsYWNlEAIYBCAA
Website: https://www.lesand-paris.com/
Booking: https://thefork.fr/restaurant/le-sand-paris-r843266/?cc=24751-923</description>
      <Point>
        <coordinates>2.3263406,48.8661767,0</coordinates>
      </Point>
    </Placemark>
    <Placemark>
      <name>Le Servan</name>
      <description>Type: Bistro
Arrondissement: 11e
Price: €€€
Google: 4.5 (1,093 reviews)
Food types: restaurant
Tags: Restaurant, Trendy, ❤️
Google summary: French-Asian dishes like blood sausage wontons &amp; ginger pork belly, in a space with a vintage vibe.
Google Maps: https://maps.google.com/?cid=9530374725574136956&amp;g_mp=CiVnb29nbGUubWFwcy5wbGFjZXMudjEuUGxhY2VzLkdldFBsYWNlEAIYBCAA
Website: https://leservan.fr/
Booking: https://thefork.fr/restaurant/sensation-r831294/?cc=24751-923</description>
      <Point>
        <coordinates>2.3814506,48.86101559999999,0</coordinates>
      </Point>
    </Placemark>
    <Placemark>
      <name>Le Soufflé</name>
      <description>Type: French Restaurant
Arrondissement: 1er
Price: €€
Google: 4.7 (4,236 reviews)
Food types: restaurant
Tags: Frenchie, Restaurant, Bistrot
Google summary: Sweet &amp; savory soufflés with flavors like beef bourguignon &amp; hazelnut, served in a tidy dining room.
Google Maps: https://maps.google.com/?cid=17259246465247453084&amp;g_mp=CiVnb29nbGUubWFwcy5wbGFjZXMudjEuUGxhY2VzLkdldFBsYWNlEAIYBCAA
Website: http://www.lesouffle.fr/
Booking: https://bookings.zenchef.com/results?rid=361852&amp;fullscreen=1&amp;mini=0&amp;pid=mapstr&amp;primaryColor=FFC222&amp;type=web</description>
      <Point>
        <coordinates>2.3264267,48.8664672,0</coordinates>
      </Point>
    </Placemark>
    <Placemark>
      <name>Le Square Trousseau</name>
      <description>Type: French Restaurant
Arrondissement: 12e
Price: €€€
Google: 4.0 (620 reviews)
Food types: restaurant
Tags: Frenchie, Restaurant
Google summary: Light-filled bistro with period features offering an all-day menu of traditional cuisine.
Google Maps: https://maps.google.com/?cid=16920901166049746526&amp;g_mp=CiVnb29nbGUubWFwcy5wbGFjZXMudjEuUGxhY2VzLkdldFBsYWNlEAIYBCAA
Website: http://www.squaretrousseau.com/</description>
      <Point>
        <coordinates>2.376449,48.85021459999999,0</coordinates>
      </Point>
    </Placemark>
    <Placemark>
      <name>Le Tagine</name>
      <description>Type: Moroccan Restaurant
Arrondissement: 11e
Price: €€
Google: 4.3 (813 reviews)
Food types: restaurant
Tags: Couscous
Google summary: Classic Moroccan grills, couscous dishes &amp; tagines at a cozy venue with tiled tables &amp; lanterns.
Google Maps: https://maps.google.com/?cid=8672502279399682122&amp;g_mp=CiVnb29nbGUubWFwcy5wbGFjZXMudjEuUGxhY2VzLkdldFBsYWNlEAIYBCAA
Website: http://letagine.fr/
Booking: https://bookings.zenchef.com/results?rid=362264&amp;fullscreen=1&amp;mini=0&amp;pid=mapstr&amp;primaryColor=FFC222&amp;type=web</description>
      <Point>
        <coordinates>2.3679156,48.8641807,0</coordinates>
      </Point>
    </Placemark>
    <Placemark>
      <name>Le Tricycle Store</name>
      <description>Arrondissement: 10e
Food types: restaurant
Tags: Asian, Vegetarian, Restaurant, Vegan
Google Maps: https://www.google.com/maps/search/?api=1&amp;query=Le%20Tricycle%20Store%2C%20Paris%2C%20France
Website: https://www.instagram.com/letricycle</description>
      <Point>
        <coordinates>2.3492209,48.8755501,0</coordinates>
      </Point>
    </Placemark>
    <Placemark>
      <name>Le Verre Volé Sur Mer</name>
      <description>Arrondissement: 10e
Food types: restaurant
Tags: Fish, Restaurant
Google Maps: https://www.google.com/maps/search/?api=1&amp;query=Le%20Verre%20Vol%C3%A9%20Sur%20Mer%2C%20Paris%2C%20France
Booking: https://bookings.zenchef.com/results?rid=364221&amp;fullscreen=1&amp;mini=0&amp;pid=mapstr&amp;primaryColor=FFC222&amp;type=web</description>
      <Point>
        <coordinates>2.362222,48.87171,0</coordinates>
      </Point>
    </Placemark>
    <Placemark>
      <name>Le Vieux Crapaud</name>
      <description>Type: French Restaurant
Arrondissement: 16e
Price: €€
Google: 4.5 (393 reviews)
Food types: restaurant
Tags: Bistrot
Google Maps: https://maps.google.com/?cid=9338349377463934498&amp;g_mp=CiVnb29nbGUubWFwcy5wbGFjZXMudjEuUGxhY2VzLkdldFBsYWNlEAIYBCAA
Website: https://www.facebook.com/levieuxcrapaud/
Booking: https://bookings.zenchef.com/results?rid=377781&amp;fullscreen=1&amp;mini=0&amp;pid=mapstr&amp;primaryColor=FFC222&amp;type=web</description>
      <Point>
        <coordinates>2.2924522,48.8718386,0</coordinates>
      </Point>
    </Placemark>
    <Placemark>
      <name>Le grand Bol</name>
      <description>Arrondissement: 11e
Food types: restaurant
Tags: Asian, Restaurant
Google Maps: https://www.google.com/maps/search/?api=1&amp;query=Le%20grand%20Bol%2C%20Paris%2C%20France
Website: http://le-grand-bol.business.site/
Booking: https://thefork.fr/restaurant/le-grand-bol-r594555/?cc=24751-923</description>
      <Point>
        <coordinates>2.3768752,48.8709429,0</coordinates>
      </Point>
    </Placemark>
    <Placemark>
      <name>Les Petites Mains</name>
      <description>Type: Restaurant
Arrondissement: 16e
Google: 4.0 (848 reviews)
Food types: restaurant
Tags: Restaurant
Google summary: Mediterranean small plates served in a seasonal, open-air hub with a calm vibe &amp; Eiffel Tower views.
Google Maps: https://maps.google.com/?cid=402181507238756389&amp;g_mp=CiVnb29nbGUubWFwcy5wbGFjZXMudjEuUGxhY2VzLkdldFBsYWNlEAIYBCAA
Website: https://www.lespetitesmains.paris/?utm_source=mapstr&amp;utm_medium=gmb_lpm</description>
      <Point>
        <coordinates>2.2961711,48.8654616,0</coordinates>
      </Point>
    </Placemark>
    <Placemark>
      <name>Les Pères PoPulaires</name>
      <description>Arrondissement: 20e
Food types: restaurant
Tags: Frenchie, Restaurant, Bistrot
Google Maps: https://www.google.com/maps/search/?api=1&amp;query=Les%20P%C3%A8res%20PoPulaires%2C%20Paris%2C%20France</description>
      <Point>
        <coordinates>2.4018248,48.8511345,0</coordinates>
      </Point>
    </Placemark>
    <Placemark>
      <name>Les enfants du marché</name>
      <description>Arrondissement: 3e
Food types: restaurant
Tags: Restaurant, Trendy
Google Maps: https://www.google.com/maps/search/?api=1&amp;query=Les%20enfants%20du%20march%C3%A9%2C%20Paris%2C%20France
Website: https://lesenfantsdumarche.fr/</description>
      <Point>
        <coordinates>2.3621657,48.8629259,0</coordinates>
      </Point>
    </Placemark>
    <Placemark>
      <name>Leven</name>
      <description>Type: Restaurant
Arrondissement: 2e
Google: 4.8 (519 reviews)
Food types: restaurant
Tags: Street food
Google Maps: https://maps.google.com/?cid=16886171538475950557&amp;g_mp=CiVnb29nbGUubWFwcy5wbGFjZXMudjEuUGxhY2VzLkdldFBsYWNlEAIYBCAA
Website: https://linktr.ee/levenfoodeli
Booking: https://bookings.zenchef.com/results?rid=372963&amp;fullscreen=1&amp;mini=0&amp;pid=mapstr&amp;primaryColor=FFC222&amp;type=web</description>
      <Point>
        <coordinates>2.3440168,48.8672921,0</coordinates>
      </Point>
    </Placemark>
    <Placemark>
      <name>Lissit</name>
      <description>Type: French Restaurant
Arrondissement: 11e
Google: 4.9 (265 reviews)
Food types: restaurant
Tags: Bistrot, Restaurant, Trendy, ❤️
Google Maps: https://maps.google.com/?cid=16989440043625837637&amp;g_mp=CiVnb29nbGUubWFwcy5wbGFjZXMudjEuUGxhY2VzLkdldFBsYWNlEAIYBCAA
Website: https://www.barlissit.com/
Booking: https://bookings.zenchef.com/results?rid=374609&amp;fullscreen=1&amp;mini=0&amp;pid=mapstr&amp;primaryColor=FFC222&amp;type=web</description>
      <Point>
        <coordinates>2.3721689,48.8638416,0</coordinates>
      </Point>
    </Placemark>
    <Placemark>
      <name>L’Auberge Aveyronnaise</name>
      <description>Type: French Restaurant
Arrondissement: 12e
Price: €€
Google: 4.5 (4,660 reviews)
Food types: restaurant
Tags: Bistrot, Restaurant
Google summary: Classic regional French fare, plus cheeses &amp; wines, in a longstanding, traditional restaurant.
Google Maps: https://maps.google.com/?cid=17623375295315507893&amp;g_mp=CiVnb29nbGUubWFwcy5wbGFjZXMudjEuUGxhY2VzLkdldFBsYWNlEAIYBCAA
Website: http://auberge-aveyronnaise.paris/</description>
      <Point>
        <coordinates>2.3862469,48.8348088,0</coordinates>
      </Point>
    </Placemark>
    <Placemark>
      <name>L’Avant Comptoir de la Terre</name>
      <description>Arrondissement: 6e
Food types: restaurant
Tags: Restaurant
Google Maps: https://www.google.com/maps/search/?api=1&amp;query=L%E2%80%99Avant%20Comptoir%20de%20la%20Terre%2C%20Paris%2C%20France
Website: https://camdeborde.com/les-restaurants/avant-comptoir-de-la-terre</description>
      <Point>
        <coordinates>2.3388124,48.8520358,0</coordinates>
      </Point>
    </Placemark>
    <Placemark>
      <name>L’italien de La Belle Époque</name>
      <description>Type: Restaurant
Arrondissement: 2e
Price: €€
Google: 3.7 (1,033 reviews)
Food types: restaurant
Tags: Restaurant, Italian
Google summary: Traditional brasserie serving meat &amp; fish dishes in a 1920s-style dining room or at sidewalk tables.
Google Maps: https://maps.google.com/?cid=17132008827808969732&amp;g_mp=CiVnb29nbGUubWFwcy5wbGFjZXMudjEuUGxhY2VzLkdldFBsYWNlEAIYBCAA
Website: https://www.restaurantmer-coquillageparis.com/
Booking: https://bookings.zenchef.com/results?rid=358500&amp;fullscreen=1&amp;mini=0&amp;pid=mapstr&amp;primaryColor=FFC222&amp;type=web</description>
      <Point>
        <coordinates>2.336488008499146,48.86678695678711,0</coordinates>
      </Point>
    </Placemark>
    <Placemark>
      <name>Ma Kitchen</name>
      <description>Arrondissement: 10e
Food types: restaurant
Tags: Healthy
Google Maps: https://www.google.com/maps/search/?api=1&amp;query=Ma%20Kitchen%2C%20Paris%2C%20France
Website: http://pama-raw-food.com/</description>
      <Point>
        <coordinates>2.3512274,48.8769775,0</coordinates>
      </Point>
    </Placemark>
    <Placemark>
      <name>Madonna</name>
      <description>Type: Italian Restaurant
Google: 4.5 (2,591 reviews)
Food types: restaurant
Tags: ❤️, Italian
Google Maps: https://maps.google.com/?cid=947395790647410164&amp;g_mp=CiVnb29nbGUubWFwcy5wbGFjZXMudjEuUGxhY2VzLkdldFBsYWNlEAIYBCAA
Website: https://www.madonna-osteria.fr/
Booking: https://bookings.zenchef.com/results?rid=362703&amp;fullscreen=1&amp;mini=0&amp;pid=mapstr&amp;primaryColor=FFC222&amp;type=web</description>
      <Point>
        <coordinates>2.3413385,48.8750186,0</coordinates>
      </Point>
    </Placemark>
    <Placemark>
      <name>Magma</name>
      <description>Type: French Restaurant
Arrondissement: 11e
Google: 4.6 (687 reviews)
Food types: restaurant
Tags: Frenchie, Restaurant
Google Maps: https://maps.google.com/?cid=12616132024001628538&amp;g_mp=CiVnb29nbGUubWFwcy5wbGFjZXMudjEuUGxhY2VzLkdldFBsYWNlEAIYBCAA
Booking: https://thefork.fr/restaurant/restaurant-magma-r821430/?cc=24751-923</description>
      <Point>
        <coordinates>2.3672331,48.8651114,0</coordinates>
      </Point>
    </Placemark>
    <Placemark>
      <name>Maisie Café.</name>
      <description>Arrondissement: 1er
Food types: restaurant
Tags: Vegetarian, Restaurant, Vegan
Google Maps: https://www.google.com/maps/search/?api=1&amp;query=Maisie%20Caf%C3%A9.%2C%20Paris%2C%20France
Website: http://maisiecafe.com/</description>
      <Point>
        <coordinates>2.3268352,48.8663956,0</coordinates>
      </Point>
    </Placemark>
    <Placemark>
      <name>Maison Baroche</name>
      <description>Type: Grocery Store
Arrondissement: 9e
Google: 4.5 (60 reviews)
Food types: restaurant
Tags: Frenchie
Google Maps: https://maps.google.com/?cid=18236696355883521180&amp;g_mp=CiVnb29nbGUubWFwcy5wbGFjZXMudjEuUGxhY2VzLkdldFBsYWNlEAIYBCAA
Website: https://maisonbaroche.fr/</description>
      <Point>
        <coordinates>2.3434249,48.8754593,0</coordinates>
      </Point>
    </Placemark>
    <Placemark>
      <name>Margaux</name>
      <description>Type: French Restaurant
Arrondissement: 16e
Google: 4.7 (1,502 reviews)
Food types: restaurant
Tags: Frenchie, Restaurant
Google Maps: https://maps.google.com/?cid=13452062831568045297&amp;g_mp=CiVnb29nbGUubWFwcy5wbGFjZXMudjEuUGxhY2VzLkdldFBsYWNlEAIYBCAA
Website: https://www.restaurantmargaux.com/
Booking: https://thefork.fr/restaurant/margaux-r835079/?cc=24751-923</description>
      <Point>
        <coordinates>2.2989862,48.8641264,0</coordinates>
      </Point>
    </Placemark>
    <Placemark>
      <name>Maslow</name>
      <description>Type: Vegetarian Restaurant
Arrondissement: 1er
Price: €€
Google: 4.9 (18,116 reviews)
Food types: restaurant
Tags: Restaurant, Vegetarian
Google Maps: https://maps.google.com/?cid=9452558009354261089&amp;g_mp=CiVnb29nbGUubWFwcy5wbGFjZXMudjEuUGxhY2VzLkdldFBsYWNlEAIYBCAA
Website: https://maslow-restaurants.com/
Booking: https://maslow-restaurants.com/menu/</description>
      <Point>
        <coordinates>2.344425,48.858243,0</coordinates>
      </Point>
    </Placemark>
    <Placemark>
      <name>Micho</name>
      <description>Type: Restaurant
Arrondissement: 1er
Google: 4.1 (953 reviews)
Food types: restaurant
Tags: Restaurant, Street food, Israeli
Google Maps: https://maps.google.com/?cid=12218413180469688842&amp;g_mp=CiVnb29nbGUubWFwcy5wbGFjZXMudjEuUGxhY2VzLkdldFBsYWNlEAIYBCAA
Website: http://michoparis.fr/
Booking: https://bookings.zenchef.com/results?rid=362583&amp;fullscreen=1&amp;mini=0&amp;pid=mapstr&amp;primaryColor=FFC222&amp;type=web</description>
      <Point>
        <coordinates>2.337152481079102,48.8660774230957,0</coordinates>
      </Point>
    </Placemark>
    <Placemark>
      <name>Minh Chau</name>
      <description>Type: Vietnamese Restaurant
Arrondissement: 4e
Price: €
Google: 3.7 (330 reviews)
Food types: restaurant
Tags: Vietnamiese, Restaurant
Google Maps: https://maps.google.com/?cid=3620148272437483433&amp;g_mp=CiVnb29nbGUubWFwcy5wbGFjZXMudjEuUGxhY2VzLkdldFBsYWNlEAIYBCAA
Website: https://www.minhchau-paris.fr/contact</description>
      <Point>
        <coordinates>2.355156,48.85725610000001,0</coordinates>
      </Point>
    </Placemark>
    <Placemark>
      <name>Misu</name>
      <description>Type: Korean Restaurant
Arrondissement: 15e
Google: 4.8 (457 reviews)
Food types: restaurant
Tags: Korean
Google Maps: https://maps.google.com/?cid=12824606989028339590&amp;g_mp=CiVnb29nbGUubWFwcy5wbGFjZXMudjEuUGxhY2VzLkdldFBsYWNlEAIYBCAA
Website: https://www.instagram.com/misu.paris?igsh=MTY2c3d0c2N3eGlzNQ==
Booking: https://bookings.zenchef.com/results?rid=364226&amp;fullscreen=1&amp;mini=0&amp;pid=mapstr&amp;primaryColor=FFC222&amp;type=web</description>
      <Point>
        <coordinates>2.3171654,48.8438106,0</coordinates>
      </Point>
    </Placemark>
    <Placemark>
      <name>Miznon</name>
      <description>Type: Restaurant
Arrondissement: 10e
Google: 4.3 (759 reviews)
Food types: restaurant
Tags: Street food
Google Maps: https://maps.google.com/?cid=15522443952410790719&amp;g_mp=CiVnb29nbGUubWFwcy5wbGFjZXMudjEuUGxhY2VzLkdldFBsYWNlEAIYBCAA
Website: https://www.facebook.com/miznonparis/</description>
      <Point>
        <coordinates>2.366401,48.8691925,0</coordinates>
      </Point>
    </Placemark>
    <Placemark>
      <name>Mmmozza</name>
      <description>Type: Grocery Store
Google: 4.6 (474 reviews)
Food types: restaurant
Tags: Restaurant, Italian
Google Maps: https://maps.google.com/?cid=12343074101628899369&amp;g_mp=CiVnb29nbGUubWFwcy5wbGFjZXMudjEuUGxhY2VzLkdldFBsYWNlEAIYBCAA
Website: https://instagram.com/mmmozza_paris?igshid=YmMyMTA2M2Y=</description>
      <Point>
        <coordinates>2.3606,48.8639,0</coordinates>
      </Point>
    </Placemark>
    <Placemark>
      <name>Mojju</name>
      <description>Type: Korean Restaurant
Arrondissement: 7e
Google: 4.5 (241 reviews)
Food types: restaurant
Tags: ❤️, Restaurant, Korean
Google Maps: https://maps.google.com/?cid=805011685251304645&amp;g_mp=CiVnb29nbGUubWFwcy5wbGFjZXMudjEuUGxhY2VzLkdldFBsYWNlEAIYBCAA
Website: https://www.mojju-restaurant.com/
Booking: https://thefork.fr/restaurant/mojju-r815113/?cc=24751-923</description>
      <Point>
        <coordinates>2.3029927,48.8576399,0</coordinates>
      </Point>
    </Placemark>
    <Placemark>
      <name>Mokonuts Cafe and Bakery</name>
      <description>Arrondissement: 11e
Food types: restaurant
Tags: Restaurant, Breakfast, Trendy
Google Maps: https://www.google.com/maps/search/?api=1&amp;query=Mokonuts%20Cafe%20and%20Bakery%2C%20Paris%2C%20France
Website: https://www.facebook.com/Mokonuts
Booking: https://www.mokonuts.com/le-menu</description>
      <Point>
        <coordinates>2.3813834,48.8507906,0</coordinates>
      </Point>
    </Placemark>
    <Placemark>
      <name>Mr.T</name>
      <description>Arrondissement: 3e
Food types: restaurant
Tags: Frenchie, Asian, Mexican, ❤️, Trendy
Google Maps: https://www.google.com/maps/search/?api=1&amp;query=Mr.T%2C%20Paris%2C%20France
Website: http://www.mrt-restaurant.fr/
Booking: https://bookings.zenchef.com/results?rid=351813&amp;fullscreen=1&amp;mini=0&amp;pid=mapstr&amp;primaryColor=FFC222&amp;type=web</description>
      <Point>
        <coordinates>2.36368,48.8626707,0</coordinates>
      </Point>
    </Placemark>
    <Placemark>
      <name>Mulino Mulé</name>
      <description>Type: Italian Restaurant
Arrondissement: 10e
Google: 4.7 (381 reviews)
Food types: shopping
Tags: Restaurant, Italian
Google Maps: https://maps.google.com/?cid=12165723843615821378&amp;g_mp=CiVnb29nbGUubWFwcy5wbGFjZXMudjEuUGxhY2VzLkdldFBsYWNlEAIYBCAA
Website: http://www.cedriccasanova.com/
Booking: https://bookings.zenchef.com/results?rid=353468&amp;fullscreen=1&amp;mini=0&amp;pid=mapstr&amp;primaryColor=FFC222&amp;type=web</description>
      <Point>
        <coordinates>2.3723359,48.874196,0</coordinates>
      </Point>
    </Placemark>
    <Placemark>
      <name>Musée de la Chasse et de la Nature</name>
      <description>Type: Art museum
Arrondissement: 3e
Google: 4.5 (2,452 reviews)
Food types: museum
Tags: Museum, Restaurant, Unusual
Google summary: Hunting &amp; nature museum in 2 17th/18th-century mansions, housing artworks &amp; various stuffed animals.
Google Maps: https://maps.google.com/?cid=9283645651994521942&amp;g_mp=CiVnb29nbGUubWFwcy5wbGFjZXMudjEuUGxhY2VzLkdldFBsYWNlEAIYBCAA
Website: http://www.chassenature.org</description>
      <Point>
        <coordinates>2.35861,48.86149,0</coordinates>
      </Point>
    </Placemark>
    <Placemark>
      <name>NOMOS</name>
      <description>Arrondissement: 18e
Food types: restaurant
Tags: Restaurant
Google Maps: https://www.google.com/maps/search/?api=1&amp;query=NOMOS%2C%20Paris%2C%20France
Website: https://www.facebook.com/linkrestaurantparis</description>
      <Point>
        <coordinates>2.345925799999999,48.88571189999999,0</coordinates>
      </Point>
    </Placemark>
    <Placemark>
      <name>Nana</name>
      <description>Arrondissement: 11e
Food types: restaurant
Tags: Restaurant, Trendy
Google Maps: https://www.google.com/maps/search/?api=1&amp;query=Nana%2C%20Paris%2C%20France
Website: http://nanaparis.com</description>
      <Point>
        <coordinates>2.3720465,48.8567277,0</coordinates>
      </Point>
    </Placemark>
    <Placemark>
      <name>Neni Paris</name>
      <description>Type: Restaurant
Arrondissement: 10e
Google: 4.4 (563 reviews)
Food types: restaurant
Tags: Restaurant, Israeli
Google summary: Stylish, artful hangout with a relaxed vibe spotlighting Middle Eastern-influenced cuisine.
Google Maps: https://maps.google.com/?cid=11015449668276958082&amp;g_mp=CiVnb29nbGUubWFwcy5wbGFjZXMudjEuUGxhY2VzLkdldFBsYWNlEAIYBCAA
Website: http://www.neniparis.fr/fr/site.php
Booking: https://bookings.zenchef.com/results?rid=364022&amp;pid=mapstr</description>
      <Point>
        <coordinates>2.354939799999999,48.8795258,0</coordinates>
      </Point>
    </Placemark>
    <Placemark>
      <name>Nubio</name>
      <description>Arrondissement: 11e
Food types: shopping
Tags: Healthy
Google Maps: https://maps.google.com/?cid=12610645211511056857&amp;g_mp=CiVnb29nbGUubWFwcy5wbGFjZXMudjEuUGxhY2VzLkdldFBsYWNlEAIYBCAA
Website: https://concept-store-atelier-nubio.business.site/</description>
      <Point>
        <coordinates>2.3845735,48.8511855,0</coordinates>
      </Point>
    </Placemark>
    <Placemark>
      <name>OOBATZ</name>
      <description>Type: Pizza Restaurant
Arrondissement: 11e
Google: 4.5 (420 reviews)
Food types: restaurant
Tags: Pizza, Restaurant
Google Maps: https://maps.google.com/?cid=10098685587554175031&amp;g_mp=CiVnb29nbGUubWFwcy5wbGFjZXMudjEuUGxhY2VzLkdldFBsYWNlEAIYBCAA
Website: https://oobatz.fr/</description>
      <Point>
        <coordinates>2.3810814,48.8652926,0</coordinates>
      </Point>
    </Placemark>
    <Placemark>
      <name>Olive Chicken</name>
      <description>Type: Chicken Restaurant
Arrondissement: 14e
Price: €€
Google: 4.4 (732 reviews)
Food types: restaurant
Tags: Restaurant, Korean
Google Maps: https://maps.google.com/?cid=17019879004737710620&amp;g_mp=CiVnb29nbGUubWFwcy5wbGFjZXMudjEuUGxhY2VzLkdldFBsYWNlEAIYBCAA
Website: https://instagram.com/olivechicken_paris?igshid=YmMyMTA2M2Y=</description>
      <Point>
        <coordinates>2.3233777,48.8409518,0</coordinates>
      </Point>
    </Placemark>
    <Placemark>
      <name>On Restaurant</name>
      <description>Type: Korean Restaurant
Arrondissement: 1er
Google: 4.8 (205 reviews)
Food types: restaurant
Tags: Korean, Restaurant
Google Maps: https://maps.google.com/?cid=17354233080811267738&amp;g_mp=CiVnb29nbGUubWFwcy5wbGFjZXMudjEuUGxhY2VzLkdldFBsYWNlEAIYBCAA
Website: https://www.instagram.com/on_resto/</description>
      <Point>
        <coordinates>2.3324188,48.8656064,0</coordinates>
      </Point>
    </Placemark>
    <Placemark>
      <name>Onii-San - Izakaya </name>
      <description>Type: Japanese Restaurant
Arrondissement: 3e
Google: 4.1 (758 reviews)
Food types: restaurant
Tags: Japanese, Restaurant, Trendy
Google Maps: https://maps.google.com/?cid=4294208365302536734&amp;g_mp=CiVnb29nbGUubWFwcy5wbGFjZXMudjEuUGxhY2VzLkdldFBsYWNlEAIYBCAA
Website: https://www.onii-san.fr/
Booking: https://bookings.zenchef.com/results?rid=354548&amp;fullscreen=1&amp;mini=0&amp;pid=mapstr&amp;primaryColor=FFC222&amp;type=web</description>
      <Point>
        <coordinates>2.360397790059537,48.86307045508935,0</coordinates>
      </Point>
    </Placemark>
    <Placemark>
      <name>Osteria Ferrara</name>
      <description>Arrondissement: 11e
Food types: restaurant
Tags: Restaurant, Italian
Google Maps: https://www.google.com/maps/search/?api=1&amp;query=Osteria%20Ferrara%2C%20Paris%2C%20France
Website: http://www.osteriaferrara.com/
Booking: https://bookings.zenchef.com/results?rid=352382&amp;fullscreen=1&amp;mini=0&amp;pid=mapstr&amp;primaryColor=FFC222&amp;type=web</description>
      <Point>
        <coordinates>2.383292,48.851282,0</coordinates>
      </Point>
    </Placemark>
    <Placemark>
      <name>PIN-PAN</name>
      <description>Type: Argentinian Restaurant
Arrondissement: 9e
Google: 4.8 (68 reviews)
Food types: restaurant
Tags: Pizza, Restaurant
Google Maps: https://maps.google.com/?cid=5300444021418335154&amp;g_mp=CiVnb29nbGUubWFwcy5wbGFjZXMudjEuUGxhY2VzLkdldFBsYWNlEAIYBCAA
Website: https://pin-pan.site.bykomdab.com/</description>
      <Point>
        <coordinates>2.3353161,48.876635,0</coordinates>
      </Point>
    </Placemark>
    <Placemark>
      <name>Parcelles</name>
      <description>Type: French Restaurant
Arrondissement: 3e
Google: 4.5 (477 reviews)
Food types: restaurant
Tags: Restaurant
Google Maps: https://maps.google.com/?cid=12086924999685936275&amp;g_mp=CiVnb29nbGUubWFwcy5wbGFjZXMudjEuUGxhY2VzLkdldFBsYWNlEAIYBCAA
Website: https://www.parcelles-paris.fr/</description>
      <Point>
        <coordinates>2.3565614,48.8630868,0</coordinates>
      </Point>
    </Placemark>
    <Placemark>
      <name>Paris Hanoï</name>
      <description>Arrondissement: 11e
Food types: restaurant
Tags: Vietnamiese, Restaurant
Google Maps: https://www.google.com/maps/search/?api=1&amp;query=Paris%20Hano%C3%AF%2C%20Paris%2C%20France
Website: http://www.parishanoi.fr/</description>
      <Point>
        <coordinates>2.3800439,48.8534502,0</coordinates>
      </Point>
    </Placemark>
    <Placemark>
      <name>Paris-Boca</name>
      <description>Type: Pizza Restaurant
Google: 4.7 (840 reviews)
Food types: restaurant
Tags: Argentinian, Restaurant
Google summary: Compact, trendy restaurant offering pizzas &amp; cocktails, plus a take-out option.
Google Maps: https://maps.google.com/?cid=15187808464290341344&amp;g_mp=CiVnb29nbGUubWFwcy5wbGFjZXMudjEuUGxhY2VzLkdldFBsYWNlEAIYBCAA
Website: https://parisboca.fr/
Booking: https://module.lafourchette.com/en_GB/module/709777-c63e5#/4555249/pdh</description>
      <Point>
        <coordinates>2.3336,48.8826,0</coordinates>
      </Point>
    </Placemark>
    <Placemark>
      <name>Parisik</name>
      <description>Type: Korean Restaurant
Arrondissement: 17e
Google: 4.9 (729 reviews)
Food types: restaurant
Tags: Korean, Restaurant
Google Maps: https://maps.google.com/?cid=12737533707296645573&amp;g_mp=CiVnb29nbGUubWFwcy5wbGFjZXMudjEuUGxhY2VzLkdldFBsYWNlEAIYBCAA
Website: http://www.baprepascoreen.com/
Booking: https://bookings.zenchef.com/results?rid=362479&amp;fullscreen=1&amp;mini=0&amp;pid=mapstr&amp;primaryColor=FFC222&amp;type=web</description>
      <Point>
        <coordinates>2.3234278,48.8841289,0</coordinates>
      </Point>
    </Placemark>
    <Placemark>
      <name>Passerini</name>
      <description>Arrondissement: 12e
Food types: restaurant
Tags: Restaurant, Trendy, Italian
Google Maps: https://www.google.com/maps/search/?api=1&amp;query=Passerini%2C%20Paris%2C%20France
Website: http://passerini.paris/
Booking: https://bookings.zenchef.com/results?rid=352551&amp;fullscreen=1&amp;mini=0&amp;pid=mapstr&amp;primaryColor=FFC222&amp;type=web</description>
      <Point>
        <coordinates>2.3748206,48.8494184,0</coordinates>
      </Point>
    </Placemark>
    <Placemark>
      <name>Patine Bistrot</name>
      <description>Type: French Restaurant
Arrondissement: 11e
Google: 4.9 (109 reviews)
Food types: restaurant
Tags: ❤️, Frenchie, Restaurant
Google Maps: https://maps.google.com/?cid=4321861797129807666&amp;g_mp=CiVnb29nbGUubWFwcy5wbGFjZXMudjEuUGxhY2VzLkdldFBsYWNlEAIYBCAA
Website: https://www.patine-bistrot.fr/</description>
      <Point>
        <coordinates>2.3849892,48.8583587,0</coordinates>
      </Point>
    </Placemark>
    <Placemark>
      <name>Patsy</name>
      <description>Type: Restaurant
Arrondissement: 9e
Google: 4.9 (161 reviews)
Food types: restaurant
Tags: ❤️, Bistrot, Trendy, Restaurant
Google Maps: https://maps.google.com/?cid=13453863671297659258&amp;g_mp=CiVnb29nbGUubWFwcy5wbGFjZXMudjEuUGxhY2VzLkdldFBsYWNlEAIYBCAA
Website: https://restaurant-patsy.com/</description>
      <Point>
        <coordinates>2.3446353,48.8725168,0</coordinates>
      </Point>
    </Placemark>
    <Placemark>
      <name>Paul Chêne</name>
      <description>Type: French Restaurant
Arrondissement: 16e
Price: €€
Google: 4.5 (674 reviews)
Food types: restaurant
Tags: Frenchie, Restaurant, Bistrot
Google summary: Bistro classics with a modern twist, plus cognac &amp; fine wines, at a neighborhood institution.
Google Maps: https://maps.google.com/?cid=16760174407518908822&amp;g_mp=CiVnb29nbGUubWFwcy5wbGFjZXMudjEuUGxhY2VzLkdldFBsYWNlEAIYBCAA
Website: http://www.paulchene.com/
Booking: https://bookings.zenchef.com/results?rid=360248&amp;fullscreen=1&amp;mini=0&amp;pid=mapstr&amp;primaryColor=FFC222&amp;type=web</description>
      <Point>
        <coordinates>2.285838,48.8657376,0</coordinates>
      </Point>
    </Placemark>
    <Placemark>
      <name>Paul Chêne Cherche Midi</name>
      <description>Type: French Restaurant
Arrondissement: 6e
Price: €€
Google: 4.4 (162 reviews)
Food types: restaurant
Tags: Restaurant, Bistrot
Google Maps: https://maps.google.com/?cid=5627152388365986600&amp;g_mp=CiVnb29nbGUubWFwcy5wbGFjZXMudjEuUGxhY2VzLkdldFBsYWNlEAIYBCAA
Website: http://paulchene-cherchemidi.fr/
Booking: https://bookings.zenchef.com/results?rid=361192&amp;fullscreen=1&amp;mini=0&amp;pid=mapstr&amp;primaryColor=FFC222&amp;type=web</description>
      <Point>
        <coordinates>2.323308,48.84772880000001,0</coordinates>
      </Point>
    </Placemark>
    <Placemark>
      <name>Peco Peco</name>
      <description>Arrondissement: 9e
Food types: restaurant
Tags: Japanese, Restaurant
Google Maps: https://www.google.com/maps/search/?api=1&amp;query=Peco%20Peco%2C%20Paris%2C%20France
Website: http://www.pecopeco.fr/
Booking: https://bookings.zenchef.com/results?rid=349322&amp;fullscreen=1&amp;mini=0&amp;pid=mapstr&amp;primaryColor=FFC222&amp;type=web</description>
      <Point>
        <coordinates>2.334629,48.880232,0</coordinates>
      </Point>
    </Placemark>
    <Placemark>
      <name>Pedzouille L&apos;étable</name>
      <description>Arrondissement: 10e
Food types: restaurant
Tags: Frenchie, Restaurant, Meat
Google Maps: https://www.google.com/maps/search/?api=1&amp;query=Pedzouille%20L&apos;%C3%A9table%2C%20Paris%2C%20France
Website: http://www.pedzouille.fr/
Booking: https://bookings.zenchef.com/results?rid=356311&amp;fullscreen=1&amp;mini=0&amp;pid=mapstr&amp;primaryColor=FFC222&amp;type=web</description>
      <Point>
        <coordinates>2.3485288,48.87613,0</coordinates>
      </Point>
    </Placemark>
    <Placemark>
      <name>Pierro par Pierre Gagnaire</name>
      <description>Type: Restaurant
Arrondissement: 7e
Google: 4.4 (263 reviews)
Food types: restaurant
Tags: Italian, Restaurant
Google summary: Warm, upscale bistro with marble tables featuring northern Italian cuisine by an acclaimed chef.
Google Maps: https://maps.google.com/?cid=4430642939950905436&amp;g_mp=CiVnb29nbGUubWFwcy5wbGFjZXMudjEuUGxhY2VzLkdldFBsYWNlEAIYBCAA
Website: https://www.pierregagnaire.com/restaurants/piero-paris
Booking: https://thefork.fr/restaurant/piero-tt-r658801/?cc=24751-923</description>
      <Point>
        <coordinates>2.3267091,48.8566934,0</coordinates>
      </Point>
    </Placemark>
    <Placemark>
      <name>Pink Koï</name>
      <description>Type: Japanese Restaurant
Arrondissement: 1er
Google: 4.5 (2,212 reviews)
Food types: restaurant
Tags: Restaurant, Japanese
Google Maps: https://maps.google.com/?cid=17657903252065710465&amp;g_mp=CiVnb29nbGUubWFwcy5wbGFjZXMudjEuUGxhY2VzLkdldFBsYWNlEAIYBCAA
Website: http://pinkkoi.fr/
Booking: https://thefork.fr/restaurant/pink-koi-r835089/?cc=24751-923</description>
      <Point>
        <coordinates>2.343659639358521,48.86360168457031,0</coordinates>
      </Point>
    </Placemark>
    <Placemark>
      <name>Poissonnerie EBISU</name>
      <description>Type: Food Store
Arrondissement: 11e
Google: 4.5 (246 reviews)
Food types: shopping
Tags: Japanese, Fish, Restaurant
Google Maps: https://maps.google.com/?cid=4553510804648077163&amp;g_mp=CiVnb29nbGUubWFwcy5wbGFjZXMudjEuUGxhY2VzLkdldFBsYWNlEAIYBCAA
Website: https://www.facebook.com/poissonnerie.ebisu.9?ref=bookmarks</description>
      <Point>
        <coordinates>2.3727833,48.85836159999999,0</coordinates>
      </Point>
    </Placemark>
    <Placemark>
      <name>Popine Ménilmontant</name>
      <description>Type: Pizza Restaurant
Arrondissement: 20e
Price: €€
Google: 4.3 (1,642 reviews)
Food types: restaurant
Tags: Restaurant, Pizza, Italian
Google summary: Classic &amp; creative Neapolitan pizzas, with vegetarian options, in a chic space with sidewalk tables.
Google Maps: https://maps.google.com/?cid=8916270957093783891&amp;g_mp=CiVnb29nbGUubWFwcy5wbGFjZXMudjEuUGxhY2VzLkdldFBsYWNlEAIYBCAA
Website: http://popine-paris.fr/</description>
      <Point>
        <coordinates>2.3849919,48.8654385,0</coordinates>
      </Point>
    </Placemark>
    <Placemark>
      <name>Pottoka</name>
      <description>Arrondissement: 7e
Food types: restaurant
Tags: Frenchie, Restaurant
Google Maps: https://www.google.com/maps/search/?api=1&amp;query=Pottoka%2C%20Paris%2C%20France
Website: http://www.pottoka.fr/
Booking: https://pottoka.fr/carte-pottoka/Menu-pottoka-fr.pdf</description>
      <Point>
        <coordinates>2.302567799999999,48.8581265,0</coordinates>
      </Point>
    </Placemark>
    <Placemark>
      <name>Pouliche - Amandine Chaignot</name>
      <description>Type: French Restaurant
Arrondissement: 10e
Price: €€€
Google: 4.6 (2,726 reviews)
Food types: restaurant
Tags: Restaurant, Healthy, Vegetarian
Google summary: A thoughtfully sourced fixed-price menu is served with cocktails &amp; wine at this chic, artful bistro.
Google Maps: https://maps.google.com/?cid=14974205681606584309&amp;g_mp=CiVnb29nbGUubWFwcy5wbGFjZXMudjEuUGxhY2VzLkdldFBsYWNlEAIYBCAA
Website: https://poulicheparis.com/
Booking: https://bookings.zenchef.com/results?rid=353381&amp;prescriber_id=20117&amp;prescriber_name=MAPSTR&amp;pid=mapstr</description>
      <Point>
        <coordinates>2.3513538,48.8719347,0</coordinates>
      </Point>
    </Placemark>
    <Placemark>
      <name>Quartier Latin - Restaurant Pizzeria</name>
      <description>Type: Pizza Restaurant
Arrondissement: 5e
Price: €€
Google: 4.8 (1,931 reviews)
Food types: restaurant
Tags: Pizza, Restaurant
Google Maps: https://maps.google.com/?cid=615285628419235429&amp;g_mp=CiVnb29nbGUubWFwcy5wbGFjZXMudjEuUGxhY2VzLkdldFBsYWNlEAIYBCAA
Website: https://www.restaurant-quartierlatin.fr/
Booking: https://thefork.fr/restaurant/le-quartier-latin-r736047/?cc=24751-923</description>
      <Point>
        <coordinates>2.3497802,48.8421919,0</coordinates>
      </Point>
    </Placemark>
    <Placemark>
      <name>REYNA</name>
      <description>Type: Asian Fusion Restaurant
Arrondissement: 11e
Google: 4.6 (761 reviews)
Food types: restaurant
Tags: Restaurant, Korean
Google Maps: https://maps.google.com/?cid=674115589850623613&amp;g_mp=CiVnb29nbGUubWFwcy5wbGFjZXMudjEuUGxhY2VzLkdldFBsYWNlEAIYBCAA
Website: https://www.reyna.paris/
Booking: https://bookings.zenchef.com/results?rid=357947&amp;fullscreen=1&amp;mini=0&amp;pid=mapstr&amp;primaryColor=FFC222&amp;type=web</description>
      <Point>
        <coordinates>2.3879234,48.85049790000001,0</coordinates>
      </Point>
    </Placemark>
    <Placemark>
      <name>Racines</name>
      <description>Arrondissement: 2e
Food types: restaurant
Tags: Frenchie, Restaurant, ❤️, Trendy
Google Maps: https://www.google.com/maps/search/?api=1&amp;query=Racines%2C%20Paris%2C%20France
Website: http://www.racinesparis.com/
Booking: https://racines.superbexperience.com/reserve/experience</description>
      <Point>
        <coordinates>2.3418543,48.87125160000001,0</coordinates>
      </Point>
    </Placemark>
    <Placemark>
      <name>Racines Des Prés</name>
      <description>Type: Restaurant
Arrondissement: 7e
Price: €€
Google: 4.6 (405 reviews)
Food types: restaurant
Tags: Restaurant, Bistrot
Google summary: Contemporary outfit with an open kitchen serving creatively presented seasonal cuisine.
Google Maps: https://maps.google.com/?cid=12221058701971630718&amp;g_mp=CiVnb29nbGUubWFwcy5wbGFjZXMudjEuUGxhY2VzLkdldFBsYWNlEAIYBCAA
Website: http://www.racinesdespres.com/
Booking: https://bookings.zenchef.com/results?rid=353535&amp;fullscreen=1&amp;mini=0&amp;pid=mapstr&amp;primaryColor=FFC222&amp;type=web</description>
      <Point>
        <coordinates>2.3270644,48.8561191,0</coordinates>
      </Point>
    </Placemark>
    <Placemark>
      <name>Rap épicerie</name>
      <description>Arrondissement: 9e
Food types: shopping
Tags: Italian
Google Maps: https://www.google.com/maps/search/?api=1&amp;query=Rap%20%C3%A9picerie%2C%20Paris%2C%20France
Website: http://www.rapparis.fr/</description>
      <Point>
        <coordinates>2.339409,48.8765783,0</coordinates>
      </Point>
    </Placemark>
    <Placemark>
      <name>Red Sauce - Restaurant italo-américain</name>
      <description>Type: Italian Restaurant
Arrondissement: 10e
Google: 4.8 (5,434 reviews)
Food types: restaurant
Tags: ❤️, Restaurant
Google Maps: https://maps.google.com/?cid=2810451158092003016&amp;g_mp=CiVnb29nbGUubWFwcy5wbGFjZXMudjEuUGxhY2VzLkdldFBsYWNlEAIYBCAA
Website: https://www.redsauce.fr/
Booking: https://bookings.zenchef.com/results?rid=376055&amp;fullscreen=1&amp;mini=0&amp;pid=mapstr&amp;primaryColor=FFC222&amp;type=web</description>
      <Point>
        <coordinates>2.3523166,48.8726255,0</coordinates>
      </Point>
    </Placemark>
    <Placemark>
      <name>Restaurant Au Passage</name>
      <description>Arrondissement: 11e
Food types: restaurant
Tags: Restaurant
Google Maps: https://www.google.com/maps/search/?api=1&amp;query=Restaurant%20Au%20Passage%2C%20Paris%2C%20France
Website: http://www.restaurant-aupassage.fr/
Booking: https://www.restaurant-aupassage.fr</description>
      <Point>
        <coordinates>2.368923,48.86164369999999,0</coordinates>
      </Point>
    </Placemark>
    <Placemark>
      <name>Restaurant Biche</name>
      <description>Type: French Restaurant
Arrondissement: 8e
Google: 4.6 (2,226 reviews)
Food types: restaurant
Tags: Restaurant
Google Maps: https://maps.google.com/?cid=7871108702379607073&amp;g_mp=CiVnb29nbGUubWFwcy5wbGFjZXMudjEuUGxhY2VzLkdldFBsYWNlEAIYBCAA
Website: https://www.biche-restaurant.com/</description>
      <Point>
        <coordinates>2.30925,48.87335,0</coordinates>
      </Point>
    </Placemark>
    <Placemark>
      <name>Restaurant Caillebotte</name>
      <description>Arrondissement: 9e
Food types: restaurant
Tags: Healthy
Google Maps: https://www.google.com/maps/search/?api=1&amp;query=Restaurant%20Caillebotte%2C%20Paris%2C%20France
Website: http://www.lepantruche.fr/
Booking: https://bookings.zenchef.com/results?rid=348234&amp;fullscreen=1&amp;mini=0&amp;pid=mapstr&amp;primaryColor=FFC222&amp;type=web</description>
      <Point>
        <coordinates>2.3407727,48.8771649,0</coordinates>
      </Point>
    </Placemark>
    <Placemark>
      <name>Restaurant Kunitoraya</name>
      <description>Type: Japanese Restaurant
Arrondissement: 1er
Price: €€
Google: 4.3 (1,944 reviews)
Food types: restaurant
Tags: Japanese, Restaurant, Trendy
Google summary: Udon noodle bowls, tempura &amp; sake in a hip restaurant with brick walls &amp; street-facing counters.
Google Maps: https://maps.google.com/?cid=496113187826144693&amp;g_mp=CiVnb29nbGUubWFwcy5wbGFjZXMudjEuUGxhY2VzLkdldFBsYWNlEAIYBCAA
Website: https://kunitoraya.com
Booking: https://thefork.fr/restaurant/charbon-kunitoraya-r354287/?cc=24751-923</description>
      <Point>
        <coordinates>2.3368488,48.8659519,0</coordinates>
      </Point>
    </Placemark>
    <Placemark>
      <name>Restaurant Montcalm</name>
      <description>Arrondissement: 18e
Food types: restaurant
Tags: Frenchie, Restaurant
Google Maps: https://www.google.com/maps/search/?api=1&amp;query=Restaurant%20Montcalm%2C%20Paris%2C%20France
Booking: https://bookings.zenchef.com/results?rid=379504&amp;fullscreen=1&amp;mini=0&amp;pid=mapstr&amp;primaryColor=FFC222&amp;type=web</description>
      <Point>
        <coordinates>2.3370904,48.89282780000001,0</coordinates>
      </Point>
    </Placemark>
    <Placemark>
      <name>Restaurant Pages</name>
      <description>Arrondissement: 16e
Food types: restaurant
Tags: Frenchie, Japanese, Restaurant
Google Maps: https://www.google.com/maps/search/?api=1&amp;query=Restaurant%20Pages%2C%20Paris%2C%20France
Website: http://www.116pages.fr/
Booking: https://thefork.fr/restaurant/pages-r65716/?cc=24751-923</description>
      <Point>
        <coordinates>2.2961591,48.8709266,0</coordinates>
      </Point>
    </Placemark>
    <Placemark>
      <name>Restaurant Panurge</name>
      <description>Type: French Restaurant
Arrondissement: 2e
Google: 4.8 (175 reviews)
Food types: restaurant
Tags: Frenchie
Google Maps: https://maps.google.com/?cid=69062231218686658&amp;g_mp=CiVnb29nbGUubWFwcy5wbGFjZXMudjEuUGxhY2VzLkdldFBsYWNlEAIYBCAA
Website: https://www.restaurant-panurge.com/
Booking: https://thefork.fr/restaurant/panurge-r854149/?cc=24751-923</description>
      <Point>
        <coordinates>2.3463159,48.8696774,0</coordinates>
      </Point>
    </Placemark>
    <Placemark>
      <name>Restaurant Waknine Et Associes</name>
      <description>Type: Restaurant
Arrondissement: 16e
Google: 4.3 (369 reviews)
Food types: restaurant
Tags: Bistrot
Google summary: Refined French cuisine with a global spin, plus aperitifs, in an elegant space or on a terrace.
Google Maps: https://maps.google.com/?cid=8944917317209384110&amp;g_mp=CiVnb29nbGUubWFwcy5wbGFjZXMudjEuUGxhY2VzLkdldFBsYWNlEAIYBCAA
Website: http://www.waknine.fr/
Booking: https://bookings.zenchef.com/results?rid=379309&amp;fullscreen=1&amp;mini=0&amp;pid=mapstr&amp;primaryColor=FFC222&amp;type=web</description>
      <Point>
        <coordinates>2.2953563,48.8655972,0</coordinates>
      </Point>
    </Placemark>
    <Placemark>
      <name>Restaurant eels</name>
      <description>Arrondissement: 10e
Food types: restaurant
Tags: Fish, Restaurant, Trendy, Healthy
Google Maps: https://www.google.com/maps/search/?api=1&amp;query=Restaurant%20eels%2C%20Paris%2C%20France
Website: http://restaurant-eels.com/
Booking: https://bookings.zenchef.com/results?rid=352413&amp;fullscreen=1&amp;mini=0&amp;pid=mapstr&amp;primaryColor=FFC222&amp;type=web</description>
      <Point>
        <coordinates>2.350105,48.8732428,0</coordinates>
      </Point>
    </Placemark>
    <Placemark>
      <name>Robert et Louise</name>
      <description>Type: French Restaurant
Arrondissement: 3e
Price: €€
Google: 4.5 (3,345 reviews)
Food types: restaurant
Tags: Bistrot, Restaurant
Google summary: Steak, duck confit &amp; a long wine list in a relaxed venue with wood beams &amp; stone walls.
Google Maps: https://maps.google.com/?cid=13476296587106863437&amp;g_mp=CiVnb29nbGUubWFwcy5wbGFjZXMudjEuUGxhY2VzLkdldFBsYWNlEAIYBCAA
Website: http://robertetlouise.com/
Booking: https://bookings.zenchef.com/results?rid=352419&amp;fullscreen=1&amp;mini=0&amp;pid=mapstr&amp;primaryColor=FFC222&amp;type=web</description>
      <Point>
        <coordinates>2.3594352,48.8590787,0</coordinates>
      </Point>
    </Placemark>
    <Placemark>
      <name>Rose Bakery</name>
      <description>Type: Takeout Restaurant
Arrondissement: 9e
Price: €€
Google: 3.5 (593 reviews)
Food types: restaurant
Tags: Healthy
Google Maps: https://maps.google.com/?cid=2529575165444459920&amp;g_mp=CiVnb29nbGUubWFwcy5wbGFjZXMudjEuUGxhY2VzLkdldFBsYWNlEAIYBCAA
Website: http://www.rosebakery.fr/</description>
      <Point>
        <coordinates>2.340135999999999,48.879395,0</coordinates>
      </Point>
    </Placemark>
    <Placemark>
      <name>Rôtisserie Segar</name>
      <description>Type: Restaurant
Arrondissement: 5e
Google: 4.7 (237 reviews)
Food types: restaurant
Tags: Street food
Google Maps: https://maps.google.com/?cid=7808385425937624284&amp;g_mp=CiVnb29nbGUubWFwcy5wbGFjZXMudjEuUGxhY2VzLkdldFBsYWNlEAIYBCAA
Website: https://www.instagram.com/rotisserie_segar/</description>
      <Point>
        <coordinates>2.3497802,48.8421919,0</coordinates>
      </Point>
    </Placemark>
    <Placemark>
      <name>SUGO pasta fresca - Saint-Augustin</name>
      <description>Type: Italian Restaurant
Arrondissement: 2e
Google: 4.8 (2,351 reviews)
Food types: restaurant
Tags: Italian, Restaurant
Google Maps: https://maps.google.com/?cid=8360599334616956990&amp;g_mp=CiVnb29nbGUubWFwcy5wbGFjZXMudjEuUGxhY2VzLkdldFBsYWNlEAIYBCAA
Website: http://www.sugoparis.com/
Booking: https://sugo.commandes.io</description>
      <Point>
        <coordinates>2.3361959,48.8690001,0</coordinates>
      </Point>
    </Placemark>
    <Placemark>
      <name>Salatim</name>
      <description>Arrondissement: 2e
Food types: restaurant
Tags: Restaurant, Israeli, Trendy
Google Maps: https://www.google.com/maps/search/?api=1&amp;query=Salatim%2C%20Paris%2C%20France
Website: https://www.facebook.com/SalatimParis</description>
      <Point>
        <coordinates>2.3459585,48.8690915,0</coordinates>
      </Point>
    </Placemark>
    <Placemark>
      <name>Sambuja - Restaurant Coréen 삼부자 식당</name>
      <description>Type: Korean Restaurant
Arrondissement: 9e
Price: €€
Google: 4.4 (973 reviews)
Food types: restaurant
Tags: Korean, Restaurant
Google Maps: https://maps.google.com/?cid=6391778995618866846&amp;g_mp=CiVnb29nbGUubWFwcy5wbGFjZXMudjEuUGxhY2VzLkdldFBsYWNlEAIYBCAA
Website: http://restaurant-coreen-sambuja.fr/</description>
      <Point>
        <coordinates>2.3395935,48.8764844,0</coordinates>
      </Point>
    </Placemark>
    <Placemark>
      <name>Sanjo</name>
      <description>Type: Restaurant
Arrondissement: 1er
Price: €€
Google: 4.6 (915 reviews)
Food types: restaurant
Tags: Japanese
Google summary: Ramen &amp; other traditional Japanese bites offered in a simple space with chic decor.
Google Maps: https://maps.google.com/?cid=9131286355051484620&amp;g_mp=CiVnb29nbGUubWFwcy5wbGFjZXMudjEuUGxhY2VzLkdldFBsYWNlEAIYBCAA
Website: http://sanjo.fr</description>
      <Point>
        <coordinates>2.3331631,48.8663375,0</coordinates>
      </Point>
    </Placemark>
    <Placemark>
      <name>Sankaku</name>
      <description>Type: Restaurant
Arrondissement: 9e
Google: 4.8 (118 reviews)
Food types: restaurant
Tags: Japanese
Google Maps: https://maps.google.com/?cid=1210894981519400377&amp;g_mp=CiVnb29nbGUubWFwcy5wbGFjZXMudjEuUGxhY2VzLkdldFBsYWNlEAIYBCAA</description>
      <Point>
        <coordinates>2.343331,48.8801494,0</coordinates>
      </Point>
    </Placemark>
    <Placemark>
      <name>Santa Silvia</name>
      <description>Type: Italian Restaurant
Arrondissement: 20e
Google: 4.0 (80 reviews)
Food types: restaurant
Tags: Restaurant, Italian, ❤️
Google Maps: https://maps.google.com/?cid=182707591855884046&amp;g_mp=CiVnb29nbGUubWFwcy5wbGFjZXMudjEuUGxhY2VzLkdldFBsYWNlEAIYBCAA
Website: https://www.santasilviaparis.fr/</description>
      <Point>
        <coordinates>2.3969941,48.8580725,0</coordinates>
      </Point>
    </Placemark>
    <Placemark>
      <name>Sardegna a Tavola</name>
      <description>Arrondissement: 12e
Food types: restaurant
Tags: Restaurant, Italian
Google Maps: https://www.google.com/maps/search/?api=1&amp;query=Sardegna%20a%20Tavola%2C%20Paris%2C%20France
Website: http://www.sardegna.paris/</description>
      <Point>
        <coordinates>2.3767567,48.8482861,0</coordinates>
      </Point>
    </Placemark>
    <Placemark>
      <name>Sauvage</name>
      <description>Type: Restaurant
Arrondissement: 6e
Price: €€
Google: 4.1 (399 reviews)
Food types: restaurant
Tags: Restaurant
Google Maps: https://maps.google.com/?cid=305496300968525004&amp;g_mp=CiVnb29nbGUubWFwcy5wbGFjZXMudjEuUGxhY2VzLkdldFBsYWNlEAIYBCAA
Website: https://www.facebook.com/cave.sauvage
Booking: https://bookings.zenchef.com/results?rid=362546&amp;fullscreen=1&amp;mini=0&amp;pid=mapstr&amp;primaryColor=FFC222&amp;type=web</description>
      <Point>
        <coordinates>2.3250676,48.8486142,0</coordinates>
      </Point>
    </Placemark>
    <Placemark>
      <name>Scaria</name>
      <description>Arrondissement: 11e
Food types: restaurant
Tags: Restaurant, Healthy
Google Maps: https://www.google.com/maps/search/?api=1&amp;query=Scaria%2C%20Paris%2C%20France
Website: http://www.scaria.paris/
Booking: https://thefork.fr/restaurant/scaria-r457731/?cc=24751-923</description>
      <Point>
        <coordinates>2.375032,48.86485019999999,0</coordinates>
      </Point>
    </Placemark>
    <Placemark>
      <name>Season Marais</name>
      <description>Arrondissement: 3e
Food types: restaurant
Tags: Vegetarian
Google Maps: https://www.google.com/maps/search/?api=1&amp;query=Season%20Marais%2C%20Paris%2C%20France
Website: http://www.season-paris.com/
Booking: https://www.season-paris.com/wp-content/uploads/2020/10/MENU_AUTOMN_A1_20201012-copie-scaled.jpg</description>
      <Point>
        <coordinates>2.3626373,48.8651393,0</coordinates>
      </Point>
    </Placemark>
    <Placemark>
      <name>Semilla</name>
      <description>Type: French Restaurant
Price: €€€
Google: 4.5 (948 reviews)
Food types: restaurant
Tags: Frenchie, Restaurant
Google summary: Contemporary, intricate French cuisine with Mediterranean accents amid exposed ducts &amp; brickwork.
Google Maps: https://maps.google.com/?cid=17909131433648070151&amp;g_mp=CiVnb29nbGUubWFwcy5wbGFjZXMudjEuUGxhY2VzLkdldFBsYWNlEAIYBCAA
Website: http://www.semillaparis.com/
Booking: https://bookings.zenchef.com/results?rid=353221&amp;fullscreen=1&amp;mini=0&amp;pid=mapstr&amp;primaryColor=FFC222&amp;type=web</description>
      <Point>
        <coordinates>2.336884699999999,48.8540662,0</coordinates>
      </Point>
    </Placemark>
    <Placemark>
      <name>Sette Pizza - Paris</name>
      <description>Type: Pizza Restaurant
Arrondissement: 10e
Price: €
Google: 4.3 (1,541 reviews)
Food types: restaurant
Tags: Restaurant, Italian
Google summary: Classic pizzas, beer &amp; house music in a narrow space with industrial accents &amp; a tiled floor.
Google Maps: https://maps.google.com/?cid=12388972741114458453&amp;g_mp=CiVnb29nbGUubWFwcy5wbGFjZXMudjEuUGxhY2VzLkdldFBsYWNlEAIYBCAA
Website: http://www.settepizza.fr/</description>
      <Point>
        <coordinates>2.3535652,48.87124,0</coordinates>
      </Point>
    </Placemark>
    <Placemark>
      <name>Shabour</name>
      <description>Type: Fine Dining Restaurant
Arrondissement: 2e
Price: €€€€
Google: 4.7 (877 reviews)
Food types: restaurant
Tags: Restaurant, Israeli
Google summary: Imaginative Jerusalem-inspired tasting menu &amp; wines served in a cozy, industrial restaurant.
Google Maps: https://maps.google.com/?cid=2936086189634435574&amp;g_mp=CiVnb29nbGUubWFwcy5wbGFjZXMudjEuUGxhY2VzLkdldFBsYWNlEAIYBCAA
Website: https://www.restaurantshabour.com/
Booking: https://bookings.zenchef.com/results?rid=353204&amp;fullscreen=1&amp;mini=0&amp;pid=mapstr&amp;primaryColor=FFC222&amp;type=web</description>
      <Point>
        <coordinates>2.3490562,48.8659209,0</coordinates>
      </Point>
    </Placemark>
    <Placemark>
      <name>Sharma Ji</name>
      <description>Type: Indian Restaurant
Google: 4.7 (977 reviews)
Food types: restaurant
Tags: Indian
Google Maps: https://maps.google.com/?cid=17879934038872986128&amp;g_mp=CiVnb29nbGUubWFwcy5wbGFjZXMudjEuUGxhY2VzLkdldFBsYWNlEAIYBCAA
Website: https://www.sharmaji.fr/</description>
      <Point>
        <coordinates>2.298316599999999,48.847335,0</coordinates>
      </Point>
    </Placemark>
    <Placemark>
      <name>Shinjuku Pigalle</name>
      <description>Type: Japanese Restaurant
Arrondissement: 9e
Google: 4.1 (348 reviews)
Food types: restaurant
Tags: Dancing
Google Maps: https://maps.google.com/?cid=224924948559814770&amp;g_mp=CiVnb29nbGUubWFwcy5wbGFjZXMudjEuUGxhY2VzLkdldFBsYWNlEAIYBCAA
Website: https://www.shinjukupigalle.com/</description>
      <Point>
        <coordinates>2.3431856,48.88030209999999,0</coordinates>
      </Point>
    </Placemark>
    <Placemark>
      <name>Shuzo Tropical Izakaya</name>
      <description>Type: Restaurant
Arrondissement: 11e
Google: 4.9 (158 reviews)
Food types: restaurant
Tags: Restaurant, Trendy
Google Maps: https://maps.google.com/?cid=8956789325080743254&amp;g_mp=CiVnb29nbGUubWFwcy5wbGFjZXMudjEuUGxhY2VzLkdldFBsYWNlEAIYBCAA
Website: https://shuzo.fr/
Booking: http://www.opentable.fr/r/shuzo-paris?ref=17374</description>
      <Point>
        <coordinates>2.3712352,48.8616112,0</coordinates>
      </Point>
    </Placemark>
    <Placemark>
      <name>Siseng</name>
      <description>Type: Asian Restaurant
Arrondissement: 10e
Price: €€
Google: 4.6 (1,836 reviews)
Food types: restaurant
Tags: Asian, Restaurant
Google summary: A mixture of finger food &amp; classic dishes inspired by family history in a South Asian restaurant.
Google Maps: https://maps.google.com/?cid=3368764678536502395&amp;g_mp=CiVnb29nbGUubWFwcy5wbGFjZXMudjEuUGxhY2VzLkdldFBsYWNlEAIYBCAA
Website: http://www.siseng.paris/
Booking: https://bookings.zenchef.com/results?rid=366404&amp;fullscreen=1&amp;mini=0&amp;pid=mapstr&amp;primaryColor=FFC222&amp;type=web</description>
      <Point>
        <coordinates>2.3651571,48.8722523,0</coordinates>
      </Point>
    </Placemark>
    <Placemark>
      <name>So Nat</name>
      <description>Arrondissement: 9e
Food types: restaurant
Tags: Healthy
Google Maps: https://www.google.com/maps/search/?api=1&amp;query=So%20Nat%2C%20Paris%2C%20France
Website: https://www.instagram.com/sonatparis</description>
      <Point>
        <coordinates>2.3385346,48.8764112,0</coordinates>
      </Point>
    </Placemark>
    <Placemark>
      <name>Soces</name>
      <description>Type: Seafood Restaurant
Arrondissement: 19e
Google: 4.6 (1,014 reviews)
Food types: restaurant
Tags: Restaurant, Seafood
Google Maps: https://maps.google.com/?cid=9987851658831927979&amp;g_mp=CiVnb29nbGUubWFwcy5wbGFjZXMudjEuUGxhY2VzLkdldFBsYWNlEAIYBCAA
Website: http://soces.fr/
Booking: https://bookings.zenchef.com/results?rid=356395&amp;fullscreen=1&amp;mini=0&amp;pid=mapstr&amp;primaryColor=FFC222&amp;type=web</description>
      <Point>
        <coordinates>2.3878777,48.8771092,0</coordinates>
      </Point>
    </Placemark>
    <Placemark>
      <name>Sola</name>
      <description>Type: French Restaurant
Arrondissement: 5e
Google: 4.7 (866 reviews)
Food types: restaurant
Tags: Japanese, Restaurant
Google summary: Refined, creative Japanese food with French influences, served in a stone cellar &amp; elegant room.
Google Maps: https://maps.google.com/?cid=17893814821362708005&amp;g_mp=CiVnb29nbGUubWFwcy5wbGFjZXMudjEuUGxhY2VzLkdldFBsYWNlEAIYBCAA
Website: http://www.restaurant-sola.com/
Booking: https://bookings.zenchef.com/results?rid=369580&amp;fullscreen=1&amp;mini=0&amp;pid=mapstr&amp;primaryColor=FFC222&amp;type=web</description>
      <Point>
        <coordinates>2.3483035,48.8515846,0</coordinates>
      </Point>
    </Placemark>
    <Placemark>
      <name>Soma</name>
      <description>Arrondissement: 3e
Food types: restaurant
Tags: Japanese, Restaurant
Google Maps: https://www.google.com/maps/search/?api=1&amp;query=Soma%2C%20Paris%2C%20France
Website: http://restaurants-soma.fr/
Booking: https://bookings.zenchef.com/results?rid=353683&amp;fullscreen=1&amp;mini=0&amp;pid=mapstr&amp;primaryColor=FFC222&amp;type=web</description>
      <Point>
        <coordinates>2.3620671,48.8615094,0</coordinates>
      </Point>
    </Placemark>
    <Placemark>
      <name>Source</name>
      <description>Type: French Restaurant
Arrondissement: 6e
Price: €€
Google: 4.2 (1,937 reviews)
Food types: restaurant
Tags: Restaurant
Google Maps: https://maps.google.com/?cid=345689054557147137&amp;g_mp=CiVnb29nbGUubWFwcy5wbGFjZXMudjEuUGxhY2VzLkdldFBsYWNlEAIYBCAA
Website: https://www.sourcerestaurant.fr
Booking: https://thefork.fr/restaurant/l-ouzeri-r836163/?cc=24751-923</description>
      <Point>
        <coordinates>2.3379268,48.853009,0</coordinates>
      </Point>
    </Placemark>
    <Placemark>
      <name>Spiti Sou</name>
      <description>Type: Restaurant
Arrondissement: 6e
Google: 4.8 (314 reviews)
Food types: restaurant
Tags: Greek, Restaurant
Google Maps: https://maps.google.com/?cid=2144624107429196850&amp;g_mp=CiVnb29nbGUubWFwcy5wbGFjZXMudjEuUGxhY2VzLkdldFBsYWNlEAIYBCAA
Website: https://www.spitisou.fr/
Booking: https://bookings.zenchef.com/results?rid=361666&amp;fullscreen=1&amp;mini=0&amp;pid=mapstr&amp;primaryColor=FFC222&amp;type=web</description>
      <Point>
        <coordinates>2.3421691,48.8548425,0</coordinates>
      </Point>
    </Placemark>
    <Placemark>
      <name>Spécimen Burger</name>
      <description>Type: Hamburger Restaurant
Arrondissement: 6e
Google: 4.7 (1,002 reviews)
Food types: restaurant
Tags: Street food, Burger
Google Maps: https://maps.google.com/?cid=16799443629312348297&amp;g_mp=CiVnb29nbGUubWFwcy5wbGFjZXMudjEuUGxhY2VzLkdldFBsYWNlEAIYBCAA
Website: https://specimenburger.com/</description>
      <Point>
        <coordinates>2.334991693496704,48.85181045532227,0</coordinates>
      </Point>
    </Placemark>
    <Placemark>
      <name>Sürpriz - Berliner Kebab</name>
      <description>Type: Turkish Restaurant
Arrondissement: 11e
Price: €
Google: 4.7 (2,192 reviews)
Food types: restaurant
Tags: Street food
Google summary: Busy eatery serving up Berlin-style doner chicken kebabs in a snug, straightforward dining space.
Google Maps: https://maps.google.com/?cid=2336480230392647473&amp;g_mp=CiVnb29nbGUubWFwcy5wbGFjZXMudjEuUGxhY2VzLkdldFBsYWNlEAIYBCAA
Website: http://www.surpriz.paris/
Booking: https://deliveroo.fr/fr/menu/paris/11eme-belleville/surpriz-berliner-kebab/</description>
      <Point>
        <coordinates>2.379091,48.865999,0</coordinates>
      </Point>
    </Placemark>
    <Placemark>
      <name>TOWA Restaurant</name>
      <description>Arrondissement: 12e
Food types: restaurant
Tags: Restaurant, Trendy
Google Maps: https://www.google.com/maps/search/?api=1&amp;query=TOWA%20Restaurant%2C%20Paris%2C%20France
Website: https://www.towarestaurantparis.fr/
Booking: https://thefork.fr/restaurant/towa-r397351/?cc=24751-923</description>
      <Point>
        <coordinates>2.3792161,48.8495524,0</coordinates>
      </Point>
    </Placemark>
    <Placemark>
      <name>TYCOZ - CRÊPERIE &amp; OYSTER BAR</name>
      <description>Type: Dessert Shop
Arrondissement: 3e
Google: 4.8 (285 reviews)
Food types: restaurant
Tags: Creps
Google Maps: https://maps.google.com/?cid=11019267368512292636&amp;g_mp=CiVnb29nbGUubWFwcy5wbGFjZXMudjEuUGxhY2VzLkdldFBsYWNlEAIYBCAA
Website: https://www.tycoz-paris.fr/
Booking: https://thefork.fr/restaurant/tycoz-creperie-oyster-bar-r844911/?cc=24751-923</description>
      <Point>
        <coordinates>2.3634241,48.8585,0</coordinates>
      </Point>
    </Placemark>
    <Placemark>
      <name>Table</name>
      <description>Arrondissement: 12e
Food types: restaurant
Tags: Restaurant
Google Maps: https://www.google.com/maps/search/?api=1&amp;query=Table%2C%20Paris%2C%20France
Website: https://www.table.paris/
Booking: https://bookings.zenchef.com/results?rid=352138&amp;fullscreen=1&amp;mini=0&amp;pid=mapstr&amp;primaryColor=FFC222&amp;type=web</description>
      <Point>
        <coordinates>2.3758489,48.8488052,0</coordinates>
      </Point>
    </Placemark>
    <Placemark>
      <name>Table Penja</name>
      <description>Type: Restaurant
Arrondissement: 7e
Google: 4.9 (153 reviews)
Food types: restaurant
Tags: Restaurant, Frenchie, African
Google Maps: https://maps.google.com/?cid=1508556089686244812&amp;g_mp=CiVnb29nbGUubWFwcy5wbGFjZXMudjEuUGxhY2VzLkdldFBsYWNlEAIYBCAA
Website: http://www.tablepenja.paris/
Booking: https://thefork.fr/restaurant/table-penja-r839652/?cc=24751-923</description>
      <Point>
        <coordinates>2.3014614,48.8592041,0</coordinates>
      </Point>
    </Placemark>
    <Placemark>
      <name>Tai-yien Sarl</name>
      <description>Arrondissement: 19e
Food types: restaurant
Tags: Asian, Restaurant, Chinese
Google Maps: https://www.google.com/maps/search/?api=1&amp;query=Tai-yien%20Sarl%2C%20Paris%2C%20France
Website: http://tai-yien.placestars.com</description>
      <Point>
        <coordinates>2.377706,48.8724707,0</coordinates>
      </Point>
    </Placemark>
    <Placemark>
      <name>Takara</name>
      <description>Arrondissement: 1er
Food types: restaurant
Tags: Japanese, Simon Says, Restaurant
Google Maps: https://www.google.com/maps/search/?api=1&amp;query=Takara%2C%20Paris%2C%20France
Website: https://www.takara-paris.com/
Booking: https://bookings.zenchef.com/results?rid=360892&amp;fullscreen=1&amp;mini=0&amp;pid=mapstr&amp;primaryColor=FFC222&amp;type=web</description>
      <Point>
        <coordinates>2.3359041,48.86497569999999,0</coordinates>
      </Point>
    </Placemark>
    <Placemark>
      <name>Takuto</name>
      <description>Type: Japanese Restaurant
Arrondissement: 6e
Google: 4.3 (301 reviews)
Food types: restaurant
Tags: Japanese, Restaurant
Google Maps: https://maps.google.com/?cid=4307833545181257148&amp;g_mp=CiVnb29nbGUubWFwcy5wbGFjZXMudjEuUGxhY2VzLkdldFBsYWNlEAIYBCAA
Website: http://www.takuto.fr/</description>
      <Point>
        <coordinates>2.3370418,48.8541356,0</coordinates>
      </Point>
    </Placemark>
    <Placemark>
      <name>TaoKan</name>
      <description>Arrondissement: 6e
Food types: restaurant
Tags: Restaurant, Chinese
Google Maps: https://www.google.com/maps/search/?api=1&amp;query=TaoKan%2C%20Paris%2C%20France
Website: http://www.taokan.fr/
Booking: https://bookings.zenchef.com/results?rid=357264&amp;fullscreen=1&amp;mini=0&amp;pid=mapstr&amp;primaryColor=FFC222&amp;type=web</description>
      <Point>
        <coordinates>2.331509,48.8526252,0</coordinates>
      </Point>
    </Placemark>
    <Placemark>
      <name>Tavline</name>
      <description>Arrondissement: 4e
Food types: restaurant
Tags: Restaurant, Israeli
Google Maps: https://www.google.com/maps/search/?api=1&amp;query=Tavline%2C%20Paris%2C%20France
Website: http://www.tavline.fr/
Booking: https://thefork.fr/restaurant/tavline-r508339/?cc=24751-923</description>
      <Point>
        <coordinates>2.3575287,48.8564339,0</coordinates>
      </Point>
    </Placemark>
    <Placemark>
      <name>Tempilenti,bistrot italiano</name>
      <description>Type: Italian Restaurant
Arrondissement: 11e
Price: €€
Google: 4.6 (306 reviews)
Food types: restaurant
Tags: Restaurant, Italian
Google Maps: https://maps.google.com/?cid=2697555490561104170&amp;g_mp=CiVnb29nbGUubWFwcy5wbGFjZXMudjEuUGxhY2VzLkdldFBsYWNlEAIYBCAA
Booking: https://thefork.fr/restaurant/tempilenti-r444697/?cc=24751-923</description>
      <Point>
        <coordinates>2.385969299999999,48.85874649999999,0</coordinates>
      </Point>
    </Placemark>
    <Placemark>
      <name>Terronia ristorante italiano</name>
      <description>Type: Italian Restaurant
Arrondissement: 5e
Price: €€
Google: 4.8 (586 reviews)
Food types: restaurant
Tags: Restaurant, Italian
Google summary: Homemade Italian dishes made with seasonal ingredients served in a cozy, down-to-earth restaurant.
Google Maps: https://maps.google.com/?cid=3361888963966891197&amp;g_mp=CiVnb29nbGUubWFwcy5wbGFjZXMudjEuUGxhY2VzLkdldFBsYWNlEAIYBCAA
Website: http://www.terronia.fr/
Booking: https://thefork.fr/restaurant/terronia-r274413/?cc=24751-923</description>
      <Point>
        <coordinates>2.3539994,48.8456972,0</coordinates>
      </Point>
    </Placemark>
    <Placemark>
      <name>Thieng Heng</name>
      <description>Arrondissement: 13e
Food types: restaurant
Tags: Asian, Vietnamiese, Street food
Google Maps: https://www.google.com/maps/search/?api=1&amp;query=Thieng%20Heng%2C%20Paris%2C%20France
Website: http://www.facebook.com/pages/Thieng-Heng/137013389677990</description>
      <Point>
        <coordinates>2.3653228,48.8237286,0</coordinates>
      </Point>
    </Placemark>
    <Placemark>
      <name>Trois Fois Plus de Piment</name>
      <description>Arrondissement: 3e
Food types: restaurant
Tags: Asian, Restaurant, Chinese
Google Maps: https://www.google.com/maps/search/?api=1&amp;query=Trois%20Fois%20Plus%20de%20Piment%2C%20Paris%2C%20France
Website: http://troisfoisplusdepiment.fr/</description>
      <Point>
        <coordinates>2.352435400000001,48.8628031,0</coordinates>
      </Point>
    </Placemark>
    <Placemark>
      <name>Tsukizi</name>
      <description>Type: Japanese Restaurant
Arrondissement: 6e
Price: €€€
Google: 4.6 (951 reviews)
Food types: restaurant
Tags: Japanese, Restaurant
Google Maps: https://maps.google.com/?cid=5918445731849910964&amp;g_mp=CiVnb29nbGUubWFwcy5wbGFjZXMudjEuUGxhY2VzLkdldFBsYWNlEAIYBCAA
Website: https://www.facebook.com/pages/Sushi-Tsukizi/146282612083900
Booking: https://bookings.zenchef.com/results?rid=365276&amp;fullscreen=1&amp;mini=0&amp;pid=mapstr&amp;primaryColor=FFC222&amp;type=web</description>
      <Point>
        <coordinates>2.333942,48.85312399999999,0</coordinates>
      </Point>
    </Placemark>
    <Placemark>
      <name>Umami Matcha Café</name>
      <description>Arrondissement: 3e
Food types: restaurant
Tags: Restaurant, Tea house, Healthy
Google Maps: https://www.google.com/maps/search/?api=1&amp;query=Umami%20Matcha%20Caf%C3%A9%2C%20Paris%2C%20France
Website: http://umamiparis.com/matchacafe</description>
      <Point>
        <coordinates>2.3636103,48.8665548,0</coordinates>
      </Point>
    </Placemark>
    <Placemark>
      <name>Unico</name>
      <description>Type: Argentinian Restaurant
Arrondissement: 11e
Price: €€€
Google: 4.4 (559 reviews)
Food types: restaurant
Tags: Restaurant, Argentinian
Google Maps: https://maps.google.com/?cid=14711097457517176008&amp;g_mp=CiVnb29nbGUubWFwcy5wbGFjZXMudjEuUGxhY2VzLkdldFBsYWNlEAIYBCAA
Website: http://www.resto-unico.com/
Booking: https://thefork.fr/restaurant/unico-r35147/?cc=24751-923</description>
      <Point>
        <coordinates>2.3845422,48.85204299999999,0</coordinates>
      </Point>
    </Placemark>
    <Placemark>
      <name>Urfa Durum</name>
      <description>Arrondissement: 10e
Food types: restaurant
Tags: Street food
Google Maps: https://www.google.com/maps/search/?api=1&amp;query=Urfa%20Durum%2C%20Paris%2C%20France
Website: http://www.facebook.com/pages/Urfa-Durum/240014419359256</description>
      <Point>
        <coordinates>2.354262799999999,48.87237719999999,0</coordinates>
      </Point>
    </Placemark>
    <Placemark>
      <name>Vandal</name>
      <description>Type: Restaurant
Arrondissement: 19e
Google: 4.7 (79 reviews)
Food types: restaurant
Tags: Restaurant, Street food
Google Maps: https://maps.google.com/?cid=15861491842056013646&amp;g_mp=CiVnb29nbGUubWFwcy5wbGFjZXMudjEuUGxhY2VzLkdldFBsYWNlEAIYBCAA
Website: https://www.instagram.com/vandal_paris/profilecard/?igsh=MW9mbDNyc3ZxazZheQ==</description>
      <Point>
        <coordinates>2.3855941,48.8781279,0</coordinates>
      </Point>
    </Placemark>
    <Placemark>
      <name>Vantre</name>
      <description>Type: French Restaurant
Arrondissement: 11e
Price: €€
Google: 4.4 (670 reviews)
Food types: restaurant
Tags: Restaurant
Google Maps: https://maps.google.com/?cid=10696963794562617589&amp;g_mp=CiVnb29nbGUubWFwcy5wbGFjZXMudjEuUGxhY2VzLkdldFBsYWNlEAIYBCAA
Website: http://www.vantre.fr/
Booking: https://bookings.zenchef.com/results?rid=364088&amp;fullscreen=1&amp;mini=0&amp;pid=mapstr&amp;primaryColor=FFC222&amp;type=web</description>
      <Point>
        <coordinates>2.3701551,48.8684941,0</coordinates>
      </Point>
    </Placemark>
    <Placemark>
      <name>Vivide</name>
      <description>Type: Vegan Restaurant
Arrondissement: 18e
Google: 5.0 (101 reviews)
Food types: restaurant
Tags: Vegetarian, Restaurant
Google Maps: https://maps.google.com/?cid=4802497093964052792&amp;g_mp=CiVnb29nbGUubWFwcy5wbGFjZXMudjEuUGxhY2VzLkdldFBsYWNlEAIYBCAA
Website: https://vivide-paris.com/
Booking: https://bookings.zenchef.com/results?rid=378721&amp;fullscreen=1&amp;mini=0&amp;pid=mapstr&amp;primaryColor=FFC222&amp;type=web</description>
      <Point>
        <coordinates>2.3417228,48.8828721,0</coordinates>
      </Point>
    </Placemark>
    <Placemark>
      <name>Walaku</name>
      <description>Arrondissement: 7e
Food types: restaurant
Tags: Japanese
Google Maps: https://www.google.com/maps/search/?api=1&amp;query=Walaku%2C%20Paris%2C%20France
Website: http://walaku.net/</description>
      <Point>
        <coordinates>2.318829,48.84833,0</coordinates>
      </Point>
    </Placemark>
    <Placemark>
      <name>Waly-Fay</name>
      <description>Type: African Restaurant
Arrondissement: 11e
Price: €€
Google: 4.3 (2,034 reviews)
Food types: restaurant
Tags: Restaurant, African
Google summary: Traditional Senegalese fish stews &amp; meat grills in an industrial-chic venue with an open kitchen.
Google Maps: https://maps.google.com/?cid=11783921577234026289&amp;g_mp=CiVnb29nbGUubWFwcy5wbGFjZXMudjEuUGxhY2VzLkdldFBsYWNlEAIYBCAA
Website: http://www.walyfay.fr/
Booking: https://bookings.zenchef.com/results?rid=351640&amp;fullscreen=1&amp;mini=0&amp;pid=mapstr&amp;primaryColor=FFC222&amp;type=web</description>
      <Point>
        <coordinates>2.3818758,48.85426359999999,0</coordinates>
      </Point>
    </Placemark>
    <Placemark>
      <name>Wild &amp; The Moon - Charlot - Restaurant vegan à Paris</name>
      <description>Arrondissement: 3e
Food types: restaurant
Tags: Restaurant, Healthy
Google Maps: https://www.google.com/maps/search/?api=1&amp;query=Wild%20%26%20The%20Moon%20-%20Charlot%20-%20Restaurant%20vegan%20%C3%A0%20Paris%2C%20Paris%2C%20France
Website: http://www.wildandthemoon.fr/
Booking: https://www.wildandthemoon.fr/fr/content/31-la-carte-en-restaurant</description>
      <Point>
        <coordinates>2.363068,48.8634,0</coordinates>
      </Point>
    </Placemark>
    <Placemark>
      <name>YPSELI</name>
      <description>Type: Restaurant
Arrondissement: 2e
Google: 4.5 (122 reviews)
Food types: restaurant
Tags: Greek, Restaurant
Google Maps: https://maps.google.com/?cid=6223205888069770026&amp;g_mp=CiVnb29nbGUubWFwcy5wbGFjZXMudjEuUGxhY2VzLkdldFBsYWNlEAIYBCAA
Website: https://www.ypseli.com/
Booking: https://bookings.zenchef.com/results?rid=373012&amp;fullscreen=1&amp;mini=0&amp;pid=mapstr&amp;primaryColor=FFC222&amp;type=web</description>
      <Point>
        <coordinates>2.3505081,48.8666846,0</coordinates>
      </Point>
    </Placemark>
    <Placemark>
      <name>Ya Lamaï Thaï Restaurant</name>
      <description>Arrondissement: 11e
Food types: restaurant
Tags: Thaï, Restaurant
Google Maps: https://www.google.com/maps/search/?api=1&amp;query=Ya%20Lama%C3%AF%20Tha%C3%AF%20Restaurant%2C%20Paris%2C%20France
Website: http://www.yalamai.com/</description>
      <Point>
        <coordinates>2.366461199999999,48.8647401,0</coordinates>
      </Point>
    </Placemark>
    <Placemark>
      <name>Yard Cave &amp; Restaurant</name>
      <description>Type: Restaurant
Arrondissement: 11e
Price: €€
Google: 4.4 (721 reviews)
Food types: restaurant
Tags: Restaurant, Trendy
Google summary: Intimate, relaxed venue with a long list of natural wines, plus creative food with a regional focus.
Google Maps: https://maps.google.com/?cid=5163899553133413880&amp;g_mp=CiVnb29nbGUubWFwcy5wbGFjZXMudjEuUGxhY2VzLkdldFBsYWNlEAIYBCAA
Website: https://www.culinaries.fr/yard-mont-louis/
Booking: https://bookings.zenchef.com/results?rid=350074&amp;pid=mapstr</description>
      <Point>
        <coordinates>2.3883165,48.8581389,0</coordinates>
      </Point>
    </Placemark>
    <Placemark>
      <name>Yaya Secrétan</name>
      <description>Type: Greek Restaurant
Arrondissement: 19e
Price: €€€
Google: 4.0 (3,310 reviews)
Food types: restaurant
Tags: For groups, Restaurant
Google Maps: https://maps.google.com/?cid=14007731380011403980&amp;g_mp=CiVnb29nbGUubWFwcy5wbGFjZXMudjEuUGxhY2VzLkdldFBsYWNlEAIYBCAA
Website: http://www.yayarestaurant.com/
Booking: https://bookings.zenchef.com/results?rid=352299&amp;prescriber_id=20117&amp;prescriber_name=MAPSTR&amp;pid=mapstr</description>
      <Point>
        <coordinates>2.3738043,48.8811718,0</coordinates>
      </Point>
    </Placemark>
    <Placemark>
      <name>Yen</name>
      <description>Arrondissement: 6e
Food types: restaurant
Tags: Japanese, Restaurant
Google Maps: https://www.google.com/maps/search/?api=1&amp;query=Yen%2C%20Paris%2C%20France
Website: http://www.yen-paris.fr/</description>
      <Point>
        <coordinates>2.332758000000001,48.85448400000001,0</coordinates>
      </Point>
    </Placemark>
    <Placemark>
      <name>Yoshinori Restaurant</name>
      <description>Type: Fine Dining Restaurant
Arrondissement: 6e
Google: 4.7 (541 reviews)
Food types: restaurant
Tags: Japanese, Restaurant
Google Maps: https://maps.google.com/?cid=9744954947548753445&amp;g_mp=CiVnb29nbGUubWFwcy5wbGFjZXMudjEuUGxhY2VzLkdldFBsYWNlEAIYBCAA
Website: http://yoshinori-paris.com/
Booking: https://thefork.fr/restaurant/yoshinori-r386507/?cc=24751-923</description>
      <Point>
        <coordinates>2.3377114,48.85300779999999,0</coordinates>
      </Point>
    </Placemark>
    <Placemark>
      <name>abri soba</name>
      <description>Arrondissement: 9e
Food types: restaurant
Tags: Japanese, Restaurant, ❤️
Google Maps: https://www.google.com/maps/search/?api=1&amp;query=abri%20soba%2C%20Paris%2C%20France
Website: https://m.facebook.com/pages/Abri-Soba/1664766163841812</description>
      <Point>
        <coordinates>2.3445439,48.8750429,0</coordinates>
      </Point>
    </Placemark>
    <Placemark>
      <name>ajar</name>
      <description>Type: Restaurant
Arrondissement: 10e
Google: 4.8 (197 reviews)
Food types: restaurant
Tags: Restaurant
Google Maps: https://maps.google.com/?cid=8456747558764190508&amp;g_mp=CiVnb29nbGUubWFwcy5wbGFjZXMudjEuUGxhY2VzLkdldFBsYWNlEAIYBCAA
Website: https://www.ajarrestaurant.com/</description>
      <Point>
        <coordinates>2.3717824,48.8739225,0</coordinates>
      </Point>
    </Placemark>
    <Placemark>
      <name>cafe du coin</name>
      <description>Arrondissement: 11e
Food types: restaurant
Tags: Restaurant, Trendy
Google Maps: https://www.google.com/maps/search/?api=1&amp;query=cafe%20du%20coin%2C%20Paris%2C%20France
Website: https://www.instagram.com/cafe_du_coin/?hl=fr</description>
      <Point>
        <coordinates>2.3809707,48.8590191,0</coordinates>
      </Point>
    </Placemark>
    <Placemark>
      <name>come a casa</name>
      <description>Arrondissement: 11e
Food types: restaurant
Tags: Restaurant, Italian
Google Maps: https://www.google.com/maps/search/?api=1&amp;query=come%20a%20casa%2C%20Paris%2C%20France
Website: http://comeacasa7.tumblr.com/</description>
      <Point>
        <coordinates>2.3821945,48.85862050000001,0</coordinates>
      </Point>
    </Placemark>
    <Placemark>
      <name>le grand café d’athènes</name>
      <description>Type: Greek Restaurant
Arrondissement: 10e
Google: 4.5 (1,297 reviews)
Food types: generic
Tags: Restaurant
Google summary: Meze platters, Greek meat grills &amp; creative cocktails in a stylish venue with a terrace.
Google Maps: https://maps.google.com/?cid=5547224877286693718&amp;g_mp=CiVnb29nbGUubWFwcy5wbGFjZXMudjEuUGxhY2VzLkdldFBsYWNlEAIYBCAA
Website: http://www.grandcafedathenes.fr/
Booking: https://bookings.zenchef.com/results?rid=353436&amp;fullscreen=1&amp;mini=0&amp;pid=mapstr&amp;primaryColor=FFC222&amp;type=web</description>
      <Point>
        <coordinates>2.3547662,48.8730878,0</coordinates>
      </Point>
    </Placemark>
    <Placemark>
      <name>sagan</name>
      <description>Arrondissement: 6e
Food types: restaurant
Tags: Japanese, Restaurant
Google Maps: https://www.google.com/maps/search/?api=1&amp;query=sagan%2C%20Paris%2C%20France
Website: https://www.guide-restaurants-et-voyages-du-monde.com/restaurants/2113/1030/france/paris/restaurant-sagan
Booking: https://bookings.zenchef.com/results?rid=365377&amp;fullscreen=1&amp;mini=0&amp;pid=mapstr&amp;primaryColor=FFC222&amp;type=web</description>
      <Point>
        <coordinates>2.3391688,48.85040610000001,0</coordinates>
      </Point>
    </Placemark>
    <Placemark>
      <name>yam&apos;Tcha</name>
      <description>Arrondissement: 1er
Food types: restaurant
Tags: Thaï, Restaurant, Chinese, Tea house, Trendy
Google Maps: https://www.google.com/maps/search/?api=1&amp;query=yam&apos;Tcha%2C%20Paris%2C%20France
Website: http://www.yamtcha.com/
Booking: https://bookings.zenchef.com/results?rid=351833&amp;fullscreen=1&amp;mini=0&amp;pid=mapstr&amp;primaryColor=FFC222&amp;type=web</description>
      <Point>
        <coordinates>2.341767,48.86150120000001,0</coordinates>
      </Point>
    </Placemark>
    <Placemark>
      <name>À la Biche au Bois</name>
      <description>Type: French Restaurant
Arrondissement: 12e
Price: €€
Google: 4.5 (1,384 reviews)
Food types: restaurant
Tags: Restaurant
Google summary: Typical French fare like terrine &amp; braised chicken, turned out in a relaxed setup.
Google Maps: https://maps.google.com/?cid=2837411074796861473&amp;g_mp=CiVnb29nbGUubWFwcy5wbGFjZXMudjEuUGxhY2VzLkdldFBsYWNlEAIYBCAA
Website: https://www.facebook.com/alabicheaubois/</description>
      <Point>
        <coordinates>2.3754554,48.8506597,0</coordinates>
      </Point>
    </Placemark>
    <Placemark>
      <name>Åke - Au Quai Caviste Paris 10</name>
      <description>Arrondissement: 10e
Food types: library
Tags: Restaurant, Bistrot, Trendy
Google Maps: https://www.google.com/maps/search/?api=1&amp;query=%C3%85ke%20-%20Au%20Quai%20Caviste%20Paris%2010%2C%20Paris%2C%20France
Website: http://www.akeparis.fr</description>
      <Point>
        <coordinates>2.36728,48.87159,0</coordinates>
      </Point>
    </Placemark>
    <Placemark>
      <name>Ētsi</name>
      <description>Type: Greek Restaurant
Arrondissement: 18e
Price: €€
Google: 4.7 (1,362 reviews)
Food types: restaurant
Tags: Greek
Google summary: Laid-back destination with a terrace offering Mediterranean small plates &amp; wines.
Google Maps: https://maps.google.com/?cid=11748891129945617625&amp;g_mp=CiVnb29nbGUubWFwcy5wbGFjZXMudjEuUGxhY2VzLkdldFBsYWNlEAIYBCAA
Website: https://www.etsi-paris.fr/
Booking: https://bookings.zenchef.com/results?rid=349457&amp;fullscreen=1&amp;mini=0&amp;pid=mapstr&amp;primaryColor=FFC222&amp;type=web</description>
      <Point>
        <coordinates>2.3328924,48.8903736,0</coordinates>
      </Point>
    </Placemark>
    <Placemark>
      <name>たから</name>
      <description>Type: Japanese Restaurant
Arrondissement: 1er
Price: €€€
Google: 4.5 (1,131 reviews)
Food types: restaurant
Tags: Restaurant, For groups, Japanese
Google summary: Artfully presented Japanese dishes like sushi &amp; sukiyaki broth in a moody, wood-paneled dining room.
Google Maps: https://maps.google.com/?cid=11679062614182814962&amp;g_mp=CiVnb29nbGUubWFwcy5wbGFjZXMudjEuUGxhY2VzLkdldFBsYWNlEAIYBCAA
Website: https://www.takara-paris.com/
Booking: https://bookings.zenchef.com/results?rid=360892&amp;fullscreen=1&amp;mini=0&amp;pid=mapstr&amp;primaryColor=FFC222&amp;type=web</description>
      <Point>
        <coordinates>2.3359041,48.86497569999999,0</coordinates>
      </Point>
    </Placemark>
  </Document>
</kml>
