name,address,city,arrondissement,neighborhood,category,cuisine,price_range,rating,review_count,latitude,longitude,google_maps_url,website_url,booking_url,description
114 Faubourg,"Rue du Faubourg Saint-Honoré, Paris, France",Paris,,,restaurant,,€€€€,4.7,454,48.8717796,2.3144678,https://maps.google.com/?cid=2154612531161811698&g_mp=CiVnb29nbGUubWFwcy5wbGFjZXMudjEuUGxhY2VzLkdldFBsYWNlEAIYBCAA,https://www.oetkercollection.com/fr/hotels/le-bristol-paris/restaurants-et-bar/restaurants/114-faubourg/,https://thefork.fr/restaurant/le-114-faubourg-le-bristol-paris-r291345/?cc=24751-923,"Type: French Restaurant
Price: €€€€
Google: 4.7 (454 reviews)
Food types: restaurant
Tags: Bistrot, Frenchie, Gastro / higher end
Google summary: Elevated dishes & tasting menus in a chic brasserie with plush seats & bold floral wall prints.
Google Maps: https://maps.google.com/?cid=2154612531161811698&g_mp=CiVnb29nbGUubWFwcy5wbGFjZXMudjEuUGxhY2VzLkdldFBsYWNlEAIYBCAA
Website: https://www.oetkercollection.com/fr/hotels/le-bristol-paris/restaurants-et-bar/restaurants/114-faubourg/
Booking: https://thefork.fr/restaurant/le-114-faubourg-le-bristol-paris-r291345/?cc=24751-923"
A La Renaissance,"87 Rue de la Roquette, 75011 Paris, France",Paris,11e,,bar,,€€,4.3,510,48.8571599,2.3786809,https://maps.google.com/?cid=17297391821107794765&g_mp=CiVnb29nbGUubWFwcy5wbGFjZXMudjEuUGxhY2VzLkdldFBsYWNlEAIYBCAA,http://www.restaurant-a-la-renaissance.com/,,"Type: Bistro
Arrondissement: 11e
Price: €€
Google: 4.3 (510 reviews)
Food types: bar
Tags: Bistrot, Dancing
Google Maps: https://maps.google.com/?cid=17297391821107794765&g_mp=CiVnb29nbGUubWFwcy5wbGFjZXMudjEuUGxhY2VzLkdldFBsYWNlEAIYBCAA
Website: http://www.restaurant-a-la-renaissance.com/"
A Rebours,"46 Rue Sainte-Croix de la Bretonnerie, 75004 Paris, France",Paris,4e,,shopping,,,,,48.8589174,2.354588999999999,https://www.google.com/maps/search/?api=1&query=A%20Rebours%2C%20Paris%2C%20France,https://www.lafayetteanticipations.com/fr,,"Arrondissement: 4e
Food types: shopping
Tags: Concept-store
Google Maps: https://www.google.com/maps/search/?api=1&query=A%20Rebours%2C%20Paris%2C%20France
Website: https://www.lafayetteanticipations.com/fr"
A la Folie Théâtre,"6 Rue de la Folie Méricourt, 75011 Paris, France",Paris,11e,,generic,,,4.4,213,48.86141929999999,2.3748357,https://maps.google.com/?cid=8736004116634024602&g_mp=CiVnb29nbGUubWFwcy5wbGFjZXMudjEuUGxhY2VzLkdldFBsYWNlEAIYBCAA,http://www.folietheatre.com/,,"Type: Performing Arts Theater
Arrondissement: 11e
Google: 4.4 (213 reviews)
Food types: generic
Tags: Cafe
Google Maps: https://maps.google.com/?cid=8736004116634024602&g_mp=CiVnb29nbGUubWFwcy5wbGFjZXMudjEuUGxhY2VzLkdldFBsYWNlEAIYBCAA
Website: http://www.folietheatre.com/"
ALMAS,"Rue de Chabrol, Paris, France",Paris,,,restaurant,,,5,130,48.8769653,2.3525352,https://maps.google.com/?cid=5487986251545238210&g_mp=CiVnb29nbGUubWFwcy5wbGFjZXMudjEuUGxhY2VzLkdldFBsYWNlEAIYBCAA,http://almasrestaurant.fr/,,"Type: Restaurant
Google: 5.0 (130 reviews)
Food types: restaurant
Tags: Restaurant, Street food
Google Maps: https://maps.google.com/?cid=5487986251545238210&g_mp=CiVnb29nbGUubWFwcy5wbGFjZXMudjEuUGxhY2VzLkdldFBsYWNlEAIYBCAA
Website: http://almasrestaurant.fr/"
AMA PARIS,"2 Rue Bichat, 75010 Paris, France",Paris,10e,,restaurant,,,4,1008,48.86965,2.36932,https://maps.google.com/?cid=4519042102872921569&g_mp=CiVnb29nbGUubWFwcy5wbGFjZXMudjEuUGxhY2VzLkdldFBsYWNlEAIYBCAA,http://ama-paris.fr/,https://bookings.zenchef.com/results?rid=353663&fullscreen=1&mini=0&pid=mapstr&primaryColor=FFC222&type=web,"Type: Restaurant
Arrondissement: 10e
Google: 4.0 (1,008 reviews)
Food types: restaurant
Tags: Restaurant
Google Maps: https://maps.google.com/?cid=4519042102872921569&g_mp=CiVnb29nbGUubWFwcy5wbGFjZXMudjEuUGxhY2VzLkdldFBsYWNlEAIYBCAA
Website: http://ama-paris.fr/
Booking: https://bookings.zenchef.com/results?rid=353663&fullscreen=1&mini=0&pid=mapstr&primaryColor=FFC222&type=web"
ANONA,"80 boulevard des Batignolles, Paris 75017",Paris,17e,,restaurant,,,4.7,1702,48.8820038,2.318627,https://maps.google.com/?cid=14487341996310914081&g_mp=CiVnb29nbGUubWFwcy5wbGFjZXMudjEuUGxhY2VzLkdldFBsYWNlEAIYBCAA,http://www.anona.fr/,https://bookings.zenchef.com/results?rid=352333&fullscreen=1&mini=0&pid=mapstr&primaryColor=FFC222&type=web,"Type: French Restaurant
Arrondissement: 17e
Google: 4.7 (1,702 reviews)
Food types: restaurant
Tags: Gastro / higher end
Google summary: Sophisticated cuisine & tasting menus with a sustainable focus at a sleek venue with a terrace.
Google Maps: https://maps.google.com/?cid=14487341996310914081&g_mp=CiVnb29nbGUubWFwcy5wbGFjZXMudjEuUGxhY2VzLkdldFBsYWNlEAIYBCAA
Website: http://www.anona.fr/
Booking: https://bookings.zenchef.com/results?rid=352333&fullscreen=1&mini=0&pid=mapstr&primaryColor=FFC222&type=web"
AVE Pizza Romana,"90 Rue de la Folie Méricourt, 75011 Paris, France",Paris,11e,,restaurant,,,4.7,1576,48.8669478,2.3696267,https://maps.google.com/?cid=5925243916874515936&g_mp=CiVnb29nbGUubWFwcy5wbGFjZXMudjEuUGxhY2VzLkdldFBsYWNlEAIYBCAA,https://ave-pizza-romana.business.site/,https://bookings.zenchef.com/results?rid=363087&fullscreen=1&mini=0&pid=mapstr&primaryColor=FFC222&type=web,"Type: Pizza Restaurant
Arrondissement: 11e
Google: 4.7 (1,576 reviews)
Food types: restaurant
Tags: Restaurant, Italian
Google summary: Airy, contemporary pizzeria serving Roman-style pies, plus calzones, starters, cocktails & desserts.
Google Maps: https://maps.google.com/?cid=5925243916874515936&g_mp=CiVnb29nbGUubWFwcy5wbGFjZXMudjEuUGxhY2VzLkdldFBsYWNlEAIYBCAA
Website: https://ave-pizza-romana.business.site/
Booking: https://bookings.zenchef.com/results?rid=363087&fullscreen=1&mini=0&pid=mapstr&primaryColor=FFC222&type=web"
Abattoir végétal,"9 Rue Guisarde, 75006 Paris, France",Paris,6e,,restaurant,,,,,48.8517649,2.3346752,https://maps.google.com/?cid=17855369776657667196&g_mp=CiVnb29nbGUubWFwcy5wbGFjZXMudjEuUGxhY2VzLkdldFBsYWNlEAIYBCAA,http://www.abattoirvegetal.com/,,"Type: Restaurant
Arrondissement: 6e
Food types: restaurant
Tags: Cafe
Google Maps: https://maps.google.com/?cid=17855369776657667196&g_mp=CiVnb29nbGUubWFwcy5wbGFjZXMudjEuUGxhY2VzLkdldFBsYWNlEAIYBCAA
Website: http://www.abattoirvegetal.com/"
Acid Lactic,"15 Rue de la Folie Méricourt, 75011 Paris, France",Paris,11e,,restaurant,,,4.3,39,48.8621272,2.3739241,https://maps.google.com/?cid=9406144155338785582&g_mp=CiVnb29nbGUubWFwcy5wbGFjZXMudjEuUGxhY2VzLkdldFBsYWNlEAIYBCAA,,,"Type: Pizza Restaurant
Arrondissement: 11e
Google: 4.3 (39 reviews)
Food types: restaurant
Tags: bootstrap, paris, Pizza
Google Maps: https://maps.google.com/?cid=9406144155338785582&g_mp=CiVnb29nbGUubWFwcy5wbGFjZXMudjEuUGxhY2VzLkdldFBsYWNlEAIYBCAA"
Akabeko − Restaurant Fusion Français et Japonais,"40 Rue de l'Université, 75007 Paris, France",Paris,7e,,restaurant,,,4.8,635,48.8576718,2.3284201,https://maps.google.com/?cid=1901445872533971391&g_mp=CiVnb29nbGUubWFwcy5wbGFjZXMudjEuUGxhY2VzLkdldFBsYWNlEAIYBCAA,https://akabekorestaurant.com/,https://akabekorestaurant.com/restaurant-reserver/,"Type: French Restaurant
Arrondissement: 7e
Google: 4.8 (635 reviews)
Food types: restaurant
Tags: Gastro / higher end, Restaurant
Google Maps: https://maps.google.com/?cid=1901445872533971391&g_mp=CiVnb29nbGUubWFwcy5wbGFjZXMudjEuUGxhY2VzLkdldFBsYWNlEAIYBCAA
Website: https://akabekorestaurant.com/
Booking: https://akabekorestaurant.com/restaurant-reserver/"
Allard,41 rue Saint-André Des Arts Paris 75006,Paris,6e,,restaurant,,€€€,4.3,1269,48.85330320000001,2.3410216,https://maps.google.com/?cid=7378348292976889048&g_mp=CiVnb29nbGUubWFwcy5wbGFjZXMudjEuUGxhY2VzLkdldFBsYWNlEAIYBCAA,https://www.restaurant-allard.fr/,https://bookings.zenchef.com/results?rid=374504&fullscreen=1&mini=0&pid=mapstr&primaryColor=FFC222&type=web,"Type: French Restaurant
Arrondissement: 6e
Price: €€€
Google: 4.3 (1,269 reviews)
Food types: restaurant
Tags: Frenchie, Bistrot
Google summary: Old-school bistro offering elevated, traditional French dishes & wines in a warm atmosphere.
Google Maps: https://maps.google.com/?cid=7378348292976889048&g_mp=CiVnb29nbGUubWFwcy5wbGFjZXMudjEuUGxhY2VzLkdldFBsYWNlEAIYBCAA
Website: https://www.restaurant-allard.fr/
Booking: https://bookings.zenchef.com/results?rid=374504&fullscreen=1&mini=0&pid=mapstr&primaryColor=FFC222&type=web"
Ama Siam,"49 Rue de Belleville, 75019 Paris, France",Paris,19e,,restaurant,,,4.5,222,48.8731455,2.380934,https://maps.google.com/?cid=12753787120855512862&g_mp=CiVnb29nbGUubWFwcy5wbGFjZXMudjEuUGxhY2VzLkdldFBsYWNlEAIYBCAA,https://www.instagram.com/amasiam.paris/,,"Type: Thai Restaurant
Arrondissement: 19e
Google: 4.5 (222 reviews)
Food types: restaurant
Tags: Restaurant, Vietnamiese
Google Maps: https://maps.google.com/?cid=12753787120855512862&g_mp=CiVnb29nbGUubWFwcy5wbGFjZXMudjEuUGxhY2VzLkdldFBsYWNlEAIYBCAA
Website: https://www.instagram.com/amasiam.paris/"
Amagat,"23 Villa Riberolle, 75020 Paris, France",Paris,20e,,restaurant,,,4,339,48.85804539999999,2.396694799999999,https://maps.google.com/?cid=7537745217197584923&g_mp=CiVnb29nbGUubWFwcy5wbGFjZXMudjEuUGxhY2VzLkdldFBsYWNlEAIYBCAA,https://www.amagatparis.fr/,,"Type: Restaurant
Arrondissement: 20e
Google: 4.0 (339 reviews)
Food types: restaurant
Tags: Restaurant, Trendy, ❤️
Google summary: Laid-back, simply furnished destination serving traditional small plates, desserts & wine.
Google Maps: https://maps.google.com/?cid=7537745217197584923&g_mp=CiVnb29nbGUubWFwcy5wbGFjZXMudjEuUGxhY2VzLkdldFBsYWNlEAIYBCAA
Website: https://www.amagatparis.fr/"
Ambassade d’Auvergne,"22 rue du grenier-saint-lazare, Paris 75003",Paris,3e,,restaurant,,€€€,4.2,2020,48.8630446,2.3534095,https://maps.google.com/?cid=11113300398678527964&g_mp=CiVnb29nbGUubWFwcy5wbGFjZXMudjEuUGxhY2VzLkdldFBsYWNlEAIYBCAA,http://www.ambassade-auvergne.com/,https://thefork.fr/restaurant/ambassade-d-auvergne-r841113/?cc=24751-923,"Type: French Restaurant
Arrondissement: 3e
Price: €€€
Google: 4.2 (2,020 reviews)
Food types: restaurant
Tags: Restaurant
Google summary: Venerable locale with exposed rafters & vintage posters, serving traditional Auvergne cuisine.
Google Maps: https://maps.google.com/?cid=11113300398678527964&g_mp=CiVnb29nbGUubWFwcy5wbGFjZXMudjEuUGxhY2VzLkdldFBsYWNlEAIYBCAA
Website: http://www.ambassade-auvergne.com/
Booking: https://thefork.fr/restaurant/ambassade-d-auvergne-r841113/?cc=24751-923"
Ambos,"38 Rue de Vaugirard, 75006 Paris, France",Paris,6e,,restaurant,,,4.8,472,48.8493205,2.335224,https://maps.google.com/?cid=13800952535615180196&g_mp=CiVnb29nbGUubWFwcy5wbGFjZXMudjEuUGxhY2VzLkdldFBsYWNlEAIYBCAA,https://www.ambos-restaurant.fr/,https://thefork.fr/restaurant/ambos-r745197/?cc=24751-923,"Type: French Restaurant
Arrondissement: 6e
Google: 4.8 (472 reviews)
Food types: restaurant
Tags: Gastro / higher end, Thaï, Frenchie
Google Maps: https://maps.google.com/?cid=13800952535615180196&g_mp=CiVnb29nbGUubWFwcy5wbGFjZXMudjEuUGxhY2VzLkdldFBsYWNlEAIYBCAA
Website: https://www.ambos-restaurant.fr/
Booking: https://thefork.fr/restaurant/ambos-r745197/?cc=24751-923"
Anahi,"49 Rue Volta, 75003 Paris, France",Paris,3e,,restaurant,,€€€€,4.3,490,48.86704959999999,2.3582183,https://maps.google.com/?cid=3269382794094178512&g_mp=CiVnb29nbGUubWFwcy5wbGFjZXMudjEuUGxhY2VzLkdldFBsYWNlEAIYBCAA,http://www.anahi-paris.com/,https://www.sevenrooms.com/reservations/anahiparis,"Type: South American Restaurant
Arrondissement: 3e
Price: €€€€
Google: 4.3 (490 reviews)
Food types: restaurant
Tags: Argentinian, Restaurant
Google Maps: https://maps.google.com/?cid=3269382794094178512&g_mp=CiVnb29nbGUubWFwcy5wbGFjZXMudjEuUGxhY2VzLkdldFBsYWNlEAIYBCAA
Website: http://www.anahi-paris.com/
Booking: https://www.sevenrooms.com/reservations/anahiparis"
Anima,"78 Rue du Cherche-Midi, 75006 Paris, France",Paris,6e,,restaurant,,€€,4.2,766,48.8480208,2.3235003,https://maps.google.com/?cid=16278103625304564261&g_mp=CiVnb29nbGUubWFwcy5wbGFjZXMudjEuUGxhY2VzLkdldFBsYWNlEAIYBCAA,https://anima.paris/,https://bookings.zenchef.com/results?rid=360988&fullscreen=1&mini=0&pid=mapstr&primaryColor=FFC222&type=web,"Type: Italian Restaurant
Arrondissement: 6e
Price: €€
Google: 4.2 (766 reviews)
Food types: restaurant
Tags: bootstrap, left-bank, Pizza
Google summary: Fashionable restaurant in a former tapestry workshop dishing up traditional Italian cuisine.
Google Maps: https://maps.google.com/?cid=16278103625304564261&g_mp=CiVnb29nbGUubWFwcy5wbGFjZXMudjEuUGxhY2VzLkdldFBsYWNlEAIYBCAA
Website: https://anima.paris/
Booking: https://bookings.zenchef.com/results?rid=360988&fullscreen=1&mini=0&pid=mapstr&primaryColor=FFC222&type=web"
Anne,"28 Place des Vosges, 75003 Paris, France",Paris,3e,,restaurant,,,4.8,551,48.8562363,2.3660257,https://maps.google.com/?cid=2852299900381324740&g_mp=CiVnb29nbGUubWFwcy5wbGFjZXMudjEuUGxhY2VzLkdldFBsYWNlEAIYBCAA,http://www.pavillon-de-la-reine.com/fr/restaurant-et-bar/restaurant-anne.html,https://bookings.zenchef.com/results?rid=358340&fullscreen=1&mini=0&pid=mapstr&primaryColor=FFC222&type=web,"Type: Fine Dining Restaurant
Arrondissement: 3e
Google: 4.8 (551 reviews)
Food types: restaurant
Tags: Gastro / higher end
Google Maps: https://maps.google.com/?cid=2852299900381324740&g_mp=CiVnb29nbGUubWFwcy5wbGFjZXMudjEuUGxhY2VzLkdldFBsYWNlEAIYBCAA
Website: http://www.pavillon-de-la-reine.com/fr/restaurant-et-bar/restaurant-anne.html
Booking: https://bookings.zenchef.com/results?rid=358340&fullscreen=1&mini=0&pid=mapstr&primaryColor=FFC222&type=web"
Appendix,"Cour de l'île Louviers, Paris, France",Paris,,,generic,,,,,48.8502307,2.3632034,https://www.google.com/maps/search/?api=1&query=Appendix%2C%20Paris,https://www.instagram.com/appendix______,,"Food types: generic
Tags: Concept-store
Google Maps: https://www.google.com/maps/search/?api=1&query=Appendix%2C%20Paris
Website: https://www.instagram.com/appendix______"
Arabica,8 Rue de Castiglione 75001 Paris France,Paris,1er,,generic,,,4.5,129,48.86579132080078,2.327883720397949,https://maps.google.com/?cid=13182459160590547618&g_mp=CiVnb29nbGUubWFwcy5wbGFjZXMudjEuUGxhY2VzLkdldFBsYWNlEAIYBCAA,,,"Type: Coffee Shop
Arrondissement: 1er
Google: 4.5 (129 reviews)
Food types: generic
Tags: Cafe
Google Maps: https://maps.google.com/?cid=13182459160590547618&g_mp=CiVnb29nbGUubWFwcy5wbGFjZXMudjEuUGxhY2VzLkdldFBsYWNlEAIYBCAA"
Arabica,"83P Rue du Bac, 75007 Paris, Francia",Paris,7e,,generic,,,4.5,1218,48.8543713,2.3249371,https://maps.google.com/?cid=1015852265771588257&g_mp=CiVnb29nbGUubWFwcy5wbGFjZXMudjEuUGxhY2VzLkdldFBsYWNlEAIYBCAA,http://www.certified.cafe/,,"Type: Cafe
Arrondissement: 7e
Google: 4.5 (1,218 reviews)
Food types: generic
Tags: Cafe
Google Maps: https://maps.google.com/?cid=1015852265771588257&g_mp=CiVnb29nbGUubWFwcy5wbGFjZXMudjEuUGxhY2VzLkdldFBsYWNlEAIYBCAA
Website: http://www.certified.cafe/"
Arcane 17,"Rue Charlot, Paris, France",Paris,,,restaurant,,,4.5,151,48.8628796,2.3625658,https://maps.google.com/?cid=12634743828309489625&g_mp=CiVnb29nbGUubWFwcy5wbGFjZXMudjEuUGxhY2VzLkdldFBsYWNlEAIYBCAA,https://arcane17paris.com/,,"Type: Restaurant
Google: 4.5 (151 reviews)
Food types: restaurant
Tags: Restaurant, Trendy, Basque
Google Maps: https://maps.google.com/?cid=12634743828309489625&g_mp=CiVnb29nbGUubWFwcy5wbGFjZXMudjEuUGxhY2VzLkdldFBsYWNlEAIYBCAA
Website: https://arcane17paris.com/"
Armande,"26 Rue Tholozé, 75018 Paris, France",Paris,18e,,restaurant,,,5,414,48.8865388,2.3355589,https://maps.google.com/?cid=4536107868716594584&g_mp=CiVnb29nbGUubWFwcy5wbGFjZXMudjEuUGxhY2VzLkdldFBsYWNlEAIYBCAA,,,"Type: French Restaurant
Arrondissement: 18e
Google: 5.0 (414 reviews)
Food types: restaurant
Tags: Cafe, Restaurant
Google Maps: https://maps.google.com/?cid=4536107868716594584&g_mp=CiVnb29nbGUubWFwcy5wbGFjZXMudjEuUGxhY2VzLkdldFBsYWNlEAIYBCAA"
Arnaud Nicolas Charcuterie Cuisinée,"46 Avenue de la Bourdonnais, 75007 Paris, France",Paris,7e,,restaurant,,,,,48.8569275,2.3010287,https://www.google.com/maps/search/?api=1&query=Arnaud%20Nicolas%20Charcuterie%20Cuisin%C3%A9e%2C%20Paris%2C%20France,http://arnaudnicolas.paris/,https://thefork.fr/restaurant/arnaud-nicolas-r313657/?cc=24751-923,"Arrondissement: 7e
Food types: restaurant
Tags: Frenchie, Restaurant, Meat
Google Maps: https://www.google.com/maps/search/?api=1&query=Arnaud%20Nicolas%20Charcuterie%20Cuisin%C3%A9e%2C%20Paris%2C%20France
Website: http://arnaudnicolas.paris/
Booking: https://thefork.fr/restaurant/arnaud-nicolas-r313657/?cc=24751-923"
Aroma-Zone,"25 Rue de l'École de Médecine, 75006 Paris, France",Paris,6e,,shopping,,,,,48.8516826,2.3397984,https://www.google.com/maps/search/?api=1&query=Aroma-Zone%2C%20Paris%2C%20France,http://www.aroma-zone.com/,,"Arrondissement: 6e
Food types: shopping
Tags: Healthy
Google Maps: https://www.google.com/maps/search/?api=1&query=Aroma-Zone%2C%20Paris%2C%20France
Website: http://www.aroma-zone.com/"
Astier,"44 Rue Jean-Pierre Timbaud, 75011 Paris, France",Paris,11e,,restaurant,,,,,48.8662113,2.3720222,https://www.google.com/maps/search/?api=1&query=Astier%2C%20Paris%2C%20France,http://www.restaurant-astier.com/,https://thefork.fr/restaurant/astier-r5686/?cc=24751-923,"Arrondissement: 11e
Food types: restaurant
Tags: Frenchie, Restaurant
Google Maps: https://www.google.com/maps/search/?api=1&query=Astier%2C%20Paris%2C%20France
Website: http://www.restaurant-astier.com/
Booking: https://thefork.fr/restaurant/astier-r5686/?cc=24751-923"
Astrance,"32 Rue de Longchamp, 75116 Paris, France",Paris,16e,,restaurant,,€€€€,4.5,446,48.8655418,2.2831628,https://maps.google.com/?cid=1475113752476653515&g_mp=CiVnb29nbGUubWFwcy5wbGFjZXMudjEuUGxhY2VzLkdldFBsYWNlEAIYBCAA,http://www.astrancerestaurant.com/,https://thefork.fr/restaurant/astrance-r688509/?cc=24751-923,"Type: French Restaurant
Arrondissement: 16e
Price: €€€€
Google: 4.5 (446 reviews)
Food types: restaurant
Tags: Gastro / higher end, Restaurant
Google Maps: https://maps.google.com/?cid=1475113752476653515&g_mp=CiVnb29nbGUubWFwcy5wbGFjZXMudjEuUGxhY2VzLkdldFBsYWNlEAIYBCAA
Website: http://www.astrancerestaurant.com/
Booking: https://thefork.fr/restaurant/astrance-r688509/?cc=24751-923"
Atelier Brancusi,"Place Georges Pompidou, 75004 Paris, France",Paris,4e,,generic,,,,,48.86141669999999,2.352007,https://www.google.com/maps/search/?api=1&query=Atelier%20Brancusi%2C%20Paris%2C%20France,https://www.centrepompidou.fr/en/Collections/Brancusi-s-Studio,,"Arrondissement: 4e
Food types: generic
Tags: Museum
Google Maps: https://www.google.com/maps/search/?api=1&query=Atelier%20Brancusi%2C%20Paris%2C%20France
Website: https://www.centrepompidou.fr/en/Collections/Brancusi-s-Studio"
Au Moulin A Vent,"20 Rue des Fossés Saint-Bernard, 75005 Paris, France",Paris,5e,,restaurant,,,,,48.8485564,2.354766199999999,https://www.google.com/maps/search/?api=1&query=Au%20Moulin%20A%20Vent%2C%20Paris%2C%20France,http://www.au-moulinavent.com/,https://bookings.zenchef.com/results?rid=363128&fullscreen=1&mini=0&pid=mapstr&primaryColor=FFC222&type=web,"Arrondissement: 5e
Food types: restaurant
Tags: Frenchie, Restaurant, Bistrot
Google Maps: https://www.google.com/maps/search/?api=1&query=Au%20Moulin%20A%20Vent%2C%20Paris%2C%20France
Website: http://www.au-moulinavent.com/
Booking: https://bookings.zenchef.com/results?rid=363128&fullscreen=1&mini=0&pid=mapstr&primaryColor=FFC222&type=web"
Au Petit Bar,"7 Rue du Mont-Thabor, 75001 Paris, France",Paris,1er,,restaurant,,€,4.6,353,48.8654785,2.3291239,https://maps.google.com/?cid=1408194716450924502&g_mp=CiVnb29nbGUubWFwcy5wbGFjZXMudjEuUGxhY2VzLkdldFBsYWNlEAIYBCAA,https://www.paris-bistro.com/choisir/paris1/au-petit-bar,,"Type: Bar
Arrondissement: 1er
Price: €
Google: 4.6 (353 reviews)
Food types: restaurant
Tags: Bistrot
Google summary: Old-school, family-owned cafe & 24-seat bar offering homestyle bistro classics alongside wine.
Google Maps: https://maps.google.com/?cid=1408194716450924502&g_mp=CiVnb29nbGUubWFwcy5wbGFjZXMudjEuUGxhY2VzLkdldFBsYWNlEAIYBCAA
Website: https://www.paris-bistro.com/choisir/paris1/au-petit-bar"
Au Trou Gascon,"40 Rue Taine, 75012 Paris, France",Paris,12e,,restaurant,,€€€,4.4,451,48.8391195,2.3942845,https://maps.google.com/?cid=8313021902176705266&g_mp=CiVnb29nbGUubWFwcy5wbGFjZXMudjEuUGxhY2VzLkdldFBsYWNlEAIYBCAA,http://www.autrougascon.fr/,https://bookings.zenchef.com/results?rid=371061&fullscreen=1&mini=0&pid=mapstr&primaryColor=FFC222&type=web,"Type: Restaurant
Arrondissement: 12e
Price: €€€
Google: 4.4 (451 reviews)
Food types: restaurant
Tags: Restaurant, Trendy
Google Maps: https://maps.google.com/?cid=8313021902176705266&g_mp=CiVnb29nbGUubWFwcy5wbGFjZXMudjEuUGxhY2VzLkdldFBsYWNlEAIYBCAA
Website: http://www.autrougascon.fr/
Booking: https://bookings.zenchef.com/results?rid=371061&fullscreen=1&mini=0&pid=mapstr&primaryColor=FFC222&type=web"
Auberge Bressane,"16 Avenue de la Motte-Picquet, 75007 Paris, France",Paris,7e,,restaurant,,€€,4.6,2309,48.85653699999999,2.308508999999999,https://maps.google.com/?cid=9060875296924406592&g_mp=CiVnb29nbGUubWFwcy5wbGFjZXMudjEuUGxhY2VzLkdldFBsYWNlEAIYBCAA,http://www.auberge-bressane.com/,https://bookings.zenchef.com/results?rid=355693&fullscreen=1&mini=0&pid=mapstr&primaryColor=FFC222&type=web,"Type: French Restaurant
Arrondissement: 7e
Price: €€
Google: 4.6 (2,309 reviews)
Food types: restaurant
Tags: Frenchie, Restaurant, Bistrot
Google summary: Folksy, easygoing locale making traditional French food like coq au vin & chocolate soufflé.
Google Maps: https://maps.google.com/?cid=9060875296924406592&g_mp=CiVnb29nbGUubWFwcy5wbGFjZXMudjEuUGxhY2VzLkdldFBsYWNlEAIYBCAA
Website: http://www.auberge-bressane.com/
Booking: https://bookings.zenchef.com/results?rid=355693&fullscreen=1&mini=0&pid=mapstr&primaryColor=FFC222&type=web"
Augustin Marchand d'Vins,"26 Rue des Grands Augustins, 75006 Paris, France",Paris,6e,,restaurant,,,4.7,194,48.85365969999999,2.3401642,https://maps.google.com/?cid=4179791678540243519&g_mp=CiVnb29nbGUubWFwcy5wbGFjZXMudjEuUGxhY2VzLkdldFBsYWNlEAIYBCAA,https://augustinmarchand.com/,https://bookings.zenchef.com/results?rid=357920&fullscreen=1&mini=0&pid=mapstr&primaryColor=FFC222&type=web,"Type: Restaurant
Arrondissement: 6e
Google: 4.7 (194 reviews)
Food types: restaurant
Tags: Bar, Natural wine
Google Maps: https://maps.google.com/?cid=4179791678540243519&g_mp=CiVnb29nbGUubWFwcy5wbGFjZXMudjEuUGxhY2VzLkdldFBsYWNlEAIYBCAA
Website: https://augustinmarchand.com/
Booking: https://bookings.zenchef.com/results?rid=357920&fullscreen=1&mini=0&pid=mapstr&primaryColor=FFC222&type=web"
Aux Crus de Bourgogne,"3 Rue Bachaumont, Paris 75002",Paris,2e,,restaurant,,,4.6,1991,48.8658261,2.3465718,https://maps.google.com/?cid=3731929306327284416&g_mp=CiVnb29nbGUubWFwcy5wbGFjZXMudjEuUGxhY2VzLkdldFBsYWNlEAIYBCAA,http://www.auxcrusdebourgogne.com/,https://bookings.zenchef.com/results?rid=352723&fullscreen=1&mini=0&pid=mapstr&primaryColor=FFC222&type=web,"Type: French Restaurant
Arrondissement: 2e
Google: 4.6 (1,991 reviews)
Food types: restaurant
Tags: Frenchie
Google summary: Classic regional dishes & a long wine list in a vintage-chic bistro with sidewalk tables.
Google Maps: https://maps.google.com/?cid=3731929306327284416&g_mp=CiVnb29nbGUubWFwcy5wbGFjZXMudjEuUGxhY2VzLkdldFBsYWNlEAIYBCAA
Website: http://www.auxcrusdebourgogne.com/
Booking: https://bookings.zenchef.com/results?rid=352723&fullscreen=1&mini=0&pid=mapstr&primaryColor=FFC222&type=web"
Aux Deux Amis,"45 Rue Oberkampf, 75011 Paris, France",Paris,11e,,restaurant,,€€,4.1,841,48.86458069999999,2.3718376,https://maps.google.com/?cid=5700510830722341713&g_mp=CiVnb29nbGUubWFwcy5wbGFjZXMudjEuUGxhY2VzLkdldFBsYWNlEAIYBCAA,http://www.facebook.com/Aux-Deux-Amis-120307971356817/,,"Type: Bistro
Arrondissement: 11e
Price: €€
Google: 4.1 (841 reviews)
Food types: restaurant
Tags: Natural wine, Restaurant, ❤️, Trendy, Bar
Google summary: Cold cuts, small plates & natural wines at a cozy modern bar with counter seats & sidewalk tables.
Google Maps: https://maps.google.com/?cid=5700510830722341713&g_mp=CiVnb29nbGUubWFwcy5wbGFjZXMudjEuUGxhY2VzLkdldFBsYWNlEAIYBCAA
Website: http://www.facebook.com/Aux-Deux-Amis-120307971356817/"
Aux Lyonnais,32 rue Saint-Marc Paris 75002,Paris,2e,,restaurant,,€€€,4.4,1246,48.8707405,2.3387362,https://maps.google.com/?cid=868440092026751739&g_mp=CiVnb29nbGUubWFwcy5wbGFjZXMudjEuUGxhY2VzLkdldFBsYWNlEAIYBCAA,https://www.auxlyonnais.com/,https://bookings.zenchef.com/results?rid=373682&fullscreen=1&mini=0&pid=mapstr&primaryColor=FFC222&type=web,"Type: French Restaurant
Arrondissement: 2e
Price: €€€
Google: 4.4 (1,246 reviews)
Food types: restaurant
Tags: Bistrot, Gastro / higher end
Google summary: Sophisticated takes on classic Lyon specialties in an elegant Art Deco bistro with vintage features.
Google Maps: https://maps.google.com/?cid=868440092026751739&g_mp=CiVnb29nbGUubWFwcy5wbGFjZXMudjEuUGxhY2VzLkdldFBsYWNlEAIYBCAA
Website: https://www.auxlyonnais.com/
Booking: https://bookings.zenchef.com/results?rid=373682&fullscreen=1&mini=0&pid=mapstr&primaryColor=FFC222&type=web"
Aï Hsu,"16 Rue Saint-Sébastien, 75011 Paris, France",Paris,11e,,restaurant,,,,,48.86096999999999,2.3689244,https://www.google.com/maps/search/?api=1&query=A%C3%AF%20Hsu%2C%20Paris%2C%20France,,https://thefork.fr/restaurant/ai-hsu-table-r301139/?cc=24751-923,"Arrondissement: 11e
Food types: restaurant
Tags: Japanese, Restaurant
Google Maps: https://www.google.com/maps/search/?api=1&query=A%C3%AF%20Hsu%2C%20Paris%2C%20France
Booking: https://thefork.fr/restaurant/ai-hsu-table-r301139/?cc=24751-923"
B.B.N vins natures et livres qui en parlent,"Rue Saint-Sauveur, Paris, France",Paris,,,generic,,,,,48.86599349975586,2.348423480987549,https://www.google.com/maps/search/?api=1&query=B.B.N%20vins%20natures%20et%20livres%20qui%20en%20parlent%2C%20Paris%2C%20France,http://www.biobiodynamienature.com/,,"Food types: generic
Tags: Natural wine, Shopping
Google Maps: https://www.google.com/maps/search/?api=1&query=B.B.N%20vins%20natures%20et%20livres%20qui%20en%20parlent%2C%20Paris%2C%20France
Website: http://www.biobiodynamienature.com/"
BAMBINO,"25 Rue Saint-Sébastien, 75011 Paris, France",Paris,11e,,bar,,,3.8,1114,48.8613679,2.3698336,https://maps.google.com/?cid=13537161601735890259&g_mp=CiVnb29nbGUubWFwcy5wbGFjZXMudjEuUGxhY2VzLkdldFBsYWNlEAIYBCAA,http://www.bambinoparis.com/,https://bookings.zenchef.com/results?rid=369608&fullscreen=1&mini=0&pid=mapstr&primaryColor=FFC222&type=web,"Type: Restaurant
Arrondissement: 11e
Google: 3.8 (1,114 reviews)
Food types: bar
Tags: Natural wine, Dancing, Bar
Google summary: Hip eatery with an open kitchen serving small plates, craft beer & cocktails, plus desserts.
Google Maps: https://maps.google.com/?cid=13537161601735890259&g_mp=CiVnb29nbGUubWFwcy5wbGFjZXMudjEuUGxhY2VzLkdldFBsYWNlEAIYBCAA
Website: http://www.bambinoparis.com/
Booking: https://bookings.zenchef.com/results?rid=369608&fullscreen=1&mini=0&pid=mapstr&primaryColor=FFC222&type=web"
BARTHOUIL,"41 Rue Charlot, 75003 Paris, France",Paris,3e,,shopping,,,,,48.863105,2.3626204,https://www.google.com/maps/search/?api=1&query=BARTHOUIL%2C%20Paris%2C%20France,http://www.barthouil.fr/,,"Arrondissement: 3e
Food types: shopping
Tags: Food shop
Google Maps: https://www.google.com/maps/search/?api=1&query=BARTHOUIL%2C%20Paris%2C%20France
Website: http://www.barthouil.fr/"
BISTROT MEE,"5 Rue d'Argenteuil, 75001 Paris, France",Paris,1er,,restaurant,,€€,4.2,1408,48.8644675,2.3339743,https://maps.google.com/?cid=5162366246008904487&g_mp=CiVnb29nbGUubWFwcy5wbGFjZXMudjEuUGxhY2VzLkdldFBsYWNlEAIYBCAA,https://www.meeandyou.com/bistrot,https://thefork.fr/restaurant/bistrot-mee-r63282/?cc=24751-923,"Type: Korean Restaurant
Arrondissement: 1er
Price: €€
Google: 4.2 (1,408 reviews)
Food types: restaurant
Tags: Restaurant, Korean
Google Maps: https://maps.google.com/?cid=5162366246008904487&g_mp=CiVnb29nbGUubWFwcy5wbGFjZXMudjEuUGxhY2VzLkdldFBsYWNlEAIYBCAA
Website: https://www.meeandyou.com/bistrot
Booking: https://thefork.fr/restaurant/bistrot-mee-r63282/?cc=24751-923"
BIWAN ⸱ iRASSHAi,"40 Rue du Louvre, 75001 Paris, France",Paris,1er,,restaurant,,,4.7,730,48.8642928,2.3425687,https://maps.google.com/?cid=1942768491856955954&g_mp=CiVnb29nbGUubWFwcy5wbGFjZXMudjEuUGxhY2VzLkdldFBsYWNlEAIYBCAA,https://irasshai.co/pages/biwan-la-table,https://www.thefork.fr/restaurant/irasshai-biwan-r804659,"Type: Japanese Restaurant
Arrondissement: 1er
Google: 4.7 (730 reviews)
Food types: restaurant
Tags: Japanese, Restaurant
Google Maps: https://maps.google.com/?cid=1942768491856955954&g_mp=CiVnb29nbGUubWFwcy5wbGFjZXMudjEuUGxhY2VzLkdldFBsYWNlEAIYBCAA
Website: https://irasshai.co/pages/biwan-la-table
Booking: https://www.thefork.fr/restaurant/irasshai-biwan-r804659"
BMK Paris-Bamako,"14 rue de la fidélité, Paris 75010",Paris,10e,,restaurant,,,,,48.87464610000001,2.3565492,https://www.google.com/maps/search/?api=1&query=BMK%20Paris-Bamako%2C%20Paris%2C%20France,http://www.bmkparis.com/,https://thefork.fr/restaurant/bmk-paris-bamako-r843735/?cc=24751-923,"Arrondissement: 10e
Food types: restaurant
Tags: Restaurant, African
Google Maps: https://www.google.com/maps/search/?api=1&query=BMK%20Paris-Bamako%2C%20Paris%2C%20France
Website: http://www.bmkparis.com/
Booking: https://thefork.fr/restaurant/bmk-paris-bamako-r843735/?cc=24751-923"
BREIZH Café Marais | La Crêpe Autrement,"109 Rue Vieille du Temple, 75003 Paris, France",Paris,3e,,restaurant,,€€,4.3,5863,48.8606353,2.3618604,https://maps.google.com/?cid=2739135305373629346&g_mp=CiVnb29nbGUubWFwcy5wbGFjZXMudjEuUGxhY2VzLkdldFBsYWNlEAIYBCAA,https://breizhcafe.com/,https://bookings.zenchef.com/results?rid=349932&fullscreen=1&mini=0&pid=mapstr&primaryColor=FFC222&type=web,"Type: Dessert Shop
Arrondissement: 3e
Price: €€
Google: 4.3 (5,863 reviews)
Food types: restaurant
Tags: Restaurant, Creps
Google Maps: https://maps.google.com/?cid=2739135305373629346&g_mp=CiVnb29nbGUubWFwcy5wbGFjZXMudjEuUGxhY2VzLkdldFBsYWNlEAIYBCAA
Website: https://breizhcafe.com/
Booking: https://bookings.zenchef.com/results?rid=349932&fullscreen=1&mini=0&pid=mapstr&primaryColor=FFC222&type=web"
BRUTOS,"5 Rue du Général Renault, 75011 Paris, France",Paris,11e,,restaurant,,,,,48.8614625,2.3782218,https://www.google.com/maps/search/?api=1&query=BRUTOS%2C%20Paris%2C%20France,https://www.brutosparis.com/,https://bookings.zenchef.com/results?rid=349110&fullscreen=1&mini=0&pid=mapstr&primaryColor=FFC222&type=web,"Arrondissement: 11e
Food types: restaurant
Tags: Restaurant, Meat
Google Maps: https://www.google.com/maps/search/?api=1&query=BRUTOS%2C%20Paris%2C%20France
Website: https://www.brutosparis.com/
Booking: https://bookings.zenchef.com/results?rid=349110&fullscreen=1&mini=0&pid=mapstr&primaryColor=FFC222&type=web"
BUDDY BUDDY 🥜,"15 Rue de Marseille, 75010 Paris, France",Paris,10e,,cafe,,,4.6,1149,48.871677,2.363620099999999,https://maps.google.com/?cid=10252212821854942931&g_mp=CiVnb29nbGUubWFwcy5wbGFjZXMudjEuUGxhY2VzLkdldFBsYWNlEAIYBCAA,http://www.buddybuddy.co/,,"Type: Coffee Shop
Arrondissement: 10e
Google: 4.6 (1,149 reviews)
Food types: cafe
Tags: Cafe
Google Maps: https://maps.google.com/?cid=10252212821854942931&g_mp=CiVnb29nbGUubWFwcy5wbGFjZXMudjEuUGxhY2VzLkdldFBsYWNlEAIYBCAA
Website: http://www.buddybuddy.co/"
Back in Black,"25 Rue Amelot, 75011 Paris, France",Paris,11e,,"cafe, brunch",,€€,4.5,1231,48.8562272,2.3690622,https://maps.google.com/?cid=3631988056719622990&g_mp=CiVnb29nbGUubWFwcy5wbGFjZXMudjEuUGxhY2VzLkdldFBsYWNlEAIYBCAA,https://linktr.ee/backinblackcoffee,https://bookings.zenchef.com/results?rid=377537&fullscreen=1&mini=0&pid=mapstr&primaryColor=FFC222&type=web,"Type: Restaurant
Arrondissement: 11e
Price: €€
Google: 4.5 (1,231 reviews)
Food types: cafe, brunch
Tags: Brunch, Cafe
Google summary: Espresso, pastries & all-day breakfast in a streamlined locale offering beans & roastery workshops.
Google Maps: https://maps.google.com/?cid=3631988056719622990&g_mp=CiVnb29nbGUubWFwcy5wbGFjZXMudjEuUGxhY2VzLkdldFBsYWNlEAIYBCAA
Website: https://linktr.ee/backinblackcoffee
Booking: https://bookings.zenchef.com/results?rid=377537&fullscreen=1&mini=0&pid=mapstr&primaryColor=FFC222&type=web"
Baieta,"5 Rue de Pontoise, 75005 Paris, France",Paris,5e,,restaurant,,,,,48.8501043,2.352244999999999,https://www.google.com/maps/search/?api=1&query=Baieta%2C%20Paris%2C%20France,http://www.restaurant-baieta-paris.fr/,https://thefork.fr/restaurant/baieta-r724954/?cc=24751-923,"Arrondissement: 5e
Food types: restaurant
Tags: Restaurant, Bistrot
Google Maps: https://www.google.com/maps/search/?api=1&query=Baieta%2C%20Paris%2C%20France
Website: http://www.restaurant-baieta-paris.fr/
Booking: https://thefork.fr/restaurant/baieta-r724954/?cc=24751-923"
BangBang Restaurant,"Rue du Liban, Paris, France",Paris,,,restaurant,,,4.5,473,48.8686873,2.3853813,https://maps.google.com/?cid=7588482950229057893&g_mp=CiVnb29nbGUubWFwcy5wbGFjZXMudjEuUGxhY2VzLkdldFBsYWNlEAIYBCAA,http://spicybangbang.com/,https://bookings.zenchef.com/results?rid=358138&fullscreen=1&mini=0&pid=mapstr&primaryColor=FFC222&type=web,"Type: Restaurant
Google: 4.5 (473 reviews)
Food types: restaurant
Tags: Libanese, Street food, Restaurant
Google Maps: https://maps.google.com/?cid=7588482950229057893&g_mp=CiVnb29nbGUubWFwcy5wbGFjZXMudjEuUGxhY2VzLkdldFBsYWNlEAIYBCAA
Website: http://spicybangbang.com/
Booking: https://bookings.zenchef.com/results?rid=358138&fullscreen=1&mini=0&pid=mapstr&primaryColor=FFC222&type=web"
Banh Mi,"81 Rue de Turbigo, 75003 Paris, France",Paris,3e,,restaurant,,,,,48.8666716,2.3607034,https://www.google.com/maps/search/?api=1&query=Banh%20Mi%2C%20Paris%2C%20France,,,"Arrondissement: 3e
Food types: restaurant
Tags: Asian, Vietnamiese, Restaurant
Google Maps: https://www.google.com/maps/search/?api=1&query=Banh%20Mi%2C%20Paris%2C%20France"
Bar Principal,"5 Rue du Général Renault, 75011 Paris, France",Paris,11e,,bar,,,4.6,166,48.8615187,2.3781291,https://maps.google.com/?cid=13661270594052716239&g_mp=CiVnb29nbGUubWFwcy5wbGFjZXMudjEuUGxhY2VzLkdldFBsYWNlEAIYBCAA,,,"Type: Bar
Arrondissement: 11e
Google: 4.6 (166 reviews)
Food types: bar
Tags: Wine bar, Natural wine
Google Maps: https://maps.google.com/?cid=13661270594052716239&g_mp=CiVnb29nbGUubWFwcy5wbGFjZXMudjEuUGxhY2VzLkdldFBsYWNlEAIYBCAA"
Bar a Cocktail le Petit Beaumarchais,"8 Boulevard Beaumarchais, 75011 Paris, France",Paris,11e,,generic,,,,,48.86148834228516,2.357503414154053,https://www.google.com/maps/search/?api=1&query=Bar%20a%20Cocktail%20le%20Petit%20Beaumarchais%2C%20Paris%2C%20France,,http://www.opentable.fr/r/bar-nouveau-paris?ref=17374,"Arrondissement: 11e
Food types: generic
Tags: Cocktails
Google Maps: https://www.google.com/maps/search/?api=1&query=Bar%20a%20Cocktail%20le%20Petit%20Beaumarchais%2C%20Paris%2C%20France
Booking: http://www.opentable.fr/r/bar-nouveau-paris?ref=17374"
Bar de la Croix Rouge,"2 Place Michel Debré, 75006 Paris, France",Paris,6e,,generic,,,3.4,393,48.85226,2.329791,https://maps.google.com/?cid=4719454937861824571&g_mp=CiVnb29nbGUubWFwcy5wbGFjZXMudjEuUGxhY2VzLkdldFBsYWNlEAIYBCAA,,,"Type: Restaurant
Arrondissement: 6e
Google: 3.4 (393 reviews)
Food types: generic
Tags: Bar
Google Maps: https://maps.google.com/?cid=4719454937861824571&g_mp=CiVnb29nbGUubWFwcy5wbGFjZXMudjEuUGxhY2VzLkdldFBsYWNlEAIYBCAA"
Baronne,"11 Rue Berryer, 75008 Paris, France",Paris,8e,,restaurant,,,4.5,1303,48.875255,2.3039288,https://maps.google.com/?cid=14335811537082220816&g_mp=CiVnb29nbGUubWFwcy5wbGFjZXMudjEuUGxhY2VzLkdldFBsYWNlEAIYBCAA,https://baronne-restaurant.com/,,"Type: Restaurant
Arrondissement: 8e
Google: 4.5 (1,303 reviews)
Food types: restaurant
Tags: Restaurant, Trendy
Google Maps: https://maps.google.com/?cid=14335811537082220816&g_mp=CiVnb29nbGUubWFwcy5wbGFjZXMudjEuUGxhY2VzLkdldFBsYWNlEAIYBCAA
Website: https://baronne-restaurant.com/"
Bel Horizon Coffee Roasters,"Boulevard Garibaldi, Paris, France",Paris,,,cafe,,,4.8,585,48.8468636,2.3044821,https://maps.google.com/?cid=16162977047889895338&g_mp=CiVnb29nbGUubWFwcy5wbGFjZXMudjEuUGxhY2VzLkdldFBsYWNlEAIYBCAA,http://www.belhorizoncoffee.com/,,"Type: Coffee roastery
Google: 4.8 (585 reviews)
Food types: cafe
Tags: Cafe
Google Maps: https://maps.google.com/?cid=16162977047889895338&g_mp=CiVnb29nbGUubWFwcy5wbGFjZXMudjEuUGxhY2VzLkdldFBsYWNlEAIYBCAA
Website: http://www.belhorizoncoffee.com/"
Benchy,"Rue du Cherche-Midi, Paris, France",Paris,,,restaurant,,,4.2,404,48.8492484,2.3256964,https://maps.google.com/?cid=2474453887306421118&g_mp=CiVnb29nbGUubWFwcy5wbGFjZXMudjEuUGxhY2VzLkdldFBsYWNlEAIYBCAA,,,"Type: Sandwich Shop
Google: 4.2 (404 reviews)
Food types: restaurant
Tags: Cafe, Japanese
Google Maps: https://maps.google.com/?cid=2474453887306421118&g_mp=CiVnb29nbGUubWFwcy5wbGFjZXMudjEuUGxhY2VzLkdldFBsYWNlEAIYBCAA"
Benoit Paris,"Rue Saint-Martin, Paris, France",Paris,,,restaurant,,€€€€,4.3,2893,48.85838489999999,2.350088,https://maps.google.com/?cid=14478655399410179573&g_mp=CiVnb29nbGUubWFwcy5wbGFjZXMudjEuUGxhY2VzLkdldFBsYWNlEAIYBCAA,http://www.benoit-paris.com/,https://bookings.zenchef.com/results?rid=371167&fullscreen=1&mini=0&pid=mapstr&primaryColor=FFC222&type=web,"Type: French Restaurant
Price: €€€€
Google: 4.3 (2,893 reviews)
Food types: restaurant
Tags: Bistrot, Restaurant
Google summary: Casseroles, snails & desserts like profiteroles in a venerable bistro with brass details & mirrors.
Google Maps: https://maps.google.com/?cid=14478655399410179573&g_mp=CiVnb29nbGUubWFwcy5wbGFjZXMudjEuUGxhY2VzLkdldFBsYWNlEAIYBCAA
Website: http://www.benoit-paris.com/
Booking: https://bookings.zenchef.com/results?rid=371167&fullscreen=1&mini=0&pid=mapstr&primaryColor=FFC222&type=web"
Bibie Paris,"7 rue Lacépède, 75005 Paris",Paris,5e,,bar,,,4.6,1041,48.84364,2.35368,https://maps.google.com/?cid=10435521713767672844&g_mp=CiVnb29nbGUubWFwcy5wbGFjZXMudjEuUGxhY2VzLkdldFBsYWNlEAIYBCAA,https://www.bibie-paris.com/,,"Type: Restaurant
Arrondissement: 5e
Google: 4.6 (1,041 reviews)
Food types: bar
Tags: Restaurant, Bar
Google Maps: https://maps.google.com/?cid=10435521713767672844&g_mp=CiVnb29nbGUubWFwcy5wbGFjZXMudjEuUGxhY2VzLkdldFBsYWNlEAIYBCAA
Website: https://www.bibie-paris.com/"
Bien Élevé,"47 rue richer, Paris 75009",Paris,9e,,restaurant,,,,,48.8739843,2.343312899999999,https://www.google.com/maps/search/?api=1&query=Bien%20%C3%89lev%C3%A9%2C%20Paris%2C%20France,http://bieneleve.fr/,https://bookings.zenchef.com/results?rid=354279&fullscreen=1&mini=0&pid=mapstr&primaryColor=FFC222,"Arrondissement: 9e
Food types: restaurant
Tags: Restaurant, Meat
Google Maps: https://www.google.com/maps/search/?api=1&query=Bien%20%C3%89lev%C3%A9%2C%20Paris%2C%20France
Website: http://bieneleve.fr/
Booking: https://bookings.zenchef.com/results?rid=354279&fullscreen=1&mini=0&pid=mapstr&primaryColor=FFC222"
Billie,"Rue des Petits Champs, Paris, France",Paris,,,restaurant,,,4.2,204,48.866831,2.3365718,https://maps.google.com/?cid=7710219016150904196&g_mp=CiVnb29nbGUubWFwcy5wbGFjZXMudjEuUGxhY2VzLkdldFBsYWNlEAIYBCAA,https://www.billie-paris.com/,http://www.opentable.fr/r/billie-paris?ref=17374,"Type: Restaurant
Google: 4.2 (204 reviews)
Food types: restaurant
Tags: Restaurant, Dancing, Trendy
Google Maps: https://maps.google.com/?cid=7710219016150904196&g_mp=CiVnb29nbGUubWFwcy5wbGFjZXMudjEuUGxhY2VzLkdldFBsYWNlEAIYBCAA
Website: https://www.billie-paris.com/
Booking: http://www.opentable.fr/r/billie-paris?ref=17374"
Biondi,"118 Rue Amelot, 75011 Paris, France",Paris,11e,,restaurant,,,,,48.8638464,2.3671635,https://www.google.com/maps/search/?api=1&query=Biondi%2C%20Paris%2C%20France,https://www.biondi-restaurant.fr/,https://bookings.zenchef.com/results?rid=353425&fullscreen=1&mini=0&pid=mapstr&primaryColor=FFC222&type=web,"Arrondissement: 11e
Food types: restaurant
Tags: Restaurant, Trendy
Google Maps: https://www.google.com/maps/search/?api=1&query=Biondi%2C%20Paris%2C%20France
Website: https://www.biondi-restaurant.fr/
Booking: https://bookings.zenchef.com/results?rid=353425&fullscreen=1&mini=0&pid=mapstr&primaryColor=FFC222&type=web"
Biotiful Batignolles,"18 Rue Biot, 75017 Paris, France",Paris,17e,,restaurant,,,,,48.88453080000001,2.3260473,https://www.google.com/maps/search/?api=1&query=Biotiful%20Batignolles%2C%20Paris%2C%20France,www.biotifulbatignolles.fr,https://ib.guestonline.fr/instabook/bookings/P1XrFWY,"Arrondissement: 17e
Food types: restaurant
Tags: Wine bar, Deco, Cocktail
Google Maps: https://www.google.com/maps/search/?api=1&query=Biotiful%20Batignolles%2C%20Paris%2C%20France
Website: www.biotifulbatignolles.fr
Booking: https://ib.guestonline.fr/instabook/bookings/P1XrFWY"
Bistrot Belhara,"23 Rue Duvivier, 75007 Paris, France",Paris,7e,,restaurant,,,4.6,371,48.8564004,2.307450499999999,https://maps.google.com/?cid=4003693556219215886&g_mp=CiVnb29nbGUubWFwcy5wbGFjZXMudjEuUGxhY2VzLkdldFBsYWNlEAIYBCAA,http://www.bistrotbelhara.com/,https://thefork.fr/restaurant/bistrot-belhara-r43563/?cc=24751-923,"Type: Bistro
Arrondissement: 7e
Google: 4.6 (371 reviews)
Food types: restaurant
Tags: Restaurant, Bistrot
Google Maps: https://maps.google.com/?cid=4003693556219215886&g_mp=CiVnb29nbGUubWFwcy5wbGFjZXMudjEuUGxhY2VzLkdldFBsYWNlEAIYBCAA
Website: http://www.bistrotbelhara.com/
Booking: https://thefork.fr/restaurant/bistrot-belhara-r43563/?cc=24751-923"
Bistrot Des Tournelles,"Rue des Tournelles, Paris, France",Paris,,,restaurant,,,4.6,1157,48.8543,2.3674,https://maps.google.com/?cid=4001123751309885181&g_mp=CiVnb29nbGUubWFwcy5wbGFjZXMudjEuUGxhY2VzLkdldFBsYWNlEAIYBCAA,https://www.bistrotdestournelles.com/,,"Type: French Restaurant
Google: 4.6 (1,157 reviews)
Food types: restaurant
Tags: Bistrot
Google Maps: https://maps.google.com/?cid=4001123751309885181&g_mp=CiVnb29nbGUubWFwcy5wbGFjZXMudjEuUGxhY2VzLkdldFBsYWNlEAIYBCAA
Website: https://www.bistrotdestournelles.com/"
Bistrot Tontine,"6 Rue Paul Bert, 75011 Paris, France",Paris,11e,,restaurant,,,3.3,35,48.85133179999999,2.3846753,https://maps.google.com/?cid=6933264304379606991&g_mp=CiVnb29nbGUubWFwcy5wbGFjZXMudjEuUGxhY2VzLkdldFBsYWNlEAIYBCAA,,,"Type: Restaurant
Arrondissement: 11e
Google: 3.3 (35 reviews)
Food types: restaurant
Tags: Restaurant, Trendy
Google Maps: https://maps.google.com/?cid=6933264304379606991&g_mp=CiVnb29nbGUubWFwcy5wbGFjZXMudjEuUGxhY2VzLkdldFBsYWNlEAIYBCAA"
Blondie Coffee Shop,"40 Rue Saint-Georges, 75009 Paris, France",Paris,9e,,cafe,,,4.7,1190,48.8766495,2.3372073,https://maps.google.com/?cid=16744370551790401715&g_mp=CiVnb29nbGUubWFwcy5wbGFjZXMudjEuUGxhY2VzLkdldFBsYWNlEAIYBCAA,https://www.cafeblondie.com/,,"Type: Coffee Shop
Arrondissement: 9e
Google: 4.7 (1,190 reviews)
Food types: cafe
Tags: Cafe, Restaurant
Google Maps: https://maps.google.com/?cid=16744370551790401715&g_mp=CiVnb29nbGUubWFwcy5wbGFjZXMudjEuUGxhY2VzLkdldFBsYWNlEAIYBCAA
Website: https://www.cafeblondie.com/"
Bloom Paris,"Rue du Bac, Paris, France",Paris,,,generic,,,,,48.8554631,2.3250461,https://www.google.com/maps/search/?api=1&query=Bloom%20Paris%2C%20Paris%2C%20France,https://bloommamas.fr,,"Food types: generic
Tags: Shopping
Google Maps: https://www.google.com/maps/search/?api=1&query=Bloom%20Paris%2C%20Paris%2C%20France
Website: https://bloommamas.fr"
Blueberry Maki Bar,"6 Rue du Sabot, 75006 Paris, France",Paris,6e,,restaurant,,,4.5,1510,48.85277059999999,2.3314671,https://maps.google.com/?cid=5139195972309453817&g_mp=CiVnb29nbGUubWFwcy5wbGFjZXMudjEuUGxhY2VzLkdldFBsYWNlEAIYBCAA,http://www.blueberrymakibar.com/,https://www.blueberrymakibar.com/menus,"Type: Sushi Restaurant
Arrondissement: 6e
Google: 4.5 (1,510 reviews)
Food types: restaurant
Tags: Japanese, Restaurant, Gastro / higher end, Trendy
Google summary: Chic modern Japanese-style gastrobar with an open kitchen, serving creative sushi rolls & cocktails.
Google Maps: https://maps.google.com/?cid=5139195972309453817&g_mp=CiVnb29nbGUubWFwcy5wbGFjZXMudjEuUGxhY2VzLkdldFBsYWNlEAIYBCAA
Website: http://www.blueberrymakibar.com/
Booking: https://www.blueberrymakibar.com/menus"
Blé Sucré,"7 Rue Antoine Vollon, 75012 Paris, France",Paris,12e,,restaurant,,,,,48.8505923,2.3766879,https://www.google.com/maps/search/?api=1&query=Bl%C3%A9%20Sucr%C3%A9%2C%20Paris%2C%20France,http://www.boutdechoux.fr/,,"Arrondissement: 12e
Food types: restaurant
Tags: Bakery
Google Maps: https://www.google.com/maps/search/?api=1&query=Bl%C3%A9%20Sucr%C3%A9%2C%20Paris%2C%20France
Website: http://www.boutdechoux.fr/"
Bofinger,"5-7 Rue de la Bastille, Paris 75004",Paris,4e,,restaurant,,,,,48.853762,2.367904,https://www.google.com/maps/search/?api=1&query=Bofinger%2C%20Paris%2C%20France,http://www.bistrotjadis.fr/,https://bookings.zenchef.com/results?rid=351596&fullscreen=1&mini=0&pid=mapstr&primaryColor=FFC222&type=web,"Arrondissement: 4e
Food types: restaurant
Tags: Frenchie, Restaurant, Bistrot
Google Maps: https://www.google.com/maps/search/?api=1&query=Bofinger%2C%20Paris%2C%20France
Website: http://www.bistrotjadis.fr/
Booking: https://bookings.zenchef.com/results?rid=351596&fullscreen=1&mini=0&pid=mapstr&primaryColor=FFC222&type=web"
Bol Porridge bar,"76 Rue du Faubourg Poissonnière, 75010 Paris, France",Paris,10e,,restaurant,,,,,48.8763487,2.3487379,https://www.google.com/maps/search/?api=1&query=Bol%20Porridge%20bar%2C%20Paris%2C%20France,http://www.bolporridgebar.com/,,"Arrondissement: 10e
Food types: restaurant
Tags: Healthy
Google Maps: https://www.google.com/maps/search/?api=1&query=Bol%20Porridge%20bar%2C%20Paris%2C%20France
Website: http://www.bolporridgebar.com/"
Boma,"48 Rue de la Montagne Ste Geneviève, 75005 Paris, France",Paris,5e,,cafe,,,4.9,189,48.8475828,2.3484506,https://maps.google.com/?cid=6859123500424822945&g_mp=CiVnb29nbGUubWFwcy5wbGFjZXMudjEuUGxhY2VzLkdldFBsYWNlEAIYBCAA,http://boma-paris.square.site/,,"Type: Coffee Shop
Arrondissement: 5e
Google: 4.9 (189 reviews)
Food types: cafe
Tags: Cafe
Google Maps: https://maps.google.com/?cid=6859123500424822945&g_mp=CiVnb29nbGUubWFwcy5wbGFjZXMudjEuUGxhY2VzLkdldFBsYWNlEAIYBCAA
Website: http://boma-paris.square.site/"
Bonbon Royal Au,"56 Rue Jouffroy d'Abbans, 75017 Paris, France",Paris,17e,,generic,,,,,48.8848895,2.3063779,https://www.google.com/maps/search/?api=1&query=Bonbon%20Royal%20Au%2C%20Paris%2C%20France,http://www.aubonbonroyal.com/,,"Arrondissement: 17e
Food types: generic
Tags: Candies
Google Maps: https://www.google.com/maps/search/?api=1&query=Bonbon%20Royal%20Au%2C%20Paris%2C%20France
Website: http://www.aubonbonroyal.com/"
Bonnie Club,"17 boulevard Morland, Paris 75004",Paris,4e,,restaurant,,,2.8,479,48.84999291245329,2.363233160730536,https://maps.google.com/?cid=4384601614667449030&g_mp=CiVnb29nbGUubWFwcy5wbGFjZXMudjEuUGxhY2VzLkdldFBsYWNlEAIYBCAA,http://bonnie-restaurant.com/,,"Type: Night Club
Arrondissement: 4e
Google: 2.8 (479 reviews)
Food types: restaurant
Tags: Restaurant, Gastro / higher end
Google Maps: https://maps.google.com/?cid=4384601614667449030&g_mp=CiVnb29nbGUubWFwcy5wbGFjZXMudjEuUGxhY2VzLkdldFBsYWNlEAIYBCAA
Website: http://bonnie-restaurant.com/"
Bontemps La Pâtisserie,"57 Rue de Bretagne, 75003 Paris, France",Paris,3e,,"restaurant, brunch",,€€€,4.4,1032,48.86387819999999,2.36067,https://maps.google.com/?cid=17826626263049201609&g_mp=CiVnb29nbGUubWFwcy5wbGFjZXMudjEuUGxhY2VzLkdldFBsYWNlEAIYBCAA,https://www.facebook.com/bontempspatisserie/,https://bookings.zenchef.com/results?rid=357179&fullscreen=1&mini=0&pid=mapstr&primaryColor=FFC222&type=web,"Type: Pastry Shop
Arrondissement: 3e
Price: €€€
Google: 4.4 (1,032 reviews)
Food types: restaurant, brunch
Tags: Brunch
Google summary: Light-filled cafe with a leafy patio serving elegant gateaux, sablé cookies & savory snacks.
Google Maps: https://maps.google.com/?cid=17826626263049201609&g_mp=CiVnb29nbGUubWFwcy5wbGFjZXMudjEuUGxhY2VzLkdldFBsYWNlEAIYBCAA
Website: https://www.facebook.com/bontempspatisserie/
Booking: https://bookings.zenchef.com/results?rid=357179&fullscreen=1&mini=0&pid=mapstr&primaryColor=FFC222&type=web"
Bonvivant,"Rue des Écoles, Paris, France",Paris,,,restaurant,,€€,4.4,2537,48.8475454,2.3519748,https://maps.google.com/?cid=11268889822182331848&g_mp=CiVnb29nbGUubWFwcy5wbGFjZXMudjEuUGxhY2VzLkdldFBsYWNlEAIYBCAA,http://www.bonvivant.paris/,https://bookings.zenchef.com/results?rid=357254&fullscreen=1&mini=0&pid=mapstr&primaryColor=FFC222&type=web,"Type: French Restaurant
Price: €€
Google: 4.4 (2,537 reviews)
Food types: restaurant
Tags: Frenchie, Natural wine
Google summary: Buzzy bistro with a long wine list & robust steaks, grills & bar food, plus al fresco seating.
Google Maps: https://maps.google.com/?cid=11268889822182331848&g_mp=CiVnb29nbGUubWFwcy5wbGFjZXMudjEuUGxhY2VzLkdldFBsYWNlEAIYBCAA
Website: http://www.bonvivant.paris/
Booking: https://bookings.zenchef.com/results?rid=357254&fullscreen=1&mini=0&pid=mapstr&primaryColor=FFC222&type=web"
Boubalé,"Rue des Archives, Paris, France",Paris,,,restaurant,,,4.2,646,48.8573066,2.354373,https://maps.google.com/?cid=17646922851684278211&g_mp=CiVnb29nbGUubWFwcy5wbGFjZXMudjEuUGxhY2VzLkdldFBsYWNlEAIYBCAA,https://www.legrandmazarin.com/restaurant/,https://thefork.fr/restaurant/boubale-r831784/?cc=24751-923,"Type: Mediterranean Restaurant
Google: 4.2 (646 reviews)
Food types: restaurant
Tags: Israeli, Gastro / higher end
Google Maps: https://maps.google.com/?cid=17646922851684278211&g_mp=CiVnb29nbGUubWFwcy5wbGFjZXMudjEuUGxhY2VzLkdldFBsYWNlEAIYBCAA
Website: https://www.legrandmazarin.com/restaurant/
Booking: https://thefork.fr/restaurant/boubale-r831784/?cc=24751-923"
Bouche Paris,"85 Rue Jean-Pierre Timbaud, 75011 Paris, France",Paris,11e,,restaurant,,,4.4,734,48.8681640625,2.378389835357666,https://maps.google.com/?cid=3394036764812937916&g_mp=CiVnb29nbGUubWFwcy5wbGFjZXMudjEuUGxhY2VzLkdldFBsYWNlEAIYBCAA,http://www.boucheparis.com/,,"Type: Restaurant
Arrondissement: 11e
Google: 4.4 (734 reviews)
Food types: restaurant
Tags: Restaurant
Google Maps: https://maps.google.com/?cid=3394036764812937916&g_mp=CiVnb29nbGUubWFwcy5wbGFjZXMudjEuUGxhY2VzLkdldFBsYWNlEAIYBCAA
Website: http://www.boucheparis.com/"
Bouillon Pigalle,"22 Bd de Clichy, 75018 Paris, France",Paris,18e,,restaurant,,€,4.6,54956,48.8826517,2.3374635,https://maps.google.com/?cid=7799438763248845030&g_mp=CiVnb29nbGUubWFwcy5wbGFjZXMudjEuUGxhY2VzLkdldFBsYWNlEAIYBCAA,http://www.bouillonpigalle.com/,https://bookings.zenchef.com/results?rid=357951&fullscreen=1&mini=0&pid=mapstr&primaryColor=FFC222&type=web,"Type: French Restaurant
Arrondissement: 18e
Price: €
Google: 4.6 (54,956 reviews)
Food types: restaurant
Tags: Bistrot, Trendy, For groups
Google summary: Popular casual bistro serving traditional French mains & desserts with house wines by the glass.
Google Maps: https://maps.google.com/?cid=7799438763248845030&g_mp=CiVnb29nbGUubWFwcy5wbGFjZXMudjEuUGxhY2VzLkdldFBsYWNlEAIYBCAA
Website: http://www.bouillonpigalle.com/
Booking: https://bookings.zenchef.com/results?rid=357951&fullscreen=1&mini=0&pid=mapstr&primaryColor=FFC222&type=web"
Boulangerie,"13 Rue Cadet, 75009 Paris, France",Paris,9e,,restaurant,,€€,4.4,299,48.8755167,2.343369899999999,https://maps.google.com/?cid=12541170230470845179&g_mp=CiVnb29nbGUubWFwcy5wbGFjZXMudjEuUGxhY2VzLkdldFBsYWNlEAIYBCAA,,,"Type: Bakery
Arrondissement: 9e
Price: €€
Google: 4.4 (299 reviews)
Food types: restaurant
Tags: Bakery
Google Maps: https://maps.google.com/?cid=12541170230470845179&g_mp=CiVnb29nbGUubWFwcy5wbGFjZXMudjEuUGxhY2VzLkdldFBsYWNlEAIYBCAA"
Boulangerie Chambelland,14 rue Ternaux Paris 75011,Paris,11e,,restaurant,,€€,4.4,1544,48.86441929999999,2.3733822,https://maps.google.com/?cid=9476269460468780158&g_mp=CiVnb29nbGUubWFwcy5wbGFjZXMudjEuUGxhY2VzLkdldFBsYWNlEAIYBCAA,http://www.chambelland.com/,,"Type: Bakery
Arrondissement: 11e
Price: €€
Google: 4.4 (1,544 reviews)
Food types: restaurant
Tags: Bakery, Healthy
Google Maps: https://maps.google.com/?cid=9476269460468780158&g_mp=CiVnb29nbGUubWFwcy5wbGFjZXMudjEuUGxhY2VzLkdldFBsYWNlEAIYBCAA
Website: http://www.chambelland.com/"
Boulangerie Utopie,"France, 20 Rue Jean-Pierre Timbaud, 75011 Paris, France",Paris,11e,,restaurant,,,,,48.86536979999999,2.3687483,https://www.google.com/maps/search/?api=1&query=Boulangerie%20Utopie%2C%20Paris%2C%20France,,,"Arrondissement: 11e
Food types: restaurant
Tags: Pastry, ❤️, Bakery, Healthy
Google Maps: https://www.google.com/maps/search/?api=1&query=Boulangerie%20Utopie%2C%20Paris%2C%20France"
Boulangerie bo,"85bis Rue de Charenton, 75012 Paris, France",Paris,12e,,restaurant,,,,,48.849097,2.374982999999999,https://www.google.com/maps/search/?api=1&query=Boulangerie%20bo%2C%20Paris%2C%20France,https://www.instagram.com/boulangeriebo/?hl=fr,,"Arrondissement: 12e
Food types: restaurant
Tags: Bakery
Google Maps: https://www.google.com/maps/search/?api=1&query=Boulangerie%20bo%2C%20Paris%2C%20France
Website: https://www.instagram.com/boulangeriebo/?hl=fr"
Boutique Pralus Paris Cler,"44 Rue Cler, 75007 Paris, France",Paris,7e,,restaurant,,,,,48.8562216,2.3065555,https://www.google.com/maps/search/?api=1&query=Boutique%20Pralus%20Paris%20Cler%2C%20Paris%2C%20France,http://www.chocolats-pralus.com/,,"Arrondissement: 7e
Food types: restaurant
Tags: Chocolat
Google Maps: https://www.google.com/maps/search/?api=1&query=Boutique%20Pralus%20Paris%20Cler%2C%20Paris%2C%20France
Website: http://www.chocolats-pralus.com/"
Boutique Pralus Paris Rambuteau,"35 Rue Rambuteau, 75004 Paris, France",Paris,4e,,shopping,,,,,48.86102709999999,2.3538504,https://www.google.com/maps/search/?api=1&query=Boutique%20Pralus%20Paris%20Rambuteau%2C%20Paris%2C%20France,http://www.chocolats-pralus.com/,,"Arrondissement: 4e
Food types: shopping
Tags: Chocolat
Google Maps: https://www.google.com/maps/search/?api=1&query=Boutique%20Pralus%20Paris%20Rambuteau%2C%20Paris%2C%20France
Website: http://www.chocolats-pralus.com/"
Brasserie Barbès,"2 Boulevard Barbès, 75018 Paris, France",Paris,18e,,restaurant,,€€,4.5,7281,48.8839705,2.3497069,https://maps.google.com/?cid=10803593479356726709&g_mp=CiVnb29nbGUubWFwcy5wbGFjZXMudjEuUGxhY2VzLkdldFBsYWNlEAIYBCAA,http://brasseriebarbes.com/,https://bookings.zenchef.com/results?rid=349532&fullscreen=1&mini=0&pid=mapstr&primaryColor=FFC222&type=web,"Type: Restaurant
Arrondissement: 18e
Price: €€
Google: 4.5 (7,281 reviews)
Food types: restaurant
Tags: Frenchie, Restaurant, Rooftop
Google summary: Bar & restaurant with an industrial-chic look, popular for cocktails & steaks on a courtyard patio.
Google Maps: https://maps.google.com/?cid=10803593479356726709&g_mp=CiVnb29nbGUubWFwcy5wbGFjZXMudjEuUGxhY2VzLkdldFBsYWNlEAIYBCAA
Website: http://brasseriebarbes.com/
Booking: https://bookings.zenchef.com/results?rid=349532&fullscreen=1&mini=0&pid=mapstr&primaryColor=FFC222&type=web"
Brasserie Des Prés,"6 Cr du Commerce Saint-André, 75006 Paris, France",Paris,6e,,restaurant,,€€,4.7,8065,48.8526663,2.3393167,https://maps.google.com/?cid=12232674330008008055&g_mp=CiVnb29nbGUubWFwcy5wbGFjZXMudjEuUGxhY2VzLkdldFBsYWNlEAIYBCAA,http://lanouvellegarde.com/,https://www.sevenrooms.com/explore/brasseriedespres/reservations/create/search/?venues=brasseriedespres%2Cbrasseriecharlie%2Cbrasseriedubillot%2Cbrasseriebellanger%2Cbrasseriemartin,"Type: French Restaurant
Arrondissement: 6e
Price: €€
Google: 4.7 (8,065 reviews)
Food types: restaurant
Tags: Bistrot, Restaurant
Google Maps: https://maps.google.com/?cid=12232674330008008055&g_mp=CiVnb29nbGUubWFwcy5wbGFjZXMudjEuUGxhY2VzLkdldFBsYWNlEAIYBCAA
Website: http://lanouvellegarde.com/
Booking: https://www.sevenrooms.com/explore/brasseriedespres/reservations/create/search/?venues=brasseriedespres%2Cbrasseriecharlie%2Cbrasseriedubillot%2Cbrasseriebellanger%2Cbrasseriemartin"
Brasserie Rosie,"53 Rue du Faubourg Saint-Antoine, Paris 75011",Paris,11e,,restaurant,,€€,4.7,7670,48.8522001,2.3730884,https://maps.google.com/?cid=48587829753716931&g_mp=CiVnb29nbGUubWFwcy5wbGFjZXMudjEuUGxhY2VzLkdldFBsYWNlEAIYBCAA,https://brasseriesalamode.com/brasserie-rosie,https://bookings.zenchef.com/results?rid=355132&fullscreen=1&mini=0&pid=mapstr&primaryColor=FFC222&type=web,"Type: Restaurant
Arrondissement: 11e
Price: €€
Google: 4.7 (7,670 reviews)
Food types: restaurant
Tags: Frenchie, For groups
Google summary: Hip locale with a vintage vibe serving traditional cuisine with a twist, plus cocktails.
Google Maps: https://maps.google.com/?cid=48587829753716931&g_mp=CiVnb29nbGUubWFwcy5wbGFjZXMudjEuUGxhY2VzLkdldFBsYWNlEAIYBCAA
Website: https://brasseriesalamode.com/brasserie-rosie
Booking: https://bookings.zenchef.com/results?rid=355132&fullscreen=1&mini=0&pid=mapstr&primaryColor=FFC222&type=web"
Buffet,"11 Rue Muller, 75018 Paris, France",Paris,18e,,restaurant,,,4.9,325,48.8865049,2.3461488,https://maps.google.com/?cid=6869460195017059736&g_mp=CiVnb29nbGUubWFwcy5wbGFjZXMudjEuUGxhY2VzLkdldFBsYWNlEAIYBCAA,https://www.instagram.com/buffetsandwicheriefine/,,"Type: Bakery
Arrondissement: 18e
Google: 4.9 (325 reviews)
Food types: restaurant
Tags: Street food
Google Maps: https://maps.google.com/?cid=6869460195017059736&g_mp=CiVnb29nbGUubWFwcy5wbGFjZXMudjEuUGxhY2VzLkdldFBsYWNlEAIYBCAA
Website: https://www.instagram.com/buffetsandwicheriefine/"
Buvette Paris,"28 Rue Henry Monnier, 75009 Paris, France",Paris,9e,,"restaurant, brunch",,,,,48.8804588,2.3376954,https://www.google.com/maps/search/?api=1&query=Buvette%20Paris%2C%20Paris%2C%20France,http://www.ilovebuvette.com/,https://bookings.zenchef.com/results?rid=361281&fullscreen=1&mini=0&pid=mapstr&primaryColor=FFC222&type=web,"Arrondissement: 9e
Food types: restaurant, brunch
Tags: Brunch, Restaurant, Healthy
Google Maps: https://www.google.com/maps/search/?api=1&query=Buvette%20Paris%2C%20Paris%2C%20France
Website: http://www.ilovebuvette.com/
Booking: https://bookings.zenchef.com/results?rid=361281&fullscreen=1&mini=0&pid=mapstr&primaryColor=FFC222&type=web"
C.a.m Sté,"55 Rue au Maire, 75003 Paris, France",Paris,3e,,restaurant,,,,,48.8649869,2.3548853,https://www.google.com/maps/search/?api=1&query=C.a.m%20St%C3%A9%2C%20Paris%2C%20France,http://jeanmichelthirion.blogspot.fr,,"Arrondissement: 3e
Food types: restaurant
Tags: Asian, Restaurant, Trendy
Google Maps: https://www.google.com/maps/search/?api=1&query=C.a.m%20St%C3%A9%2C%20Paris%2C%20France
Website: http://jeanmichelthirion.blogspot.fr"
CAFE SHIN,"47 R. des Petites Écuries, 75010 Paris, France",Paris,10e,,cafe,,,4.7,255,48.8737443,2.3511629,https://maps.google.com/?cid=2374647687380210316&g_mp=CiVnb29nbGUubWFwcy5wbGFjZXMudjEuUGxhY2VzLkdldFBsYWNlEAIYBCAA,https://www.cafeshin.fr/,,"Type: Coffee Shop
Arrondissement: 10e
Google: 4.7 (255 reviews)
Food types: cafe
Tags: Cafe, Korean
Google Maps: https://maps.google.com/?cid=2374647687380210316&g_mp=CiVnb29nbGUubWFwcy5wbGFjZXMudjEuUGxhY2VzLkdldFBsYWNlEAIYBCAA
Website: https://www.cafeshin.fr/"
CHOUKRAN,"Rue Saint-Georges, Paris, France",Paris,,,restaurant,,,4.8,4432,48.87644195556641,2.336928606033325,https://maps.google.com/?cid=3902433684930978561&g_mp=CiVnb29nbGUubWFwcy5wbGFjZXMudjEuUGxhY2VzLkdldFBsYWNlEAIYBCAA,http://www.choukran.fr/,https://bookings.zenchef.com/results?rid=367766&fullscreen=1&mini=0&pid=mapstr&primaryColor=FFC222&type=web,"Type: Moroccan Restaurant
Google: 4.8 (4,432 reviews)
Food types: restaurant
Tags: Moroccan
Google Maps: https://maps.google.com/?cid=3902433684930978561&g_mp=CiVnb29nbGUubWFwcy5wbGFjZXMudjEuUGxhY2VzLkdldFBsYWNlEAIYBCAA
Website: http://www.choukran.fr/
Booking: https://bookings.zenchef.com/results?rid=367766&fullscreen=1&mini=0&pid=mapstr&primaryColor=FFC222&type=web"
COMER parís.méxico,"96 Rue d'Hauteville, 75010 Paris, France",Paris,10e,,restaurant,,,4.8,688,48.8773422,2.3516751,https://maps.google.com/?cid=11957433795774863061&g_mp=CiVnb29nbGUubWFwcy5wbGFjZXMudjEuUGxhY2VzLkdldFBsYWNlEAIYBCAA,https://www.parismexico.fr/comer-parismexico?utm_source=mapstr&utm_medium=wix_google_business_profile&utm_campaign=5541708684634353227,https://bookings.zenchef.com/results?rid=362190&fullscreen=1&mini=0&pid=mapstr&primaryColor=FFC222&type=web,"Type: Mexican Restaurant
Arrondissement: 10e
Google: 4.8 (688 reviews)
Food types: restaurant
Tags: Street food, Mexican, Restaurant
Google Maps: https://maps.google.com/?cid=11957433795774863061&g_mp=CiVnb29nbGUubWFwcy5wbGFjZXMudjEuUGxhY2VzLkdldFBsYWNlEAIYBCAA
Website: https://www.parismexico.fr/comer-parismexico?utm_source=mapstr&utm_medium=wix_google_business_profile&utm_campaign=5541708684634353227
Booking: https://bookings.zenchef.com/results?rid=362190&fullscreen=1&mini=0&pid=mapstr&primaryColor=FFC222&type=web"
CRAVAN Paris 16e,"17 Rue Jean de la Fontaine, 75016 Paris, France",Paris,16e,,bar,,,4.6,210,48.8516434,2.273866,https://maps.google.com/?cid=15738103246510818055&g_mp=CiVnb29nbGUubWFwcy5wbGFjZXMudjEuUGxhY2VzLkdldFBsYWNlEAIYBCAA,https://instagram.com/cravanparis?utm_medium=copy_link,,"Type: Cocktail Bar
Arrondissement: 16e
Google: 4.6 (210 reviews)
Food types: bar
Tags: Restaurant, Bistrot, Trendy
Google Maps: https://maps.google.com/?cid=15738103246510818055&g_mp=CiVnb29nbGUubWFwcy5wbGFjZXMudjEuUGxhY2VzLkdldFBsYWNlEAIYBCAA
Website: https://instagram.com/cravanparis?utm_medium=copy_link"
CRAVAN Paris 6e,"165 Bd Saint-Germain, 75006 Paris, France",Paris,6e,,bar,,,4.5,346,48.85396129999999,2.331303300000001,https://maps.google.com/?cid=17008770643852748109&g_mp=CiVnb29nbGUubWFwcy5wbGFjZXMudjEuUGxhY2VzLkdldFBsYWNlEAIYBCAA,,https://www.sevenrooms.com/reservations/cravanparis/mapstr,"Type: Cocktail Bar
Arrondissement: 6e
Google: 4.5 (346 reviews)
Food types: bar
Tags: Cocktails, Concept-store, Restaurant
Google Maps: https://maps.google.com/?cid=17008770643852748109&g_mp=CiVnb29nbGUubWFwcy5wbGFjZXMudjEuUGxhY2VzLkdldFBsYWNlEAIYBCAA
Booking: https://www.sevenrooms.com/reservations/cravanparis/mapstr"
Caché,"13 Villa Riberolle, 75020 Paris, France",Paris,20e,,restaurant,,,4,604,48.8578452,2.396562099999999,https://maps.google.com/?cid=12174620226242512312&g_mp=CiVnb29nbGUubWFwcy5wbGFjZXMudjEuUGxhY2VzLkdldFBsYWNlEAIYBCAA,https://www.cache-paris.com/,https://bookings.zenchef.com/results?rid=353214&fullscreen=1&mini=0&pid=mapstr&primaryColor=FFC222&type=web,"Type: Restaurant
Arrondissement: 20e
Google: 4.0 (604 reviews)
Food types: restaurant
Tags: ❤️, Restaurant, Trendy, Fish
Google summary: Innovative, seasonal fish & seafood dishes inspired by the Mediterranean in a chic, dark-hued space.
Google Maps: https://maps.google.com/?cid=12174620226242512312&g_mp=CiVnb29nbGUubWFwcy5wbGFjZXMudjEuUGxhY2VzLkdldFBsYWNlEAIYBCAA
Website: https://www.cache-paris.com/
Booking: https://bookings.zenchef.com/results?rid=353214&fullscreen=1&mini=0&pid=mapstr&primaryColor=FFC222&type=web"
Cafe Kitsune,"51 Galerie de Montpensier, 75001 Paris, France",Paris,1er,,cafe,,€€,4,1475,48.86546,2.337298,https://maps.google.com/?cid=5454067254771987156&g_mp=CiVnb29nbGUubWFwcy5wbGFjZXMudjEuUGxhY2VzLkdldFBsYWNlEAIYBCAA,http://kitsune.fr/,,"Type: Coffee Shop
Arrondissement: 1er
Price: €€
Google: 4.0 (1,475 reviews)
Food types: cafe
Tags: Cafe
Google Maps: https://maps.google.com/?cid=5454067254771987156&g_mp=CiVnb29nbGUubWFwcy5wbGFjZXMudjEuUGxhY2VzLkdldFBsYWNlEAIYBCAA
Website: http://kitsune.fr/"
Caffè Stern,"47 Pass. des Panoramas, 75002 Paris, France",Paris,2e,,restaurant,,€€€,4.4,459,48.8708944,2.3415247,https://maps.google.com/?cid=6345358125428023509&g_mp=CiVnb29nbGUubWFwcy5wbGFjZXMudjEuUGxhY2VzLkdldFBsYWNlEAIYBCAA,https://www.alajmo.it/en/sezione/caffe-stern/caffe-stern,https://thefork.fr/restaurant/stern-ristorante-r345083/?cc=24751-923,"Type: Italian Restaurant
Arrondissement: 2e
Price: €€€
Google: 4.4 (459 reviews)
Food types: restaurant
Tags: Restaurant, Gastro / higher end, Italian
Google Maps: https://maps.google.com/?cid=6345358125428023509&g_mp=CiVnb29nbGUubWFwcy5wbGFjZXMudjEuUGxhY2VzLkdldFBsYWNlEAIYBCAA
Website: https://www.alajmo.it/en/sezione/caffe-stern/caffe-stern
Booking: https://thefork.fr/restaurant/stern-ristorante-r345083/?cc=24751-923"
Café Artcurial,"7 Rond-Point des Champs-Élysées Marcel-Dassault, 75008 Paris, France",Paris,8e,,restaurant,,,,,48.8686407,2.3088967,https://www.google.com/maps/search/?api=1&query=Caf%C3%A9%20Artcurial%2C%20Paris%2C%20France,http://www.cafeartcurial.fr/,,"Arrondissement: 8e
Food types: restaurant
Tags: Restaurant, Italian
Google Maps: https://www.google.com/maps/search/?api=1&query=Caf%C3%A9%20Artcurial%2C%20Paris%2C%20France
Website: http://www.cafeartcurial.fr/"
Café Jacquemart-André,158 boulevard Haussmann Musée Jacquemart-André Paris 75008,Paris,8e,,museum,,,,,48.8754357,2.3104873,https://www.google.com/maps/search/?api=1&query=Caf%C3%A9%20Jacquemart-Andr%C3%A9%2C%20Paris%2C%20France,http://www.musee-jacquemart-andre.com/,,"Arrondissement: 8e
Food types: museum
Tags: Museum
Google Maps: https://www.google.com/maps/search/?api=1&query=Caf%C3%A9%20Jacquemart-Andr%C3%A9%2C%20Paris%2C%20France
Website: http://www.musee-jacquemart-andre.com/"
Café Kitsuné Opéra,"Avenue de l'Opéra, Paris, France",Paris,,,cafe,,,4.3,468,48.8667281,2.3339383,https://maps.google.com/?cid=18240965835167052985&g_mp=CiVnb29nbGUubWFwcy5wbGFjZXMudjEuUGxhY2VzLkdldFBsYWNlEAIYBCAA,https://maisonkitsune.com/fr/storelocator-cafe-kitsune-opera,https://media.maisonkitsune.com/media/contentmanager/content/CK_MENU_WITH_PICTURES_OPERA.pdf,"Type: Coffee Shop
Google: 4.3 (468 reviews)
Food types: cafe
Tags: Cafe
Google Maps: https://maps.google.com/?cid=18240965835167052985&g_mp=CiVnb29nbGUubWFwcy5wbGFjZXMudjEuUGxhY2VzLkdldFBsYWNlEAIYBCAA
Website: https://maisonkitsune.com/fr/storelocator-cafe-kitsune-opera
Booking: https://media.maisonkitsune.com/media/contentmanager/content/CK_MENU_WITH_PICTURES_OPERA.pdf"
Café Kitsuné Vertbois,"30 Rue du Vertbois, 75003 Paris, France",Paris,3e,,cafe,,,4.5,248,48.8669942,2.3584299,https://maps.google.com/?cid=16919465094380217690&g_mp=CiVnb29nbGUubWFwcy5wbGFjZXMudjEuUGxhY2VzLkdldFBsYWNlEAIYBCAA,https://www.maisonkitsune.com/mk/fr/trouver-un-cafe/,https://maisonkitsune.com/mk/wp-content/uploads/2023/08/palaisroyal-tuilerie-vertbois_menu_digital.pdf,"Type: Cafe
Arrondissement: 3e
Google: 4.5 (248 reviews)
Food types: cafe
Tags: Cafe
Google Maps: https://maps.google.com/?cid=16919465094380217690&g_mp=CiVnb29nbGUubWFwcy5wbGFjZXMudjEuUGxhY2VzLkdldFBsYWNlEAIYBCAA
Website: https://www.maisonkitsune.com/mk/fr/trouver-un-cafe/
Booking: https://maisonkitsune.com/mk/wp-content/uploads/2023/08/palaisroyal-tuilerie-vertbois_menu_digital.pdf"
Café Lacoste,"16 Av. Franklin Delano Roosevelt, 75008 Paris, France",Paris,8e,,cafe,,,4.3,165,48.8712974,2.3102164,https://maps.google.com/?cid=3037442626762535340&g_mp=CiVnb29nbGUubWFwcy5wbGFjZXMudjEuUGxhY2VzLkdldFBsYWNlEAIYBCAA,https://linktr.ee/lecafelacoste,,"Type: Coffee Shop
Arrondissement: 8e
Google: 4.3 (165 reviews)
Food types: cafe
Tags: Cafe
Google Maps: https://maps.google.com/?cid=3037442626762535340&g_mp=CiVnb29nbGUubWFwcy5wbGFjZXMudjEuUGxhY2VzLkdldFBsYWNlEAIYBCAA
Website: https://linktr.ee/lecafelacoste"
Café Moco,"177 Boulevard Voltaire, 75011 Paris, France",Paris,11e,,"cafe, brunch",,,,,48.854237,2.386467,https://www.google.com/maps/search/?api=1&query=Caf%C3%A9%20Moco%2C%20Paris%2C%20France,http://lesparisdelaura.fr/2018/03/brunch-cafe-moco-paris-11/,https://thefork.fr/restaurant/cafe-moco-r826033/?cc=24751-923,"Arrondissement: 11e
Food types: cafe, brunch
Tags: Brunch, Breakfast
Google Maps: https://www.google.com/maps/search/?api=1&query=Caf%C3%A9%20Moco%2C%20Paris%2C%20France
Website: http://lesparisdelaura.fr/2018/03/brunch-cafe-moco-paris-11/
Booking: https://thefork.fr/restaurant/cafe-moco-r826033/?cc=24751-923"
Café Nuances,"Rue de la Tremoille, Paris, France",Paris,,,cafe,,,4.5,385,48.8664739,2.3023965,https://maps.google.com/?cid=5133966221395679624&g_mp=CiVnb29nbGUubWFwcy5wbGFjZXMudjEuUGxhY2VzLkdldFBsYWNlEAIYBCAA,https://www.cafenuances.com/,,"Type: Coffee Shop
Google: 4.5 (385 reviews)
Food types: cafe
Tags: Cafe
Google Maps: https://maps.google.com/?cid=5133966221395679624&g_mp=CiVnb29nbGUubWFwcy5wbGFjZXMudjEuUGxhY2VzLkdldFBsYWNlEAIYBCAA
Website: https://www.cafenuances.com/"
Café Nuances,"22 Rue du Vieux Colombier, 75006 Paris, France",Paris,6e,,cafe,,,4.3,254,48.8519692,2.3302263,https://maps.google.com/?cid=4005257306073081697&g_mp=CiVnb29nbGUubWFwcy5wbGFjZXMudjEuUGxhY2VzLkdldFBsYWNlEAIYBCAA,http://www.cafenuances.com/,,"Type: Coffee Shop
Arrondissement: 6e
Google: 4.3 (254 reviews)
Food types: cafe
Tags: Cafe
Google Maps: https://maps.google.com/?cid=4005257306073081697&g_mp=CiVnb29nbGUubWFwcy5wbGFjZXMudjEuUGxhY2VzLkdldFBsYWNlEAIYBCAA
Website: http://www.cafenuances.com/"
Café Nuances,"25 Rue Danielle Casanova, 75001 Paris, France",Paris,1er,,cafe,,,4.4,1169,48.86791610717773,2.331461906433105,https://maps.google.com/?cid=11278543822870272525&g_mp=CiVnb29nbGUubWFwcy5wbGFjZXMudjEuUGxhY2VzLkdldFBsYWNlEAIYBCAA,https://cafenuances.com/,,"Type: Coffee Shop
Arrondissement: 1er
Google: 4.4 (1,169 reviews)
Food types: cafe
Tags: Cafe
Google summary: Upscale spot for refined specialty coffee/tea drinks, including detox, dirty chai & sesame versions.
Google Maps: https://maps.google.com/?cid=11278543822870272525&g_mp=CiVnb29nbGUubWFwcy5wbGFjZXMudjEuUGxhY2VzLkdldFBsYWNlEAIYBCAA
Website: https://cafenuances.com/"
Café Pavane,"22 Rue de Vaugirard, 75006 Paris, France",Paris,6e,,cafe,,,4.6,302,48.8494153,2.3379919,https://maps.google.com/?cid=14689186720988143763&g_mp=CiVnb29nbGUubWFwcy5wbGFjZXMudjEuUGxhY2VzLkdldFBsYWNlEAIYBCAA,http://www.cafepavane.fr/,,"Type: Tea House
Arrondissement: 6e
Google: 4.6 (302 reviews)
Food types: cafe
Tags: Cafe
Google Maps: https://maps.google.com/?cid=14689186720988143763&g_mp=CiVnb29nbGUubWFwcy5wbGFjZXMudjEuUGxhY2VzLkdldFBsYWNlEAIYBCAA
Website: http://www.cafepavane.fr/"
Café Pigalle,"7 Rue Frochot, 75009 Paris, France",Paris,9e,,cafe,,,4.6,252,48.8814973,2.3372601,https://maps.google.com/?cid=15400805800028871235&g_mp=CiVnb29nbGUubWFwcy5wbGFjZXMudjEuUGxhY2VzLkdldFBsYWNlEAIYBCAA,https://lepigalle.paris/cafe-pigalle/,,"Type: Cafe
Arrondissement: 9e
Google: 4.6 (252 reviews)
Food types: cafe
Tags: Cafe
Google Maps: https://maps.google.com/?cid=15400805800028871235&g_mp=CiVnb29nbGUubWFwcy5wbGFjZXMudjEuUGxhY2VzLkdldFBsYWNlEAIYBCAA
Website: https://lepigalle.paris/cafe-pigalle/"
Café Shin,"28 Bis Rue de Richelieu, 75001 Paris, France",Paris,1er,,cafe,,,4.7,121,48.8676817,2.3378996,https://maps.google.com/?cid=6903587351033288750&g_mp=CiVnb29nbGUubWFwcy5wbGFjZXMudjEuUGxhY2VzLkdldFBsYWNlEAIYBCAA,http://cafeshin.fr/,,"Type: Coffee Shop
Arrondissement: 1er
Google: 4.7 (121 reviews)
Food types: cafe
Tags: Cafe, Korean
Google Maps: https://maps.google.com/?cid=6903587351033288750&g_mp=CiVnb29nbGUubWFwcy5wbGFjZXMudjEuUGxhY2VzLkdldFBsYWNlEAIYBCAA
Website: http://cafeshin.fr/"
Café Singuliers,"2 Rue Titon, 75011 Paris, France",Paris,11e,,restaurant,,,4.4,461,48.8518786,2.3863914,https://maps.google.com/?cid=14412258830261405838&g_mp=CiVnb29nbGUubWFwcy5wbGFjZXMudjEuUGxhY2VzLkdldFBsYWNlEAIYBCAA,https://instagram.com/cafe.singuliers?igshid=OGQ5ZDc2ODk2ZA==,https://bookings.zenchef.com/results?rid=363074&fullscreen=1&mini=0&pid=mapstr&primaryColor=FFC222&type=web,"Type: Restaurant
Arrondissement: 11e
Google: 4.4 (461 reviews)
Food types: restaurant
Tags: ❤️, Restaurant
Google Maps: https://maps.google.com/?cid=14412258830261405838&g_mp=CiVnb29nbGUubWFwcy5wbGFjZXMudjEuUGxhY2VzLkdldFBsYWNlEAIYBCAA
Website: https://instagram.com/cafe.singuliers?igshid=OGQ5ZDc2ODk2ZA==
Booking: https://bookings.zenchef.com/results?rid=363074&fullscreen=1&mini=0&pid=mapstr&primaryColor=FFC222&type=web"
Café de Flore,"172 Boulevard Saint-Germain, 75006 Paris, Francia",Paris,6e,,cafe,,€€€,3.9,14034,48.8541588,2.3326046,https://maps.google.com/?cid=1782201546845549567&g_mp=CiVnb29nbGUubWFwcy5wbGFjZXMudjEuUGxhY2VzLkdldFBsYWNlEAIYBCAA,http://cafedeflore.fr/,,"Type: Coffee Shop
Arrondissement: 6e
Price: €€€
Google: 3.9 (14,034 reviews)
Food types: cafe
Tags: Bistrot
Google summary: Long-running coffeehouse & celebrity haunt serving familiar French fare in a charming corner locale.
Google Maps: https://maps.google.com/?cid=1782201546845549567&g_mp=CiVnb29nbGUubWFwcy5wbGFjZXMudjEuUGxhY2VzLkdldFBsYWNlEAIYBCAA
Website: http://cafedeflore.fr/"
Café des Ministères,"83 Rue de l'Université, 75007 Paris, France",Paris,7e,,restaurant,,€€,4.6,566,48.86064109999999,2.319291499999999,https://maps.google.com/?cid=7528679401092021829&g_mp=CiVnb29nbGUubWFwcy5wbGFjZXMudjEuUGxhY2VzLkdldFBsYWNlEAIYBCAA,http://www.cafedesministeres.fr/,https://bookings.zenchef.com/results?rid=352301&fullscreen=1&mini=0&pid=mapstr&primaryColor=FFC222&type=web,"Type: French Restaurant
Arrondissement: 7e
Price: €€
Google: 4.6 (566 reviews)
Food types: restaurant
Tags: Frenchie, Restaurant, Bistrot
Google summary: Creatively reinterpreted classic French dishes, plus regional wines, at an elegant bistro.
Google Maps: https://maps.google.com/?cid=7528679401092021829&g_mp=CiVnb29nbGUubWFwcy5wbGFjZXMudjEuUGxhY2VzLkdldFBsYWNlEAIYBCAA
Website: http://www.cafedesministeres.fr/
Booking: https://bookings.zenchef.com/results?rid=352301&fullscreen=1&mini=0&pid=mapstr&primaryColor=FFC222&type=web"
Café du Clown Coffee Shop,"Rue Lobineau, Paris, France",Paris,,,cafe,,,4.4,337,48.8517901,2.3362949,https://maps.google.com/?cid=409645432726194122&g_mp=CiVnb29nbGUubWFwcy5wbGFjZXMudjEuUGxhY2VzLkdldFBsYWNlEAIYBCAA,https://www.clownbar.fr/le-coffeeshop-caf%C3%A9-du-clown,,"Type: Coffee Shop
Google: 4.4 (337 reviews)
Food types: cafe
Tags: Cafe
Google Maps: https://maps.google.com/?cid=409645432726194122&g_mp=CiVnb29nbGUubWFwcy5wbGFjZXMudjEuUGxhY2VzLkdldFBsYWNlEAIYBCAA
Website: https://www.clownbar.fr/le-coffeeshop-caf%C3%A9-du-clown"
Café d’Auteur « Specialty Coffee Paris »,"39 Rue Mazarine, 75006 Paris, France",Paris,6e,,cafe,,,4.6,1054,48.8536067802,2.34285584596,https://maps.google.com/?cid=4796996324016611075&g_mp=CiVnb29nbGUubWFwcy5wbGFjZXMudjEuUGxhY2VzLkdldFBsYWNlEAIYBCAA,https://cafedauteur.com/,,"Type: Coffee Shop
Arrondissement: 6e
Google: 4.6 (1,054 reviews)
Food types: cafe
Tags: Cafe
Google Maps: https://maps.google.com/?cid=4796996324016611075&g_mp=CiVnb29nbGUubWFwcy5wbGFjZXMudjEuUGxhY2VzLkdldFBsYWNlEAIYBCAA
Website: https://cafedauteur.com/"
Cagnard,"5 Rue des Petits Hôtels, 75010 Paris, France",Paris,10e,,restaurant,,,4.9,174,48.8772765,2.3545051,https://maps.google.com/?cid=18294089130908118477&g_mp=CiVnb29nbGUubWFwcy5wbGFjZXMudjEuUGxhY2VzLkdldFBsYWNlEAIYBCAA,https://www.cagnard-restaurant.com/,http://www.opentable.fr/r/cagnard-paris?ref=17374,"Type: Restaurant
Arrondissement: 10e
Google: 4.9 (174 reviews)
Food types: restaurant
Tags: Restaurant
Google Maps: https://maps.google.com/?cid=18294089130908118477&g_mp=CiVnb29nbGUubWFwcy5wbGFjZXMudjEuUGxhY2VzLkdldFBsYWNlEAIYBCAA
Website: https://www.cagnard-restaurant.com/
Booking: http://www.opentable.fr/r/cagnard-paris?ref=17374"
Calice,"5 Rue de Bazeilles, 75005 Paris, France",Paris,5e,,bar,,,4.7,302,48.8390634,2.3502874,https://maps.google.com/?cid=18044735550169163759&g_mp=CiVnb29nbGUubWFwcy5wbGFjZXMudjEuUGxhY2VzLkdldFBsYWNlEAIYBCAA,http://www.calicerestaurant.fr/,,"Type: Restaurant
Arrondissement: 5e
Google: 4.7 (302 reviews)
Food types: bar
Tags: Restaurant
Google Maps: https://maps.google.com/?cid=18044735550169163759&g_mp=CiVnb29nbGUubWFwcy5wbGFjZXMudjEuUGxhY2VzLkdldFBsYWNlEAIYBCAA
Website: http://www.calicerestaurant.fr/"
Camille,"24 Rue des Francs Bourgeois, 75003 Paris, France",Paris,3e,,restaurant,,,,,48.8577648,2.3607054,https://www.google.com/maps/search/?api=1&query=Camille%2C%20Paris%2C%20France,https://eater.space/camille,https://bookings.zenchef.com/results?rid=361419&fullscreen=1&mini=0&pid=mapstr&primaryColor=FFC222&type=web,"Arrondissement: 3e
Food types: restaurant
Tags: Frenchie
Google Maps: https://www.google.com/maps/search/?api=1&query=Camille%2C%20Paris%2C%20France
Website: https://eater.space/camille
Booking: https://bookings.zenchef.com/results?rid=361419&fullscreen=1&mini=0&pid=mapstr&primaryColor=FFC222&type=web"
Cap'horn,"8 Rue de Birague, 75004 Paris, France",Paris,4e,,bar,,,,,48.8542789,2.3651031,https://www.google.com/maps/search/?api=1&query=Cap'horn%2C%20Paris%2C%20France,http://www.caphorninvest.com,,"Arrondissement: 4e
Food types: bar
Tags: Cocktail, Bar
Google Maps: https://www.google.com/maps/search/?api=1&query=Cap'horn%2C%20Paris%2C%20France
Website: http://www.caphorninvest.com"
Capturism Studio x Café,"Rue Mabillon, Paris, France",Paris,,,cafe,,,4.5,56,48.86741899999999,2.3361946,https://maps.google.com/?cid=3035270182921948125&g_mp=CiVnb29nbGUubWFwcy5wbGFjZXMudjEuUGxhY2VzLkdldFBsYWNlEAIYBCAA,https://instagram.com/capturism.studio/,,"Type: Coffee Shop
Google: 4.5 (56 reviews)
Food types: cafe
Tags: Cafe
Google Maps: https://maps.google.com/?cid=3035270182921948125&g_mp=CiVnb29nbGUubWFwcy5wbGFjZXMudjEuUGxhY2VzLkdldFBsYWNlEAIYBCAA
Website: https://instagram.com/capturism.studio/"
Carboni’s,"45 Rue de Poitou, 75003 Paris, France",Paris,3e,,restaurant,,,,,48.8616657,2.3613013,https://www.google.com/maps/search/?api=1&query=Carboni%E2%80%99s%2C%20Paris%2C%20France,http://www.carbonisparis.com/,https://bookings.zenchef.com/results?rid=348720&fullscreen=1&mini=0&pid=mapstr&primaryColor=FFC222&type=web,"Arrondissement: 3e
Food types: restaurant
Tags: Bistrot, Trendy
Google Maps: https://www.google.com/maps/search/?api=1&query=Carboni%E2%80%99s%2C%20Paris%2C%20France
Website: http://www.carbonisparis.com/
Booking: https://bookings.zenchef.com/results?rid=348720&fullscreen=1&mini=0&pid=mapstr&primaryColor=FFC222&type=web"
Casa Bini,"36 Rue Grégoire de Tours, 75006 Paris, France",Paris,6e,,restaurant,,€€,4.3,649,48.8522566,2.3374977,https://maps.google.com/?cid=8410390317281821262&g_mp=CiVnb29nbGUubWFwcy5wbGFjZXMudjEuUGxhY2VzLkdldFBsYWNlEAIYBCAA,http://www.casabini.fr/,https://bookings.zenchef.com/results?rid=2402&fullscreen=1&mini=0&pid=mapstr&primaryColor=FFC222&type=web,"Type: Italian Restaurant
Arrondissement: 6e
Price: €€
Google: 4.3 (649 reviews)
Food types: restaurant
Tags: Italian, Restaurant
Google summary: Daily menus featuring elegant Italian starters & desserts, plus pasta dishes, in a wood-beamed stop.
Google Maps: https://maps.google.com/?cid=8410390317281821262&g_mp=CiVnb29nbGUubWFwcy5wbGFjZXMudjEuUGxhY2VzLkdldFBsYWNlEAIYBCAA
Website: http://www.casabini.fr/
Booking: https://bookings.zenchef.com/results?rid=2402&fullscreen=1&mini=0&pid=mapstr&primaryColor=FFC222&type=web"
Casa Pregonda,"6 Rue Marie Stuart, 75002 Paris, France",Paris,2e,,restaurant,,,4.6,393,48.865092,2.3482403,https://maps.google.com/?cid=18148597972882984252&g_mp=CiVnb29nbGUubWFwcy5wbGFjZXMudjEuUGxhY2VzLkdldFBsYWNlEAIYBCAA,https://www.casapregonda.com/?utm_source=mapstr&utm_medium=organic&utm_campaign=mybusiness-website,,"Type: Restaurant
Arrondissement: 2e
Google: 4.6 (393 reviews)
Food types: restaurant
Tags: Restaurant
Google Maps: https://maps.google.com/?cid=18148597972882984252&g_mp=CiVnb29nbGUubWFwcy5wbGFjZXMudjEuUGxhY2VzLkdldFBsYWNlEAIYBCAA
Website: https://www.casapregonda.com/?utm_source=mapstr&utm_medium=organic&utm_campaign=mybusiness-website"
Castille Paris - restaurant L'Assaggio,"33 Rue Cambon, 75001 Paris, France",Paris,1er,,restaurant,,,4.4,175,48.868336,2.326873,https://maps.google.com/?cid=6124682048026732297&g_mp=CiVnb29nbGUubWFwcy5wbGFjZXMudjEuUGxhY2VzLkdldFBsYWNlEAIYBCAA,http://www.castille.com,https://thefork.fr/restaurant/l-assaggio-castille-paris-r6120/?cc=24751-923,"Type: Italian Restaurant
Arrondissement: 1er
Google: 4.4 (175 reviews)
Food types: restaurant
Tags: Italian, Restaurant, Terrasse
Google Maps: https://maps.google.com/?cid=6124682048026732297&g_mp=CiVnb29nbGUubWFwcy5wbGFjZXMudjEuUGxhY2VzLkdldFBsYWNlEAIYBCAA
Website: http://www.castille.com
Booking: https://thefork.fr/restaurant/l-assaggio-castille-paris-r6120/?cc=24751-923"
Castor Club,"14 Rue Hautefeuille, 75006 Paris, France",Paris,6e,,bar,,,,,48.85198119999999,2.342347,https://www.google.com/maps/search/?api=1&query=Castor%20Club%2C%20Paris%2C%20France,http://www.facebook.com/pages/Castor-Club/131753693594498?sk=info,,"Arrondissement: 6e
Food types: bar
Tags: SH, Cocktail
Google Maps: https://www.google.com/maps/search/?api=1&query=Castor%20Club%2C%20Paris%2C%20France
Website: http://www.facebook.com/pages/Castor-Club/131753693594498?sk=info"
Cavalier,"22 Rue du Faubourg du Temple, 75011 Paris, France",Paris,11e,,bar,,,4.7,592,48.86842,2.36643,https://maps.google.com/?cid=13180615431601614904&g_mp=CiVnb29nbGUubWFwcy5wbGFjZXMudjEuUGxhY2VzLkdldFBsYWNlEAIYBCAA,https://www.pariscavalier.fr/,https://www.pariscavalier.fr/contact-reservations,"Type: Eastern European Restaurant
Arrondissement: 11e
Google: 4.7 (592 reviews)
Food types: bar
Tags: Bar, Restaurant, Trendy
Google summary: Bistro meals & classic cocktails whipped up in a convivial space with a rustic look.
Google Maps: https://maps.google.com/?cid=13180615431601614904&g_mp=CiVnb29nbGUubWFwcy5wbGFjZXMudjEuUGxhY2VzLkdldFBsYWNlEAIYBCAA
Website: https://www.pariscavalier.fr/
Booking: https://www.pariscavalier.fr/contact-reservations"
Centre Georges Pompidou,"Place Georges-Pompidou, 75004 Paris, Frankreich",Paris,4e,,museum,,,,,48.86064200000001,2.352245,https://www.google.com/maps/search/?api=1&query=Centre%20Georges%20Pompidou%2C%20Paris%2C%20France,http://www.centrepompidou.fr/,,"Arrondissement: 4e
Food types: museum
Tags: Museum
Google Maps: https://www.google.com/maps/search/?api=1&query=Centre%20Georges%20Pompidou%2C%20Paris%2C%20France
Website: http://www.centrepompidou.fr/"
Cezembre Restaurant,"17 Rue Grégoire de Tours, 75006 Paris, France",Paris,6e,,restaurant,,,,,48.8530454,2.3378775,https://www.google.com/maps/search/?api=1&query=Cezembre%20Restaurant%2C%20Paris%2C%20France,http://www.cezembrerestaurant.com/en/,https://bookings.zenchef.com/results?rid=349109&fullscreen=1&mini=0&pid=mapstr&primaryColor=FFC222&type=web,"Arrondissement: 6e
Food types: restaurant
Tags: Restaurant
Google Maps: https://www.google.com/maps/search/?api=1&query=Cezembre%20Restaurant%2C%20Paris%2C%20France
Website: http://www.cezembrerestaurant.com/en/
Booking: https://bookings.zenchef.com/results?rid=349109&fullscreen=1&mini=0&pid=mapstr&primaryColor=FFC222&type=web"
Chambre Noire STUDIO,"4 Bd Jules Ferry, 75011 Paris, France",Paris,11e,,bar,,€€,4.2,285,48.8670074,2.3691792,https://maps.google.com/?cid=2391278617656299337&g_mp=CiVnb29nbGUubWFwcy5wbGFjZXMudjEuUGxhY2VzLkdldFBsYWNlEAIYBCAA,https://www.facebook.com/chambrenoireparis/,,"Type: Wine Bar
Arrondissement: 11e
Price: €€
Google: 4.2 (285 reviews)
Food types: bar
Tags: Wine bar, Cocktail, Bar
Google Maps: https://maps.google.com/?cid=2391278617656299337&g_mp=CiVnb29nbGUubWFwcy5wbGFjZXMudjEuUGxhY2VzLkdldFBsYWNlEAIYBCAA
Website: https://www.facebook.com/chambrenoireparis/"
Charcuterie Arnaud Nicolas Lévis,"8 R. de Lévis, 75017 Paris, France",Paris,17e,,generic,,,,,48.8818624,2.3161397,https://www.google.com/maps/search/?api=1&query=Charcuterie%20Arnaud%20Nicolas%20L%C3%A9vis%2C%20Paris%2C%20France,http://www.arnaudnicolas.paris/,,"Arrondissement: 17e
Food types: generic
Tags: Shopping
Google Maps: https://www.google.com/maps/search/?api=1&query=Charcuterie%20Arnaud%20Nicolas%20L%C3%A9vis%2C%20Paris%2C%20France
Website: http://www.arnaudnicolas.paris/"
Cheri charlot,"33 Rue Richer, 75009 Paris, France",Paris,9e,,restaurant,,,,,48.8739956,2.3443527,https://www.google.com/maps/search/?api=1&query=Cheri%20charlot%2C%20Paris%2C%20France,http://www.chericharlot.com,,"Arrondissement: 9e
Food types: restaurant
Tags: Restaurant
Google Maps: https://www.google.com/maps/search/?api=1&query=Cheri%20charlot%2C%20Paris%2C%20France
Website: http://www.chericharlot.com"
Chez Aline,"85 Rue de la Roquette, 75011 Paris, France",Paris,11e,,restaurant,,,,,48.85709970000001,2.3784981,https://www.google.com/maps/search/?api=1&query=Chez%20Aline%2C%20Paris%2C%20France,http://www.lefooding.com/restaurant/restaurant-chez-aline-paris.html,,"Arrondissement: 11e
Food types: restaurant
Tags: ❤️, Take away
Google Maps: https://www.google.com/maps/search/?api=1&query=Chez%20Aline%2C%20Paris%2C%20France
Website: http://www.lefooding.com/restaurant/restaurant-chez-aline-paris.html"
Chez Casimir,"6 Rue de Belzunce, 75010 Paris, France",Paris,10e,,restaurant,,,,,48.8794666,2.3524371,https://www.google.com/maps/search/?api=1&query=Chez%20Casimir%2C%20Paris%2C%20France,https://www.casimir.paris/,https://bookings.zenchef.com/results?rid=364645&fullscreen=1&mini=0&pid=mapstr&primaryColor=FFC222&type=web,"Arrondissement: 10e
Food types: restaurant
Tags: Restaurant, Creps
Google Maps: https://www.google.com/maps/search/?api=1&query=Chez%20Casimir%2C%20Paris%2C%20France
Website: https://www.casimir.paris/
Booking: https://bookings.zenchef.com/results?rid=364645&fullscreen=1&mini=0&pid=mapstr&primaryColor=FFC222&type=web"
Chez Denise,"5 Rue des Prouvaires, 75001 Paris, France",Paris,1er,,restaurant,,€€,4.3,2524,48.8615614,2.3441953,https://maps.google.com/?cid=8302090940691035364&g_mp=CiVnb29nbGUubWFwcy5wbGFjZXMudjEuUGxhY2VzLkdldFBsYWNlEAIYBCAA,http://www.paris-bistro.com/choisir/paris1/la-tour-de-montlhery-chez-denise,,"Type: French Restaurant
Arrondissement: 1er
Price: €€
Google: 4.3 (2,524 reviews)
Food types: restaurant
Tags: Restaurant
Google Maps: https://maps.google.com/?cid=8302090940691035364&g_mp=CiVnb29nbGUubWFwcy5wbGFjZXMudjEuUGxhY2VzLkdldFBsYWNlEAIYBCAA
Website: http://www.paris-bistro.com/choisir/paris1/la-tour-de-montlhery-chez-denise"
Chez Dumonet,"117 Rue du Cherche-Midi, 75006 Paris, Frankreich",Paris,6e,,restaurant,,€€€,4.4,1042,48.845762,2.319896,https://maps.google.com/?cid=1141709340899504093&g_mp=CiVnb29nbGUubWFwcy5wbGFjZXMudjEuUGxhY2VzLkdldFBsYWNlEAIYBCAA,https://www.facebook.com/chezdumonetjosephine/,https://bookings.zenchef.com/results?rid=377647&fullscreen=1&mini=0&pid=mapstr&primaryColor=FFC222&type=web,"Type: French Restaurant
Arrondissement: 6e
Price: €€€
Google: 4.4 (1,042 reviews)
Food types: restaurant
Tags: Restaurant, Bistrot
Google summary: Foie gras, beef bourguignon, soufflés & a long regional wine list at a classic, veteran brasserie.
Google Maps: https://maps.google.com/?cid=1141709340899504093&g_mp=CiVnb29nbGUubWFwcy5wbGFjZXMudjEuUGxhY2VzLkdldFBsYWNlEAIYBCAA
Website: https://www.facebook.com/chezdumonetjosephine/
Booking: https://bookings.zenchef.com/results?rid=377647&fullscreen=1&mini=0&pid=mapstr&primaryColor=FFC222&type=web"
Chez Georges,"1 Rue du Mail, 75002 Paris, France",Paris,2e,,restaurant,,,,,48.8663761,2.3413437,https://www.google.com/maps/search/?api=1&query=Chez%20Georges%2C%20Paris%2C%20France,http://www.facebook.com/Chez-Georges-depuis-1964-209242622441222/,,"Arrondissement: 2e
Food types: restaurant
Tags: Frenchie, Restaurant, ❤️
Google Maps: https://www.google.com/maps/search/?api=1&query=Chez%20Georges%2C%20Paris%2C%20France
Website: http://www.facebook.com/Chez-Georges-depuis-1964-209242622441222/"
Chez Jeannette,"47 Rue du Faubourg Saint-Denis, 75010 Paris, France",Paris,10e,,restaurant,,€€,4,1393,48.871664,2.353529,https://maps.google.com/?cid=974455892981439418&g_mp=CiVnb29nbGUubWFwcy5wbGFjZXMudjEuUGxhY2VzLkdldFBsYWNlEAIYBCAA,https://www.facebook.com/chez.jeannette/,,"Type: Restaurant
Arrondissement: 10e
Price: €€
Google: 4.0 (1,393 reviews)
Food types: restaurant
Tags: Bar
Google summary: Drinks, pastries & light French standards at a buzzing retro bar with music & a sidewalk terrace.
Google Maps: https://maps.google.com/?cid=974455892981439418&g_mp=CiVnb29nbGUubWFwcy5wbGFjZXMudjEuUGxhY2VzLkdldFBsYWNlEAIYBCAA
Website: https://www.facebook.com/chez.jeannette/"
Chez Jeanphi,"Rue Charlot, Paris, France",Paris,,,"restaurant, brunch",,,4.1,294,48.86266326904297,2.362231969833374,https://maps.google.com/?cid=11095258320802213075&g_mp=CiVnb29nbGUubWFwcy5wbGFjZXMudjEuUGxhY2VzLkdldFBsYWNlEAIYBCAA,,,"Type: Restaurant
Google: 4.1 (294 reviews)
Food types: restaurant, brunch
Tags: Brunch, Cafe
Google Maps: https://maps.google.com/?cid=11095258320802213075&g_mp=CiVnb29nbGUubWFwcy5wbGFjZXMudjEuUGxhY2VzLkdldFBsYWNlEAIYBCAA"
Chez Justine,"96 Rue Oberkampf, 75011 Paris, France",Paris,11e,,restaurant,,€€,4.4,2627,48.8656838,2.377854999999999,https://maps.google.com/?cid=3521816774576962417&g_mp=CiVnb29nbGUubWFwcy5wbGFjZXMudjEuUGxhY2VzLkdldFBsYWNlEAIYBCAA,https://justineparis.fr/,https://bookings.zenchef.com/results?rid=378661&fullscreen=1&mini=0&pid=mapstr&primaryColor=FFC222&type=web,"Type: Restaurant
Arrondissement: 11e
Price: €€
Google: 4.4 (2,627 reviews)
Food types: restaurant
Tags: Restaurant, Trendy, Italian
Google summary: Barbecued meats, salads & wood-fired Neapolitan-style pizzas in a light-filled, modern brasserie.
Google Maps: https://maps.google.com/?cid=3521816774576962417&g_mp=CiVnb29nbGUubWFwcy5wbGFjZXMudjEuUGxhY2VzLkdldFBsYWNlEAIYBCAA
Website: https://justineparis.fr/
Booking: https://bookings.zenchef.com/results?rid=378661&fullscreen=1&mini=0&pid=mapstr&primaryColor=FFC222&type=web"
Chez Lulu,"66 Rue Jean-Jacques Rousseau, 75001 Paris, France",Paris,1er,,restaurant,,,4,298,48.86420340000001,2.3440432,https://maps.google.com/?cid=8286228607451020226&g_mp=CiVnb29nbGUubWFwcy5wbGFjZXMudjEuUGxhY2VzLkdldFBsYWNlEAIYBCAA,https://chezlulu.paris/,,"Type: Event Venue
Arrondissement: 1er
Google: 4.0 (298 reviews)
Food types: restaurant
Tags: Dancing
Google Maps: https://maps.google.com/?cid=8286228607451020226&g_mp=CiVnb29nbGUubWFwcy5wbGFjZXMudjEuUGxhY2VzLkdldFBsYWNlEAIYBCAA
Website: https://chezlulu.paris/"
Chez Marcel,"7 Rue Stanislas, 75006 Paris, France",Paris,6e,,restaurant,,€€,4.7,752,48.8437934,2.328337,https://maps.google.com/?cid=9045173215651603280&g_mp=CiVnb29nbGUubWFwcy5wbGFjZXMudjEuUGxhY2VzLkdldFBsYWNlEAIYBCAA,https://chezmarcel.cool/,https://bookings.zenchef.com/results?rid=349039&fullscreen=1&mini=0&pid=mapstr&primaryColor=FFC222&type=web,"Type: French Restaurant
Arrondissement: 6e
Price: €€
Google: 4.7 (752 reviews)
Food types: restaurant
Tags: Bistrot
Google summary: Traditional French meals in an easygoing locale with a retro vibe & eclectic artwork.
Google Maps: https://maps.google.com/?cid=9045173215651603280&g_mp=CiVnb29nbGUubWFwcy5wbGFjZXMudjEuUGxhY2VzLkdldFBsYWNlEAIYBCAA
Website: https://chezmarcel.cool/
Booking: https://bookings.zenchef.com/results?rid=349039&fullscreen=1&mini=0&pid=mapstr&primaryColor=FFC222&type=web"
Chez Nenesse,"17 Rue de Saintonge, 75003 Paris, France",Paris,3e,,restaurant,,€€,4.5,414,48.8617226,2.3622983,https://maps.google.com/?cid=16561272595310479406&g_mp=CiVnb29nbGUubWFwcy5wbGFjZXMudjEuUGxhY2VzLkdldFBsYWNlEAIYBCAA,http://chez-nenesse.edan.io,https://thefork.fr/restaurant/cafe-nenesse-r201777/?cc=24751-923,"Type: French Restaurant
Arrondissement: 3e
Price: €€
Google: 4.5 (414 reviews)
Food types: restaurant
Tags: bootstrap, marais, Bistrot, ❤️
Google Maps: https://maps.google.com/?cid=16561272595310479406&g_mp=CiVnb29nbGUubWFwcy5wbGFjZXMudjEuUGxhY2VzLkdldFBsYWNlEAIYBCAA
Website: http://chez-nenesse.edan.io
Booking: https://thefork.fr/restaurant/cafe-nenesse-r201777/?cc=24751-923"
Chez Prune,"36 Rue Beaurepaire, 75010 Paris, France",Paris,10e,,restaurant,,€€,4.3,1919,48.8716544,2.3645859,https://maps.google.com/?cid=17828098265767978677&g_mp=CiVnb29nbGUubWFwcy5wbGFjZXMudjEuUGxhY2VzLkdldFBsYWNlEAIYBCAA,http://www.etsy.com/shop/chezpruneetpompon,,"Type: Restaurant
Arrondissement: 10e
Price: €€
Google: 4.3 (1,919 reviews)
Food types: restaurant
Tags: Bistrot, Bar
Google summary: Breakfast, sharing boards & familiar staples at a compact bistro with a terrace beside the canal.
Google Maps: https://maps.google.com/?cid=17828098265767978677&g_mp=CiVnb29nbGUubWFwcy5wbGFjZXMudjEuUGxhY2VzLkdldFBsYWNlEAIYBCAA
Website: http://www.etsy.com/shop/chezpruneetpompon"
Chicahualco Table Mexicaine par Mercedes Ahumada,"77 Rue la Condamine, 75017 Paris, France",Paris,17e,,restaurant,,,4.8,285,48.88448715209961,2.319703340530396,https://maps.google.com/?cid=15721137406630003613&g_mp=CiVnb29nbGUubWFwcy5wbGFjZXMudjEuUGxhY2VzLkdldFBsYWNlEAIYBCAA,,https://thefork.fr/restaurant/chicahualco-par-mercedes-ahumada-r813176/?cc=24751-923,"Type: French Restaurant
Arrondissement: 17e
Google: 4.8 (285 reviews)
Food types: restaurant
Tags: Restaurant, Mexican
Google Maps: https://maps.google.com/?cid=15721137406630003613&g_mp=CiVnb29nbGUubWFwcy5wbGFjZXMudjEuUGxhY2VzLkdldFBsYWNlEAIYBCAA
Booking: https://thefork.fr/restaurant/chicahualco-par-mercedes-ahumada-r813176/?cc=24751-923"
ChoCho,"54 Rue de Paradis, 75010 Paris, France",Paris,10e,,restaurant,,,4.5,1596,48.8757409,2.349255,https://maps.google.com/?cid=13144559127925963940&g_mp=CiVnb29nbGUubWFwcy5wbGFjZXMudjEuUGxhY2VzLkdldFBsYWNlEAIYBCAA,https://chocho.becsparisiens.fr/,https://bookings.zenchef.com/results?rid=357929&fullscreen=1&mini=0&pid=mapstr&primaryColor=FFC222&type=web,"Type: Restaurant
Arrondissement: 10e
Google: 4.5 (1,596 reviews)
Food types: restaurant
Tags: Restaurant
Google summary: Daily menus of innovative tapas served in a chic space with plush booths & communal tables.
Google Maps: https://maps.google.com/?cid=13144559127925963940&g_mp=CiVnb29nbGUubWFwcy5wbGFjZXMudjEuUGxhY2VzLkdldFBsYWNlEAIYBCAA
Website: https://chocho.becsparisiens.fr/
Booking: https://bookings.zenchef.com/results?rid=357929&fullscreen=1&mini=0&pid=mapstr&primaryColor=FFC222&type=web"
Chop Chop Love,"48 Rue du Faubourg Saint-Martin, 75010 Paris, France",Paris,10e,,restaurant,,,4.4,156,48.8767124,2.360985,https://maps.google.com/?cid=15092401057493581023&g_mp=CiVnb29nbGUubWFwcy5wbGFjZXMudjEuUGxhY2VzLkdldFBsYWNlEAIYBCAA,,https://bookings.zenchef.com/results?rid=376716&fullscreen=1&mini=0&pid=mapstr&primaryColor=FFC222&type=web,"Type: Tapas Restaurant
Arrondissement: 10e
Google: 4.4 (156 reviews)
Food types: restaurant
Tags: Restaurant, Trendy
Google Maps: https://maps.google.com/?cid=15092401057493581023&g_mp=CiVnb29nbGUubWFwcy5wbGFjZXMudjEuUGxhY2VzLkdldFBsYWNlEAIYBCAA
Booking: https://bookings.zenchef.com/results?rid=376716&fullscreen=1&mini=0&pid=mapstr&primaryColor=FFC222&type=web"
Christophe Louie,"Rue Dupetit-Thouars, Paris, France",Paris,,,restaurant,,,4.7,395,48.8654865,2.3619835,https://maps.google.com/?cid=2792449766559980011&g_mp=CiVnb29nbGUubWFwcy5wbGFjZXMudjEuUGxhY2VzLkdldFBsYWNlEAIYBCAA,http://www.christophelouie.com/,,"Type: Bakery
Google: 4.7 (395 reviews)
Food types: restaurant
Tags: Bakery
Google Maps: https://maps.google.com/?cid=2792449766559980011&g_mp=CiVnb29nbGUubWFwcy5wbGFjZXMudjEuUGxhY2VzLkdldFBsYWNlEAIYBCAA
Website: http://www.christophelouie.com/"
Churrasqueira Galo,"69 Rue de Dunkerque, 75009 Paris, France",Paris,9e,,restaurant,,,,,48.8815943,2.3478273,https://www.google.com/maps/search/?api=1&query=Churrasqueira%20Galo%2C%20Paris%2C%20France,http://4sq.com/ajP47M,,"Arrondissement: 9e
Food types: restaurant
Tags: Restaurant
Google Maps: https://www.google.com/maps/search/?api=1&query=Churrasqueira%20Galo%2C%20Paris%2C%20France
Website: http://4sq.com/ajP47M"
Château des Fleurs - Hôtel & Spa - Paris Champs Elysées,"Rue Vernet, Paris, France",Paris,,,"lodging, hotel",,,4.7,317,48.87178421020508,2.298455953598022,https://maps.google.com/?cid=11706937774916614814&g_mp=CiVnb29nbGUubWFwcy5wbGFjZXMudjEuUGxhY2VzLkdldFBsYWNlEAIYBCAA,http://www.chateaudesfleurs.paris/,,"Type: Hotel
Google: 4.7 (317 reviews)
Food types: lodging, hotel
Tags: Hotel / BB, Cafe
Google Maps: https://maps.google.com/?cid=11706937774916614814&g_mp=CiVnb29nbGUubWFwcy5wbGFjZXMudjEuUGxhY2VzLkdldFBsYWNlEAIYBCAA
Website: http://www.chateaudesfleurs.paris/"
Cibus,"5 Rue Molière, 75001 Paris, France",Paris,1er,,restaurant,,,4.4,76,48.864901,2.335596,https://maps.google.com/?cid=2559834538050633239&g_mp=CiVnb29nbGUubWFwcy5wbGFjZXMudjEuUGxhY2VzLkdldFBsYWNlEAIYBCAA,,,"Type: Italian Restaurant
Arrondissement: 1er
Google: 4.4 (76 reviews)
Food types: restaurant
Tags: Italian, Restaurant, Trendy
Google summary: Wood-lined, churchlike space known for Roman & Neapolitan-style organic pastas with Italian wines.
Google Maps: https://maps.google.com/?cid=2559834538050633239&g_mp=CiVnb29nbGUubWFwcy5wbGFjZXMudjEuUGxhY2VzLkdldFBsYWNlEAIYBCAA"
Citrons et Huitres,"57 Blvd Marguerite de Rochechouart, 75009 Paris, France",Paris,9e,,restaurant,,,4.8,262,48.8819349,2.3408133,https://maps.google.com/?cid=12180854893773439781&g_mp=CiVnb29nbGUubWFwcy5wbGFjZXMudjEuUGxhY2VzLkdldFBsYWNlEAIYBCAA,https://www.orsohotels.com/hotel-rochechouart/citrons-et-huitres,https://www.citronsethuitres.com/,"Type: Seafood Restaurant
Arrondissement: 9e
Google: 4.8 (262 reviews)
Food types: restaurant
Tags: Seafood
Google Maps: https://maps.google.com/?cid=12180854893773439781&g_mp=CiVnb29nbGUubWFwcy5wbGFjZXMudjEuUGxhY2VzLkdldFBsYWNlEAIYBCAA
Website: https://www.orsohotels.com/hotel-rochechouart/citrons-et-huitres
Booking: https://www.citronsethuitres.com/"
Cité de l'architecture et du patrimoine,"1 Place du Trocadéro et du 11 Novembre, 75116 Paris, France",Paris,16e,,museum,,,,,48.8627013,2.2886617,https://www.google.com/maps/search/?api=1&query=Cit%C3%A9%20de%20l'architecture%20et%20du%20patrimoine%2C%20Paris%2C%20France,https://www.citedelarchitecture.fr/,,"Arrondissement: 16e
Food types: museum
Tags: Museum
Google Maps: https://www.google.com/maps/search/?api=1&query=Cit%C3%A9%20de%20l'architecture%20et%20du%20patrimoine%2C%20Paris%2C%20France
Website: https://www.citedelarchitecture.fr/"
Clamato,"80 Rue de Charonne, 75011 Paris, France",Paris,11e,,restaurant,,,,,48.8535622,2.380822599999999,https://www.google.com/maps/search/?api=1&query=Clamato%2C%20Paris%2C%20France,http://clamato-charonne.fr/,,"Arrondissement: 11e
Food types: restaurant
Tags: Restaurant, ❤️, Trendy
Google Maps: https://www.google.com/maps/search/?api=1&query=Clamato%2C%20Paris%2C%20France
Website: http://clamato-charonne.fr/"
Cloche Paris,"Rue Coq Héron, Paris, France",Paris,,,restaurant,,,3.9,239,48.86423260000001,2.3418651,https://maps.google.com/?cid=374123235033211080&g_mp=CiVnb29nbGUubWFwcy5wbGFjZXMudjEuUGxhY2VzLkdldFBsYWNlEAIYBCAA,https://www.instagram.com/clocheclochecloche/?hl=fr,http://www.opentable.fr/r/cloche-paris?ref=17374,"Type: Bistro
Google: 3.9 (239 reviews)
Food types: restaurant
Tags: Bistrot, Gastro / higher end
Google Maps: https://maps.google.com/?cid=374123235033211080&g_mp=CiVnb29nbGUubWFwcy5wbGFjZXMudjEuUGxhY2VzLkdldFBsYWNlEAIYBCAA
Website: https://www.instagram.com/clocheclochecloche/?hl=fr
Booking: http://www.opentable.fr/r/cloche-paris?ref=17374"
Club Lulu,"Rue de Richelieu, Paris, France",Paris,,,cafe,,,4.4,130,48.8676817,2.3378996,https://maps.google.com/?cid=905289576909609943&g_mp=CiVnb29nbGUubWFwcy5wbGFjZXMudjEuUGxhY2VzLkdldFBsYWNlEAIYBCAA,www.clublulu.paris,,"Type: Sports Club
Google: 4.4 (130 reviews)
Food types: cafe
Tags: Sport
Google Maps: https://maps.google.com/?cid=905289576909609943&g_mp=CiVnb29nbGUubWFwcy5wbGFjZXMudjEuUGxhY2VzLkdldFBsYWNlEAIYBCAA
Website: www.clublulu.paris"
CoCo,"Palais Garnier, 1 Place Jacques Rouché, Paris 75009",Paris,9e,,restaurant,,€€€€,3.7,5894,48.8716754,2.3328516,https://maps.google.com/?cid=8447856253269244802&g_mp=CiVnb29nbGUubWFwcy5wbGFjZXMudjEuUGxhY2VzLkdldFBsYWNlEAIYBCAA,http://coco-paris.com/,,"Type: French Restaurant
Arrondissement: 9e
Price: €€€€
Google: 3.7 (5,894 reviews)
Food types: restaurant
Tags: Restaurant
Google summary: Genteel destination with a terrace offering fine dining & a weekend brunch menu.
Google Maps: https://maps.google.com/?cid=8447856253269244802&g_mp=CiVnb29nbGUubWFwcy5wbGFjZXMudjEuUGxhY2VzLkdldFBsYWNlEAIYBCAA
Website: http://coco-paris.com/"
Cococo,"35 Rue Coquillière, 75001 Paris, France",Paris,1er,,restaurant,,,,,48.8643242,2.3410183,https://www.google.com/maps/search/?api=1&query=Cococo%2C%20Paris%2C%20France,http://restaurant-cococo.fr/fr,,"Arrondissement: 1er
Food types: restaurant
Tags: Japanese, Restaurant, Healthy
Google Maps: https://www.google.com/maps/search/?api=1&query=Cococo%2C%20Paris%2C%20France
Website: http://restaurant-cococo.fr/fr"
Coinstot Vino,"22-30 Galerie Montmartre, 75002 Paris, France",Paris,2e,,restaurant,,,,,48.8706106,2.3416278,https://www.google.com/maps/search/?api=1&query=Coinstot%20Vino%2C%20Paris%2C%20France,http://lecoinstotvino.com/,,"Arrondissement: 2e
Food types: restaurant
Tags: Frenchie, Natural wine, Wine bar, Restaurant
Google Maps: https://www.google.com/maps/search/?api=1&query=Coinstot%20Vino%2C%20Paris%2C%20France
Website: http://lecoinstotvino.com/"
Coline Madral,"Rue de la Collégiale, 75005 Paris, France",Paris,5e,,generic,,,,,48.8378454,2.352151999999999,https://www.google.com/maps/search/?api=1&query=Coline%20Madral%2C%20Paris%2C%20France,http://colinemadral.com/,,"Arrondissement: 5e
Food types: generic
Tags: Beauty
Google Maps: https://www.google.com/maps/search/?api=1&query=Coline%20Madral%2C%20Paris%2C%20France
Website: http://colinemadral.com/"
Copains,"Rue des Abbesses, Paris, France",Paris,,,restaurant,,,3.9,798,48.8840988,2.3389176,https://maps.google.com/?cid=15241145848296719017&g_mp=CiVnb29nbGUubWFwcy5wbGFjZXMudjEuUGxhY2VzLkdldFBsYWNlEAIYBCAA,https://www.instagram.com/copains.paris/?hl=fr,,"Type: Bakery
Google: 3.9 (798 reviews)
Food types: restaurant
Tags: Bakery, Glutenfree
Google Maps: https://maps.google.com/?cid=15241145848296719017&g_mp=CiVnb29nbGUubWFwcy5wbGFjZXMudjEuUGxhY2VzLkdldFBsYWNlEAIYBCAA
Website: https://www.instagram.com/copains.paris/?hl=fr"
Copains,"60 Rue Tiquetonne, 75002 Paris, France",Paris,2e,,restaurant,,,4,2074,48.865128,2.3461184,https://maps.google.com/?cid=6571555679268958951&g_mp=CiVnb29nbGUubWFwcy5wbGFjZXMudjEuUGxhY2VzLkdldFBsYWNlEAIYBCAA,http://www.copains-paris.com/,,"Type: Bakery
Arrondissement: 2e
Google: 4.0 (2,074 reviews)
Food types: restaurant
Tags: Bakery
Google Maps: https://maps.google.com/?cid=6571555679268958951&g_mp=CiVnb29nbGUubWFwcy5wbGFjZXMudjEuUGxhY2VzLkdldFBsYWNlEAIYBCAA
Website: http://www.copains-paris.com/"
Corto Moltedo,"Palais Royal, Galerie de Valois, 75001 Paris, France",Paris,1er,,shopping,,,,,48.8648032,2.338431,https://www.google.com/maps/search/?api=1&query=Corto%20Moltedo%2C%20Paris%2C%20France,http://www.corto.com/,,"Arrondissement: 1er
Food types: shopping
Tags: Shopping
Google Maps: https://www.google.com/maps/search/?api=1&query=Corto%20Moltedo%2C%20Paris%2C%20France
Website: http://www.corto.com/"
Cosi,"54 Rue de Seine, 75006 Paris, France",Paris,6e,,restaurant,,,,,48.85412549999999,2.3368877,https://www.google.com/maps/search/?api=1&query=Cosi%2C%20Paris%2C%20France,http://www.facebook.com/Cosi-126474794072452/,,"Arrondissement: 6e
Food types: restaurant
Tags: Italian
Google Maps: https://www.google.com/maps/search/?api=1&query=Cosi%2C%20Paris%2C%20France
Website: http://www.facebook.com/Cosi-126474794072452/"
Crabe Marteau,"12 Rue des Acacias, 75017 Paris, France",Paris,17e,,restaurant,,€€,4.6,1297,48.87640409999999,2.2906062,https://maps.google.com/?cid=11254960169320658338&g_mp=CiVnb29nbGUubWFwcy5wbGFjZXMudjEuUGxhY2VzLkdldFBsYWNlEAIYBCAA,http://www.crabemarteau.fr/,https://bookings.zenchef.com/results?rid=375163&fullscreen=1&mini=0&pid=mapstr&primaryColor=FFC222&type=web,"Type: Seafood Restaurant
Arrondissement: 17e
Price: €€
Google: 4.6 (1,297 reviews)
Food types: restaurant
Tags: Fish
Google Maps: https://maps.google.com/?cid=11254960169320658338&g_mp=CiVnb29nbGUubWFwcy5wbGFjZXMudjEuUGxhY2VzLkdldFBsYWNlEAIYBCAA
Website: http://www.crabemarteau.fr/
Booking: https://bookings.zenchef.com/results?rid=375163&fullscreen=1&mini=0&pid=mapstr&primaryColor=FFC222&type=web"
Crème London,"61 Rue du Temple, 75004 Paris, France",Paris,4e,,restaurant,,,4,799,48.8605289,2.3547386,https://maps.google.com/?cid=4907943156050432723&g_mp=CiVnb29nbGUubWFwcy5wbGFjZXMudjEuUGxhY2VzLkdldFBsYWNlEAIYBCAA,http://www.cremelondon.com/,,"Type: Bakery
Arrondissement: 4e
Google: 4.0 (799 reviews)
Food types: restaurant
Tags: Bakery
Google Maps: https://maps.google.com/?cid=4907943156050432723&g_mp=CiVnb29nbGUubWFwcy5wbGFjZXMudjEuUGxhY2VzLkdldFBsYWNlEAIYBCAA
Website: http://www.cremelondon.com/"
Cypsèle,"11 Rue des Deux Ponts, 75004 Paris, France",Paris,4e,,restaurant,,,4.9,64,48.8515612,2.3562119,https://maps.google.com/?cid=10048066919460382614&g_mp=CiVnb29nbGUubWFwcy5wbGFjZXMudjEuUGxhY2VzLkdldFBsYWNlEAIYBCAA,https://cypsele.fr/,https://thefork.fr/restaurant/cypsele-r850284/?cc=24751-923,"Type: Restaurant
Arrondissement: 4e
Google: 4.9 (64 reviews)
Food types: restaurant
Tags: Gastro / higher end, Restaurant
Google Maps: https://maps.google.com/?cid=10048066919460382614&g_mp=CiVnb29nbGUubWFwcy5wbGFjZXMudjEuUGxhY2VzLkdldFBsYWNlEAIYBCAA
Website: https://cypsele.fr/
Booking: https://thefork.fr/restaurant/cypsele-r850284/?cc=24751-923"
DREAMIN MAN,"140 Rue Amelot, 75011 Paris, France",Paris,11e,,cafe,,,4.3,738,48.86526629999999,2.366502,https://maps.google.com/?cid=8632870862712239633&g_mp=CiVnb29nbGUubWFwcy5wbGFjZXMudjEuUGxhY2VzLkdldFBsYWNlEAIYBCAA,http://www.facebook.com/pages/category/Coffee-Shop/Dreamin-Man-394891914641522,,"Type: Cafe
Arrondissement: 11e
Google: 4.3 (738 reviews)
Food types: cafe
Tags: Cafe
Google Maps: https://maps.google.com/?cid=8632870862712239633&g_mp=CiVnb29nbGUubWFwcy5wbGFjZXMudjEuUGxhY2VzLkdldFBsYWNlEAIYBCAA
Website: http://www.facebook.com/pages/category/Coffee-Shop/Dreamin-Man-394891914641522"
Da Rosa,"37 Rue de Grenelle, 75007 Paris, France",Paris,7e,,"restaurant, brunch",,,,,48.85398,2.32686,https://www.google.com/maps/search/?api=1&query=Da%20Rosa%2C%20Paris%2C%20France,http://www.darosa.fr/,,"Arrondissement: 7e
Food types: restaurant, brunch
Tags: Brunch, Restaurant, Italian
Google Maps: https://www.google.com/maps/search/?api=1&query=Da%20Rosa%2C%20Paris%2C%20France
Website: http://www.darosa.fr/"
Da Vito,"5 Rue Sedaine, Paris 75011",Paris,11e,,restaurant,,€€,4.6,567,48.8556617,2.3712284,https://maps.google.com/?cid=1080963158551362486&g_mp=CiVnb29nbGUubWFwcy5wbGFjZXMudjEuUGxhY2VzLkdldFBsYWNlEAIYBCAA,http://davitopizzeria.fr/,https://menu.tastycloud.fr/e750afdd84e0384de07a90582ca78e6a49102cc2d32fadda4f8fd762085552ff,"Type: Pizza Restaurant
Arrondissement: 11e
Price: €€
Google: 4.6 (567 reviews)
Food types: restaurant
Tags: Restaurant, Italian
Google Maps: https://maps.google.com/?cid=1080963158551362486&g_mp=CiVnb29nbGUubWFwcy5wbGFjZXMudjEuUGxhY2VzLkdldFBsYWNlEAIYBCAA
Website: http://davitopizzeria.fr/
Booking: https://menu.tastycloud.fr/e750afdd84e0384de07a90582ca78e6a49102cc2d32fadda4f8fd762085552ff"
Daimant Saint-Honoré,"24 Pl. du Marché Saint-Honoré, 75001 Paris, France",Paris,1er,,restaurant,,,4.8,1252,48.8664314,2.3321146,https://maps.google.com/?cid=17958630248443458283&g_mp=CiVnb29nbGUubWFwcy5wbGFjZXMudjEuUGxhY2VzLkdldFBsYWNlEAIYBCAA,https://www.daimant.co/daimant-saint-honore.html,http://www.opentable.fr/r/daimant-saint-honore-paris?ref=17374,"Type: Vegan Restaurant
Arrondissement: 1er
Google: 4.8 (1,252 reviews)
Food types: restaurant
Tags: Restaurant, Vegetarian
Google Maps: https://maps.google.com/?cid=17958630248443458283&g_mp=CiVnb29nbGUubWFwcy5wbGFjZXMudjEuUGxhY2VzLkdldFBsYWNlEAIYBCAA
Website: https://www.daimant.co/daimant-saint-honore.html
Booking: http://www.opentable.fr/r/daimant-saint-honore-paris?ref=17374"
Dalia,"93 rue montmartre, Paris 75002",Paris,2e,,bar,,,4.7,3743,48.8672921,2.3440168,https://maps.google.com/?cid=17447140171292300586&g_mp=CiVnb29nbGUubWFwcy5wbGFjZXMudjEuUGxhY2VzLkdldFBsYWNlEAIYBCAA,https://www.daliagroup.com/,https://bookings.zenchef.com/results?rid=355799&fullscreen=1&mini=0&pid=mapstr&primaryColor=FFC222&type=web,"Type: Mediterranean Restaurant
Arrondissement: 2e
Google: 4.7 (3,743 reviews)
Food types: bar
Tags: Levantine, Restaurant
Google summary: Trendy restaurant offering Eastern Mediterranean-inspired cuisine, plus cocktails.
Google Maps: https://maps.google.com/?cid=17447140171292300586&g_mp=CiVnb29nbGUubWFwcy5wbGFjZXMudjEuUGxhY2VzLkdldFBsYWNlEAIYBCAA
Website: https://www.daliagroup.com/
Booking: https://bookings.zenchef.com/results?rid=355799&fullscreen=1&mini=0&pid=mapstr&primaryColor=FFC222&type=web"
Dalmata Pizza,"8 Rue Tiquetonne, Paris 75002",Paris,2e,,restaurant,,€€,4.6,5183,48.86450576782227,2.3495774269104,https://maps.google.com/?cid=7427257690908006442&g_mp=CiVnb29nbGUubWFwcy5wbGFjZXMudjEuUGxhY2VzLkdldFBsYWNlEAIYBCAA,https://www.gruppodalmata.com/,https://www.gruppodalmata.com/restaurant/dalmata/menu/food,"Type: Pizza Restaurant
Arrondissement: 2e
Price: €€
Google: 4.6 (5,183 reviews)
Food types: restaurant
Tags: Restaurant, Italian
Google summary: Neapolitan pizzas & wine in a cool space with tiled walls, neon signs & stool seating.
Google Maps: https://maps.google.com/?cid=7427257690908006442&g_mp=CiVnb29nbGUubWFwcy5wbGFjZXMudjEuUGxhY2VzLkdldFBsYWNlEAIYBCAA
Website: https://www.gruppodalmata.com/
Booking: https://www.gruppodalmata.com/restaurant/dalmata/menu/food"
Daroco Bourse,"6 Rue Vivienne, Paris 75002",Paris,2e,,restaurant,,,,,48.8671391,2.3392712,https://www.google.com/maps/search/?api=1&query=Daroco%20Bourse%2C%20Paris%2C%20France,https://www.daroco.com,https://bookings.zenchef.com/results?rid=347479&fullscreen=1&mini=0&pid=mapstr&primaryColor=FFC222&type=web,"Arrondissement: 2e
Food types: restaurant
Tags: Restaurant, Trendy, Italian
Google Maps: https://www.google.com/maps/search/?api=1&query=Daroco%20Bourse%2C%20Paris%2C%20France
Website: https://www.daroco.com
Booking: https://bookings.zenchef.com/results?rid=347479&fullscreen=1&mini=0&pid=mapstr&primaryColor=FFC222&type=web"
Delhi Bazaar,"71 Rue Servan, Paris 75011",Paris,11e,,restaurant,,,4.8,6538,48.86369939999999,2.3811489,https://maps.google.com/?cid=3087775464631119870&g_mp=CiVnb29nbGUubWFwcy5wbGFjZXMudjEuUGxhY2VzLkdldFBsYWNlEAIYBCAA,,https://bookings.zenchef.com/results?rid=361511&fullscreen=1&mini=0&pid=mapstr&primaryColor=FFC222&type=web,"Type: Indian Restaurant
Arrondissement: 11e
Google: 4.8 (6,538 reviews)
Food types: restaurant
Tags: Indian, Restaurant
Google Maps: https://maps.google.com/?cid=3087775464631119870&g_mp=CiVnb29nbGUubWFwcy5wbGFjZXMudjEuUGxhY2VzLkdldFBsYWNlEAIYBCAA
Booking: https://bookings.zenchef.com/results?rid=361511&fullscreen=1&mini=0&pid=mapstr&primaryColor=FFC222&type=web"
Dilia,"1 Rue d'Eupatoria, 75020 Paris, France",Paris,20e,,restaurant,,,,,48.86864389999999,2.3862279,https://www.google.com/maps/search/?api=1&query=Dilia%2C%20Paris%2C%20France,http://www.dilia.fr/,https://bookings.zenchef.com/results?rid=353401&fullscreen=1&mini=0&pid=mapstr&primaryColor=FFC222&type=web,"Arrondissement: 20e
Food types: restaurant
Tags: Frenchie, Restaurant, Gastro / higher end
Google Maps: https://www.google.com/maps/search/?api=1&query=Dilia%2C%20Paris%2C%20France
Website: http://www.dilia.fr/
Booking: https://bookings.zenchef.com/results?rid=353401&fullscreen=1&mini=0&pid=mapstr&primaryColor=FFC222&type=web"
Do et Riz,"31 Rue de Cotte, 75012 Paris, France",Paris,12e,,restaurant,,,,,48.8503682,2.378181,https://www.google.com/maps/search/?api=1&query=Do%20et%20Riz%2C%20Paris%2C%20France,,,"Arrondissement: 12e
Food types: restaurant
Tags: Vietnamiese, Restaurant
Google Maps: https://www.google.com/maps/search/?api=1&query=Do%20et%20Riz%2C%20Paris%2C%20France"
DokiDoki Louvre - Finest Handroll Bar,"59 Rue Jean-Jacques Rousseau, 75001 Paris, France",Paris,1er,,restaurant,,,4.6,658,48.8631972,2.3420125,https://maps.google.com/?cid=10816110014351811526&g_mp=CiVnb29nbGUubWFwcy5wbGFjZXMudjEuUGxhY2VzLkdldFBsYWNlEAIYBCAA,http://www.dokidoki-handroll.com/,https://thefork.fr/restaurant/dokidoki-paris-9-r837834/?cc=24751-923,"Type: Restaurant
Arrondissement: 1er
Google: 4.6 (658 reviews)
Food types: restaurant
Tags: Fish, Japanese
Google Maps: https://maps.google.com/?cid=10816110014351811526&g_mp=CiVnb29nbGUubWFwcy5wbGFjZXMudjEuUGxhY2VzLkdldFBsYWNlEAIYBCAA
Website: http://www.dokidoki-handroll.com/
Booking: https://thefork.fr/restaurant/dokidoki-paris-9-r837834/?cc=24751-923"
Double Dragon,"52 Rue Saint-Maur, 75011 Paris, France",Paris,11e,,restaurant,,,4.2,655,48.862523,2.3799102,https://maps.google.com/?cid=972382536314200775&g_mp=CiVnb29nbGUubWFwcy5wbGFjZXMudjEuUGxhY2VzLkdldFBsYWNlEAIYBCAA,https://www.doubledragonparis.com/,,"Type: Bistro
Arrondissement: 11e
Google: 4.2 (655 reviews)
Food types: restaurant
Tags: Restaurant, Trendy
Google summary: A menu of vibrant, Filipino-influenced dishes & natural wine in a contemporary restaurant.
Google Maps: https://maps.google.com/?cid=972382536314200775&g_mp=CiVnb29nbGUubWFwcy5wbGFjZXMudjEuUGxhY2VzLkdldFBsYWNlEAIYBCAA
Website: https://www.doubledragonparis.com/"
Dover Street Market,"35-37 Rue des Francs-Bourgeois, 75004 Paris, France",Paris,4e,,shopping,,,,,48.8581725,2.3596941,https://www.google.com/maps/search/?api=1&query=Dover%20Street%20Market%2C%20Paris%2C%20France,,,"Arrondissement: 4e
Food types: shopping
Tags: Concept-store
Google Maps: https://www.google.com/maps/search/?api=1&query=Dover%20Street%20Market%2C%20Paris%2C%20France"
Dover Street Parfums Market,"11 bis Rue Elzevir, 75003 Paris, France",Paris,3e,,generic,,,,,48.8587277,2.3618831,https://www.google.com/maps/search/?api=1&query=Dover%20Street%20Parfums%20Market%2C%20Paris%2C%20France,http://www.doverstreetparfumsmarket.com/,,"Arrondissement: 3e
Food types: generic
Tags: Concept-store
Google Maps: https://www.google.com/maps/search/?api=1&query=Dover%20Street%20Parfums%20Market%2C%20Paris%2C%20France
Website: http://www.doverstreetparfumsmarket.com/"
Du Pain et des Idées,"34 Rue Yves Toudic, 75010 Paris, France",Paris,10e,,restaurant,,,,,48.8712453,2.3628904,https://www.google.com/maps/search/?api=1&query=Du%20Pain%20et%20des%20Id%C3%A9es%2C%20Paris%2C%20France,http://dupainetdesidees.com/index.php,,"Arrondissement: 10e
Food types: restaurant
Tags: ❤️, Bakery
Google Maps: https://www.google.com/maps/search/?api=1&query=Du%20Pain%20et%20des%20Id%C3%A9es%2C%20Paris%2C%20France
Website: http://dupainetdesidees.com/index.php"
Dumbo Pigalle,"64 Rue Jean-Baptiste Pigalle, 75009 Paris, France",Paris,9e,,restaurant,,,4.5,1715,48.8816541,2.3369591,https://maps.google.com/?cid=3917238693774602226&g_mp=CiVnb29nbGUubWFwcy5wbGFjZXMudjEuUGxhY2VzLkdldFBsYWNlEAIYBCAA,https://www.instagram.com/dumboparis/,,"Type: Hamburger Restaurant
Arrondissement: 9e
Google: 4.5 (1,715 reviews)
Food types: restaurant
Tags: Burger
Google summary: Simple, stylish brickwork grill & takeout serving beef patties on potato buns with pickles & fries.
Google Maps: https://maps.google.com/?cid=3917238693774602226&g_mp=CiVnb29nbGUubWFwcy5wbGFjZXMudjEuUGxhY2VzLkdldFBsYWNlEAIYBCAA
Website: https://www.instagram.com/dumboparis/"
Duvelleroy - Maison d'éventails à Paris,"17 Rue Amélie, 75007 Paris, France",Paris,7e,,generic,,,,,48.8584931,2.307852399999999,https://www.google.com/maps/search/?api=1&query=Duvelleroy%20-%20Maison%20d'%C3%A9ventails%20%C3%A0%20Paris%2C%20Paris%2C%20France,http://www.eventail-duvelleroy.fr/,,"Arrondissement: 7e
Food types: generic
Tags: Shopping
Google Maps: https://www.google.com/maps/search/?api=1&query=Duvelleroy%20-%20Maison%20d'%C3%A9ventails%20%C3%A0%20Paris%2C%20Paris%2C%20France
Website: http://www.eventail-duvelleroy.fr/"
Déviant,"39 Rue des Petites Écuries, 75010 Paris, France",Paris,10e,,bar,,,4.2,560,48.8738211,2.3500028,https://maps.google.com/?cid=9596080493349548867&g_mp=CiVnb29nbGUubWFwcy5wbGFjZXMudjEuUGxhY2VzLkdldFBsYWNlEAIYBCAA,http://vivantparis.com/,https://bookings.zenchef.com/results?rid=355094&fullscreen=1&mini=0&pid=mapstr&primaryColor=FFC222&type=web,"Type: Restaurant
Arrondissement: 10e
Google: 4.2 (560 reviews)
Food types: bar
Tags: Frenchie, Restaurant, Trendy
Google summary: Small, minimalist black-&-white bar sans tables for tapas plates alongside over 60 natural wines.
Google Maps: https://maps.google.com/?cid=9596080493349548867&g_mp=CiVnb29nbGUubWFwcy5wbGFjZXMudjEuUGxhY2VzLkdldFBsYWNlEAIYBCAA
Website: http://vivantparis.com/
Booking: https://bookings.zenchef.com/results?rid=355094&fullscreen=1&mini=0&pid=mapstr&primaryColor=FFC222&type=web"
EMPREINTES,"5 Rue de Picardie, 75003 Paris, France",Paris,3e,,shopping,,,4.5,294,48.8633689,2.3621905,https://maps.google.com/?cid=3570348297999114440&g_mp=CiVnb29nbGUubWFwcy5wbGFjZXMudjEuUGxhY2VzLkdldFBsYWNlEAIYBCAA,https://www.empreintes-paris.com/,,"Type: Store
Arrondissement: 3e
Google: 4.5 (294 reviews)
Food types: shopping
Tags: Cafe, Shopping
Google summary: Chic boutique presenting handcrafted decorative objects, jewelry & home goods from French designers.
Google Maps: https://maps.google.com/?cid=3570348297999114440&g_mp=CiVnb29nbGUubWFwcy5wbGFjZXMudjEuUGxhY2VzLkdldFBsYWNlEAIYBCAA
Website: https://www.empreintes-paris.com/"
EMPREINTES - Le concept store des métiers d'art,"5 Rue de Picardie, 75003 Paris, France",Paris,3e,,shopping,,,,,48.8633689,2.3621905,https://www.google.com/maps/search/?api=1&query=EMPREINTES%20-%20Le%20concept%20store%20des%20m%C3%A9tiers%20d'art%2C%20Paris%2C%20France,https://www.empreintes-paris.com/,,"Arrondissement: 3e
Food types: shopping
Tags: Deco, Design
Google Maps: https://www.google.com/maps/search/?api=1&query=EMPREINTES%20-%20Le%20concept%20store%20des%20m%C3%A9tiers%20d'art%2C%20Paris%2C%20France
Website: https://www.empreintes-paris.com/"
Early June,"19 Rue Jean Poulmarch, 75010 Paris, France",Paris,10e,,bar,,,4.4,527,48.8729603,2.363288,https://maps.google.com/?cid=15416878027658806043&g_mp=CiVnb29nbGUubWFwcy5wbGFjZXMudjEuUGxhY2VzLkdldFBsYWNlEAIYBCAA,https://early-june.fr/,https://bookings.zenchef.com/results?rid=356752&fullscreen=1&mini=0&pid=mapstr&primaryColor=FFC222&type=web,"Type: Restaurant
Arrondissement: 10e
Google: 4.4 (527 reviews)
Food types: bar
Tags: Trendy, Restaurant
Google Maps: https://maps.google.com/?cid=15416878027658806043&g_mp=CiVnb29nbGUubWFwcy5wbGFjZXMudjEuUGxhY2VzLkdldFBsYWNlEAIYBCAA
Website: https://early-june.fr/
Booking: https://bookings.zenchef.com/results?rid=356752&fullscreen=1&mini=0&pid=mapstr&primaryColor=FFC222&type=web"
Echo,"95 Rue d'Aboukir, Paris 75002",Paris,2e,,restaurant,,,,,48.8682785,2.3485325,https://www.google.com/maps/search/?api=1&query=Echo%2C%20Paris%2C%20France,http://www.echo-paris.com/,https://bookings.zenchef.com/results?rid=354363&fullscreen=1&mini=0&pid=mapstr&primaryColor=FFC222&type=web,"Arrondissement: 2e
Food types: restaurant
Tags: Restaurant, Trendy
Google Maps: https://www.google.com/maps/search/?api=1&query=Echo%2C%20Paris%2C%20France
Website: http://www.echo-paris.com/
Booking: https://bookings.zenchef.com/results?rid=354363&fullscreen=1&mini=0&pid=mapstr&primaryColor=FFC222&type=web"
El Nopal,"3 Rue Eugène Varlin, 75010 Paris, France",Paris,10e,,restaurant,,€,4.3,782,48.87782879999999,2.3651426,https://maps.google.com/?cid=6003979595994778494&g_mp=CiVnb29nbGUubWFwcy5wbGFjZXMudjEuUGxhY2VzLkdldFBsYWNlEAIYBCAA,https://www.elnopalparis.com/,,"Type: Mexican Restaurant
Arrondissement: 10e
Price: €
Google: 4.3 (782 reviews)
Food types: restaurant
Tags: Mexican, Restaurant
Google Maps: https://maps.google.com/?cid=6003979595994778494&g_mp=CiVnb29nbGUubWFwcy5wbGFjZXMudjEuUGxhY2VzLkdldFBsYWNlEAIYBCAA
Website: https://www.elnopalparis.com/"
El Nopal Taqueria,"5 Rue Duperré, 75009 Paris, France",Paris,9e,,restaurant,,,4.5,1376,48.8819802,2.3364629,https://maps.google.com/?cid=4505823388786636276&g_mp=CiVnb29nbGUubWFwcy5wbGFjZXMudjEuUGxhY2VzLkdldFBsYWNlEAIYBCAA,http://www.elnopalparis.com/,,"Type: Mexican Restaurant
Arrondissement: 9e
Google: 4.5 (1,376 reviews)
Food types: restaurant
Tags: Mexican, Restaurant
Google Maps: https://maps.google.com/?cid=4505823388786636276&g_mp=CiVnb29nbGUubWFwcy5wbGFjZXMudjEuUGxhY2VzLkdldFBsYWNlEAIYBCAA
Website: http://www.elnopalparis.com/"
Elbi,"54 Rue de Paradis, 75010 Paris, France",Paris,10e,,restaurant,,,4.5,239,48.8751181,2.3519748,https://maps.google.com/?cid=15869480553498492054&g_mp=CiVnb29nbGUubWFwcy5wbGFjZXMudjEuUGxhY2VzLkdldFBsYWNlEAIYBCAA,https://restaurantelbi.fr/,,"Type: Restaurant
Arrondissement: 10e
Google: 4.5 (239 reviews)
Food types: restaurant
Tags: Restaurant, Trendy
Google Maps: https://maps.google.com/?cid=15869480553498492054&g_mp=CiVnb29nbGUubWFwcy5wbGFjZXMudjEuUGxhY2VzLkdldFBsYWNlEAIYBCAA
Website: https://restaurantelbi.fr/"
Ellsworth,"rue, 34 Rue de Richelieu, 75001 Paris, France",Paris,1er,,"restaurant, brunch",,,,,48.8655806,2.3369467,https://www.google.com/maps/search/?api=1&query=Ellsworth%2C%20Paris%2C%20France,http://www.ellsworthparis.com/,,"Arrondissement: 1er
Food types: restaurant, brunch
Tags: Brunch, Restaurant, Trendy
Google Maps: https://www.google.com/maps/search/?api=1&query=Ellsworth%2C%20Paris%2C%20France
Website: http://www.ellsworthparis.com/"
EnYaa,"37 Rue de Montpensier, 75001 Paris, France",Paris,1er,,restaurant,,,,,48.8658639,2.337334499999999,https://www.google.com/maps/search/?api=1&query=EnYaa%2C%20Paris%2C%20France,http://www.enyaa-paris.com/,https://thefork.fr/restaurant/enyaa-r286949/?cc=24751-923,"Arrondissement: 1er
Food types: restaurant
Tags: Japanese, Restaurant
Google Maps: https://www.google.com/maps/search/?api=1&query=EnYaa%2C%20Paris%2C%20France
Website: http://www.enyaa-paris.com/
Booking: https://thefork.fr/restaurant/enyaa-r286949/?cc=24751-923"
Epoca,"17 Rue Oudinot, 75007 Paris, France",Paris,7e,,restaurant,,,,,48.8500698,2.3178957,https://www.google.com/maps/search/?api=1&query=Epoca%2C%20Paris%2C%20France,http://epoca.paris/,https://bookings.zenchef.com/results?rid=352004&fullscreen=1&mini=0&pid=mapstr&primaryColor=FFC222&type=web,"Arrondissement: 7e
Food types: restaurant
Tags: Restaurant, Italian
Google Maps: https://www.google.com/maps/search/?api=1&query=Epoca%2C%20Paris%2C%20France
Website: http://epoca.paris/
Booking: https://bookings.zenchef.com/results?rid=352004&fullscreen=1&mini=0&pid=mapstr&primaryColor=FFC222&type=web"
Eunoé,"6 Rue Rochebrune, 75011 Paris, France",Paris,11e,,restaurant,,,4.8,905,48.8607713,2.378991,https://maps.google.com/?cid=9843713178588934640&g_mp=CiVnb29nbGUubWFwcy5wbGFjZXMudjEuUGxhY2VzLkdldFBsYWNlEAIYBCAA,https://www.eunoe-restaurant.com/,https://bookings.zenchef.com/results?rid=362706&fullscreen=1&mini=0&pid=mapstr&primaryColor=FFC222&type=web,"Type: Restaurant
Arrondissement: 11e
Google: 4.8 (905 reviews)
Food types: restaurant
Tags: Frenchie, Restaurant, Japanese
Google Maps: https://maps.google.com/?cid=9843713178588934640&g_mp=CiVnb29nbGUubWFwcy5wbGFjZXMudjEuUGxhY2VzLkdldFBsYWNlEAIYBCAA
Website: https://www.eunoe-restaurant.com/
Booking: https://bookings.zenchef.com/results?rid=362706&fullscreen=1&mini=0&pid=mapstr&primaryColor=FFC222&type=web"
EviDenS de Beauté La Maison,"31 Rue Boissière, 75116 Paris, France",Paris,16e,,generic,,,,,48.8665146,2.2905564,https://www.google.com/maps/search/?api=1&query=EviDenS%20de%20Beaut%C3%A9%20La%20Maison%2C%20Paris%2C%20France,http://www.evidensdebeaute.com/,,"Arrondissement: 16e
Food types: generic
Tags: Beauty
Google Maps: https://www.google.com/maps/search/?api=1&query=EviDenS%20de%20Beaut%C3%A9%20La%20Maison%2C%20Paris%2C%20France
Website: http://www.evidensdebeaute.com/"
Experimental Cocktail Club,"37 Rue Saint-Sauveur, 75002 Paris, France",Paris,2e,,bar,,,,,48.86606399999999,2.348261,https://www.google.com/maps/search/?api=1&query=Experimental%20Cocktail%20Club%2C%20Paris%2C%20France,https://www.experimentalgroup.com/venue/experimental-cocktail-club/,,"Arrondissement: 2e
Food types: bar
Tags: SH, Cocktail, Trendy
Google Maps: https://www.google.com/maps/search/?api=1&query=Experimental%20Cocktail%20Club%2C%20Paris%2C%20France
Website: https://www.experimentalgroup.com/venue/experimental-cocktail-club/"
FELINI,"50 Rue Saint-Georges, 75009 Paris, France",Paris,9e,,restaurant,,,4.9,66,48.8761687,2.3371124,https://maps.google.com/?cid=15702351425400949899&g_mp=CiVnb29nbGUubWFwcy5wbGFjZXMudjEuUGxhY2VzLkdldFBsYWNlEAIYBCAA,http://feliniparis.cargo.site/,,"Type: Restaurant
Arrondissement: 9e
Google: 4.9 (66 reviews)
Food types: restaurant
Tags: Italian, Restaurant
Google Maps: https://maps.google.com/?cid=15702351425400949899&g_mp=CiVnb29nbGUubWFwcy5wbGFjZXMudjEuUGxhY2VzLkdldFBsYWNlEAIYBCAA
Website: http://feliniparis.cargo.site/"
FIRN | Biotechnology Skincare,"Rue Montorgueil, Paris, France",Paris,,,generic,,,,,48.86526489257812,2.346820116043091,https://www.google.com/maps/search/?api=1&query=FIRN%20%7C%20Biotechnology%20Skincare%2C%20Paris%2C%20France,,,"Food types: generic
Tags: Shopping
Google Maps: https://www.google.com/maps/search/?api=1&query=FIRN%20%7C%20Biotechnology%20Skincare%2C%20Paris%2C%20France"
FUGAZI,"Rue Lacharrière, Paris, France",Paris,,,bar,,,4.4,374,48.86177444458008,2.377899408340454,https://maps.google.com/?cid=9777724166108584822&g_mp=CiVnb29nbGUubWFwcy5wbGFjZXMudjEuUGxhY2VzLkdldFBsYWNlEAIYBCAA,http://fugazi.paris/,https://bookings.zenchef.com/results?rid=365493&fullscreen=1&mini=0&pid=mapstr&primaryColor=FFC222&type=web,"Type: Restaurant
Google: 4.4 (374 reviews)
Food types: bar
Tags: Italian, Restaurant
Google Maps: https://maps.google.com/?cid=9777724166108584822&g_mp=CiVnb29nbGUubWFwcy5wbGFjZXMudjEuUGxhY2VzLkdldFBsYWNlEAIYBCAA
Website: http://fugazi.paris/
Booking: https://bookings.zenchef.com/results?rid=365493&fullscreen=1&mini=0&pid=mapstr&primaryColor=FFC222&type=web"
FURIA,"2 Rue Lacharrière, 75011 Paris, France",Paris,11e,,restaurant,,,4.4,384,48.8616671,2.3773666,https://maps.google.com/?cid=12229547262166145652&g_mp=CiVnb29nbGUubWFwcy5wbGFjZXMudjEuUGxhY2VzLkdldFBsYWNlEAIYBCAA,,,"Type: Mexican Restaurant
Arrondissement: 11e
Google: 4.4 (384 reviews)
Food types: restaurant
Tags: Mexican
Google Maps: https://maps.google.com/?cid=12229547262166145652&g_mp=CiVnb29nbGUubWFwcy5wbGFjZXMudjEuUGxhY2VzLkdldFBsYWNlEAIYBCAA"
Fana,"14 Rue Ferdinand Flocon, 75018 Paris, France",Paris,18e,,restaurant,,,4.9,880,48.8915119,2.345906,https://maps.google.com/?cid=16155946027569717043&g_mp=CiVnb29nbGUubWFwcy5wbGFjZXMudjEuUGxhY2VzLkdldFBsYWNlEAIYBCAA,https://www.fanabistro.fr/,,"Type: Bistro
Arrondissement: 18e
Google: 4.9 (880 reviews)
Food types: restaurant
Tags: Restaurant
Google Maps: https://maps.google.com/?cid=16155946027569717043&g_mp=CiVnb29nbGUubWFwcy5wbGFjZXMudjEuUGxhY2VzLkdldFBsYWNlEAIYBCAA
Website: https://www.fanabistro.fr/"
Farine&O,"153 Rue du Faubourg Saint-Antoine, 75011 Paris, France",Paris,11e,,restaurant,,,,,48.8506784,2.3792563,https://www.google.com/maps/search/?api=1&query=Farine%26O%2C%20Paris%2C%20France,http://www.facebook.com/FarineetO,,"Arrondissement: 11e
Food types: restaurant
Tags: Bakery
Google Maps: https://www.google.com/maps/search/?api=1&query=Farine%26O%2C%20Paris%2C%20France
Website: http://www.facebook.com/FarineetO"
Faubourg Daimant,"20 Rue du Faubourg Poissonnière, 75010 Paris, France",Paris,10e,,restaurant,,,4.6,4290,48.877016,2.3489129,https://maps.google.com/?cid=2801211592691105032&g_mp=CiVnb29nbGUubWFwcy5wbGFjZXMudjEuUGxhY2VzLkdldFBsYWNlEAIYBCAA,https://www.daimant.co/faubourg-daimant.html,http://www.opentable.fr/r/faubourg-daimant-paris?ref=17374,"Type: Vegan Restaurant
Arrondissement: 10e
Google: 4.6 (4,290 reviews)
Food types: restaurant
Tags: Vegan, Restaurant
Google Maps: https://maps.google.com/?cid=2801211592691105032&g_mp=CiVnb29nbGUubWFwcy5wbGFjZXMudjEuUGxhY2VzLkdldFBsYWNlEAIYBCAA
Website: https://www.daimant.co/faubourg-daimant.html
Booking: http://www.opentable.fr/r/faubourg-daimant-paris?ref=17374"
Fellows,84 Rue du Faubourg Saint-Denis Paris 75010,Paris,10e,,bar,,,4.9,7595,48.873898,2.355216,https://maps.google.com/?cid=18065984949057555563&g_mp=CiVnb29nbGUubWFwcy5wbGFjZXMudjEuUGxhY2VzLkdldFBsYWNlEAIYBCAA,https://www.fellows-restaurants.com/,,"Type: Vegetarian Restaurant
Arrondissement: 10e
Google: 4.9 (7,595 reviews)
Food types: bar
Tags: Italian, Restaurant
Google Maps: https://maps.google.com/?cid=18065984949057555563&g_mp=CiVnb29nbGUubWFwcy5wbGFjZXMudjEuUGxhY2VzLkdldFBsYWNlEAIYBCAA
Website: https://www.fellows-restaurants.com/"
Fleux',"39 Rue Sainte-Croix de la Bretonnerie, 75004 Paris, France",Paris,4e,,shopping,,,,,48.8587625,2.3541615,https://www.google.com/maps/search/?api=1&query=Fleux'%2C%20Paris%2C%20France,http://www.fleux.com/,,"Arrondissement: 4e
Food types: shopping
Tags: Deco, Shopping, Design
Google Maps: https://www.google.com/maps/search/?api=1&query=Fleux'%2C%20Paris%2C%20France
Website: http://www.fleux.com/"
Flor Cantina,"111 Bd Beaumarchais, 75003 Paris, France",Paris,3e,,restaurant,,,4.5,2,48.860719,2.3667638,https://maps.google.com/?cid=14436200215115488001&g_mp=CiVnb29nbGUubWFwcy5wbGFjZXMudjEuUGxhY2VzLkdldFBsYWNlEAIYBCAA,https://instagram.com/florcantina?igshid=YmMyMTA2M2Y=,,"Type: Taco Restaurant
Arrondissement: 3e
Google: 4.5 (2 reviews)
Food types: restaurant
Tags: Restaurant, Trendy
Google Maps: https://maps.google.com/?cid=14436200215115488001&g_mp=CiVnb29nbGUubWFwcy5wbGFjZXMudjEuUGxhY2VzLkdldFBsYWNlEAIYBCAA
Website: https://instagram.com/florcantina?igshid=YmMyMTA2M2Y="
Folderol,"10 Rue du Grand Prieuré, 75011 Paris, France",Paris,11e,,bar,,€€,4.3,601,48.8652318,2.3690612,https://maps.google.com/?cid=16618287825002869818&g_mp=CiVnb29nbGUubWFwcy5wbGFjZXMudjEuUGxhY2VzLkdldFBsYWNlEAIYBCAA,http://www.folderol.com/,,"Type: Wine Bar
Arrondissement: 11e
Price: €€
Google: 4.3 (601 reviews)
Food types: bar
Tags: Wine bar, Natural wine
Google Maps: https://maps.google.com/?cid=16618287825002869818&g_mp=CiVnb29nbGUubWFwcy5wbGFjZXMudjEuUGxhY2VzLkdldFBsYWNlEAIYBCAA
Website: http://www.folderol.com/"
Fondation Azzedine Alaïa,"18 Rue de la Verrerie, 75004 Paris, France",Paris,4e,,art_gallery,,,4.7,697,48.8573448,2.3548172,https://maps.google.com/?cid=15042752557533171434&g_mp=CiVnb29nbGUubWFwcy5wbGFjZXMudjEuUGxhY2VzLkdldFBsYWNlEAIYBCAA,https://www.maison-alaia.com/experience/fr/exhibitions/,https://bookings.zenchef.com/results?rid=356209&fullscreen=1&mini=0&pid=mapstr&primaryColor=FFC222&type=web,"Type: Art museum
Arrondissement: 4e
Google: 4.7 (697 reviews)
Food types: art_gallery
Tags: Fashion, Bar
Google Maps: https://maps.google.com/?cid=15042752557533171434&g_mp=CiVnb29nbGUubWFwcy5wbGFjZXMudjEuUGxhY2VzLkdldFBsYWNlEAIYBCAA
Website: https://www.maison-alaia.com/experience/fr/exhibitions/
Booking: https://bookings.zenchef.com/results?rid=356209&fullscreen=1&mini=0&pid=mapstr&primaryColor=FFC222&type=web"
Fondation Cartier pour l’art contemporain,"261 Boulevard Raspail, 75014 Paris, France",Paris,14e,,museum,,,,,48.837284,2.3319203,https://www.google.com/maps/search/?api=1&query=Fondation%20Cartier%20pour%20l%E2%80%99art%20contemporain%2C%20Paris%2C%20France,https://www.fondationcartier.com/,,"Arrondissement: 14e
Food types: museum
Tags: Museum
Google Maps: https://www.google.com/maps/search/?api=1&query=Fondation%20Cartier%20pour%20l%E2%80%99art%20contemporain%2C%20Paris%2C%20France
Website: https://www.fondationcartier.com/"
Fondation Galeries Lafayette,"9 Rue du Plâtre, 75004 Paris, France",Paris,4e,,museum,,,,,48.8591576,2.3548895,https://www.google.com/maps/search/?api=1&query=Fondation%20Galeries%20Lafayette%2C%20Paris%2C%20France,https://www.lafayetteanticipations.com/fr,,"Arrondissement: 4e
Food types: museum
Tags: Museum
Google Maps: https://www.google.com/maps/search/?api=1&query=Fondation%20Galeries%20Lafayette%2C%20Paris%2C%20France
Website: https://www.lafayetteanticipations.com/fr"
Fondation Louis Vuitton,"8 Avenue du Mahatma Gandhi, 75116 Paris, France",Paris,16e,,museum,,,,,48.8766138,2.2634224,https://www.google.com/maps/search/?api=1&query=Fondation%20Louis%20Vuitton%2C%20Paris%2C%20France,http://www.fondationlouisvuitton.fr/,,"Arrondissement: 16e
Food types: museum
Tags: Museum
Google Maps: https://www.google.com/maps/search/?api=1&query=Fondation%20Louis%20Vuitton%2C%20Paris%2C%20France
Website: http://www.fondationlouisvuitton.fr/"
Freddy's,"Rue de Seine, Paris, France",Paris,,,restaurant,,€€,4.6,1689,48.8540933,2.3368957,https://maps.google.com/?cid=211285853107128504&g_mp=CiVnb29nbGUubWFwcy5wbGFjZXMudjEuUGxhY2VzLkdldFBsYWNlEAIYBCAA,http://www.facebook.com/Freddys-1077279915635052/,,"Type: Tapas Restaurant
Price: €€
Google: 4.6 (1,689 reviews)
Food types: restaurant
Tags: Wine bar, Restaurant
Google Maps: https://maps.google.com/?cid=211285853107128504&g_mp=CiVnb29nbGUubWFwcy5wbGFjZXMudjEuUGxhY2VzLkdldFBsYWNlEAIYBCAA
Website: http://www.facebook.com/Freddys-1077279915635052/"
"Frenchie, Rue du Nil, Paris, France","5-6 Rue du Nil, Paris, France",Paris,,,restaurant,,€€€,4.5,2024,48.86776388811727,2.347981445756456,https://maps.google.com/?cid=10606828223601549059&g_mp=CiVnb29nbGUubWFwcy5wbGFjZXMudjEuUGxhY2VzLkdldFBsYWNlEAIYBCAA,http://www.frenchie-restaurant.com,https://bookings.zenchef.com/results?rid=357696&fullscreen=1&mini=0&pid=mapstr&primaryColor=FFC222&type=web,"Type: French Restaurant
Price: €€€
Google: 4.5 (2,024 reviews)
Food types: restaurant
Tags: Frenchie, Restaurant, Trendy
Google summary: Rustic-chic stop for seasonal French dishes with global influences, plus chef's carte blanche menus.
Google Maps: https://maps.google.com/?cid=10606828223601549059&g_mp=CiVnb29nbGUubWFwcy5wbGFjZXMudjEuUGxhY2VzLkdldFBsYWNlEAIYBCAA
Website: http://www.frenchie-restaurant.com
Booking: https://bookings.zenchef.com/results?rid=357696&fullscreen=1&mini=0&pid=mapstr&primaryColor=FFC222&type=web"
Fugue - Restaurant,"Rue du Faubourg Saint-Martin, Paris, France",Paris,,,restaurant,,,4.9,577,48.8768338,2.3610189,https://maps.google.com/?cid=1078145238813290068&g_mp=CiVnb29nbGUubWFwcy5wbGFjZXMudjEuUGxhY2VzLkdldFBsYWNlEAIYBCAA,https://fugueparis.fr/,,"Type: French Restaurant
Google: 4.9 (577 reviews)
Food types: restaurant
Tags: Wine bar, Restaurant
Google Maps: https://maps.google.com/?cid=1078145238813290068&g_mp=CiVnb29nbGUubWFwcy5wbGFjZXMudjEuUGxhY2VzLkdldFBsYWNlEAIYBCAA
Website: https://fugueparis.fr/"
Fulgurances,"10 Rue Alexandre Dumas, 75011 Paris, Frankreich",Paris,11e,,restaurant,,,,,48.852931,2.389863999999999,https://www.google.com/maps/search/?api=1&query=Fulgurances%2C%20Paris%2C%20France,http://www.fulgurances.com/,https://bookings.zenchef.com/results?rid=353612&fullscreen=1&mini=0&pid=mapstr&primaryColor=FFC222&type=web,"Arrondissement: 11e
Food types: restaurant
Tags: Restaurant, Unusual
Google Maps: https://www.google.com/maps/search/?api=1&query=Fulgurances%2C%20Paris%2C%20France
Website: http://www.fulgurances.com/
Booking: https://bookings.zenchef.com/results?rid=353612&fullscreen=1&mini=0&pid=mapstr&primaryColor=FFC222&type=web"
GRAIN[S],"6 Rue Mabillon, 75006 Paris, France",Paris,6e,,restaurant,,,4.5,255,48.8524947,2.334949,https://maps.google.com/?cid=5729617903043290490&g_mp=CiVnb29nbGUubWFwcy5wbGFjZXMudjEuUGxhY2VzLkdldFBsYWNlEAIYBCAA,https://grains.becsparisiens.fr/,https://thefork.fr/restaurant/grains-r826674/?cc=24751-923,"Type: Wine Bar
Arrondissement: 6e
Google: 4.5 (255 reviews)
Food types: restaurant
Tags: Wine bar
Google Maps: https://maps.google.com/?cid=5729617903043290490&g_mp=CiVnb29nbGUubWFwcy5wbGFjZXMudjEuUGxhY2VzLkdldFBsYWNlEAIYBCAA
Website: https://grains.becsparisiens.fr/
Booking: https://thefork.fr/restaurant/grains-r826674/?cc=24751-923"
Galerie Karsten Greve,"Rue Debelleyme, Paris, France",Paris,,,art_gallery,,,,,48.8604776,2.3639368,https://www.google.com/maps/search/?api=1&query=Galerie%20Karsten%20Greve%2C%20Paris%2C%20France,http://galerie-karsten-greve.com/,,"Food types: art_gallery
Tags: Spot to visit
Google Maps: https://www.google.com/maps/search/?api=1&query=Galerie%20Karsten%20Greve%2C%20Paris%2C%20France
Website: http://galerie-karsten-greve.com/"
Galette Café,"2 Rue de l'Université, 75007 Paris, France",Paris,7e,,restaurant,,€€,4.6,1091,48.8610269,2.3141312,https://maps.google.com/?cid=17249947048576793261&g_mp=CiVnb29nbGUubWFwcy5wbGFjZXMudjEuUGxhY2VzLkdldFBsYWNlEAIYBCAA,http://galette-cafe.com/,https://thefork.fr/restaurant/galette-cafe-r837607/?cc=24751-923,"Type: Dessert Shop
Arrondissement: 7e
Price: €€
Google: 4.6 (1,091 reviews)
Food types: restaurant
Tags: Creps
Google summary: Modern venue with an industrial vibe, doling out Breton specialties like cider & oysters.
Google Maps: https://maps.google.com/?cid=17249947048576793261&g_mp=CiVnb29nbGUubWFwcy5wbGFjZXMudjEuUGxhY2VzLkdldFBsYWNlEAIYBCAA
Website: http://galette-cafe.com/
Booking: https://thefork.fr/restaurant/galette-cafe-r837607/?cc=24751-923"
Garance,"34 Rue Saint-Dominique, 75007 Paris, France",Paris,7e,,restaurant,,€€€€,4.5,319,48.8599927,2.3153274,https://maps.google.com/?cid=138072956287092235&g_mp=CiVnb29nbGUubWFwcy5wbGFjZXMudjEuUGxhY2VzLkdldFBsYWNlEAIYBCAA,http://www.garance-saintdominique.fr/,,"Type: French Restaurant
Arrondissement: 7e
Price: €€€€
Google: 4.5 (319 reviews)
Food types: restaurant
Tags: Restaurant
Google summary: Inventive, seasonal French cuisine, plus a robust wine list, in an understated, monochrome space.
Google Maps: https://maps.google.com/?cid=138072956287092235&g_mp=CiVnb29nbGUubWFwcy5wbGFjZXMudjEuUGxhY2VzLkdldFBsYWNlEAIYBCAA
Website: http://www.garance-saintdominique.fr/"
Gare au Gorille,"68 Rue des Dames, 75017 Paris, France",Paris,17e,,"restaurant, brunch",,,,,48.8835646,2.3199363,https://www.google.com/maps/search/?api=1&query=Gare%20au%20Gorille%2C%20Paris%2C%20France,http://www.gareaugorille.fr/,https://bookings.zenchef.com/results?rid=356846&fullscreen=1&mini=0&pid=mapstr&primaryColor=FFC222&type=web,"Arrondissement: 17e
Food types: restaurant, brunch
Tags: Frenchie, Brunch, Restaurant
Google Maps: https://www.google.com/maps/search/?api=1&query=Gare%20au%20Gorille%2C%20Paris%2C%20France
Website: http://www.gareaugorille.fr/
Booking: https://bookings.zenchef.com/results?rid=356846&fullscreen=1&mini=0&pid=mapstr&primaryColor=FFC222&type=web"
Garçon !,"83 Rue du Cherche-Midi, 75006 Paris, France",Paris,6e,,restaurant,,,4.8,354,48.8475348,2.3230452,https://maps.google.com/?cid=4945232902223918813&g_mp=CiVnb29nbGUubWFwcy5wbGFjZXMudjEuUGxhY2VzLkdldFBsYWNlEAIYBCAA,http://www.garcon-cafe.com/,https://thefork.fr/restaurant/garcon--r485827/?cc=24751-923,"Type: Restaurant
Arrondissement: 6e
Google: 4.8 (354 reviews)
Food types: restaurant
Tags: Restaurant, Frenchie
Google Maps: https://maps.google.com/?cid=4945232902223918813&g_mp=CiVnb29nbGUubWFwcy5wbGFjZXMudjEuUGxhY2VzLkdldFBsYWNlEAIYBCAA
Website: http://www.garcon-cafe.com/
Booking: https://thefork.fr/restaurant/garcon--r485827/?cc=24751-923"
Gaston et Marlo - La table des copains,"4 Boulevard St Denis, 75010 Paris, France",Paris,10e,,restaurant,,€€,4.3,3543,48.8691873,2.3548571,https://maps.google.com/?cid=16463095154158039715&g_mp=CiVnb29nbGUubWFwcy5wbGFjZXMudjEuUGxhY2VzLkdldFBsYWNlEAIYBCAA,http://www.leplombducantal.com/acces_rivedroite.htm,,"Type: French Restaurant
Arrondissement: 10e
Price: €€
Google: 4.3 (3,543 reviews)
Food types: restaurant
Tags: Restaurant
Google summary: Auvergne dishes like aligot, truffade & sausages served in a rustic dining room or on a terrace.
Google Maps: https://maps.google.com/?cid=16463095154158039715&g_mp=CiVnb29nbGUubWFwcy5wbGFjZXMudjEuUGxhY2VzLkdldFBsYWNlEAIYBCAA
Website: http://www.leplombducantal.com/acces_rivedroite.htm"
Gaya Rive Gauche,"44 Rue du Bac, 75007 Paris, France",Paris,7e,,restaurant,,€€€€,4.6,547,48.856578,2.323987,https://maps.google.com/?cid=6409924139855520036&g_mp=CiVnb29nbGUubWFwcy5wbGFjZXMudjEuUGxhY2VzLkdldFBsYWNlEAIYBCAA,http://www.pierre-gagnaire.com/,https://thefork.fr/restaurant/gaya-r658811/?cc=24751-923,"Type: Seafood Restaurant
Arrondissement: 7e
Price: €€€€
Google: 4.6 (547 reviews)
Food types: restaurant
Tags: Fish, Restaurant
Google summary: Fine dining locale for grilled fish, lobster & seafood platters, plus artfully plated desserts.
Google Maps: https://maps.google.com/?cid=6409924139855520036&g_mp=CiVnb29nbGUubWFwcy5wbGFjZXMudjEuUGxhY2VzLkdldFBsYWNlEAIYBCAA
Website: http://www.pierre-gagnaire.com/
Booking: https://thefork.fr/restaurant/gaya-r658811/?cc=24751-923"
Go Oun,"14 Rue Thérèse, 75001 Paris, France",Paris,1er,,restaurant,,€€,4.4,2048,48.86635,2.33532,https://maps.google.com/?cid=1632090054616746540&g_mp=CiVnb29nbGUubWFwcy5wbGFjZXMudjEuUGxhY2VzLkdldFBsYWNlEAIYBCAA,http://resto-gooun.com/,,"Type: Korean Restaurant
Arrondissement: 1er
Price: €€
Google: 4.4 (2,048 reviews)
Food types: restaurant
Tags: Korean, Restaurant
Google summary: Korean classics like bulgogi, bibimbap & fried chicken in an unpretentious restaurant.
Google Maps: https://maps.google.com/?cid=1632090054616746540&g_mp=CiVnb29nbGUubWFwcy5wbGFjZXMudjEuUGxhY2VzLkdldFBsYWNlEAIYBCAA
Website: http://resto-gooun.com/"
Grand Café Capucines,"4 Boulevard des Capucines, Paris 75009",Paris,9e,,restaurant,,€€€,4.5,16304,48.8711033,2.33364,https://maps.google.com/?cid=14345340856536771728&g_mp=CiVnb29nbGUubWFwcy5wbGFjZXMudjEuUGxhY2VzLkdldFBsYWNlEAIYBCAA,http://www.legrandcafe.com/?utm_source=Google&utm_medium=GMB&utm_campaign=GCC,https://bookings.zenchef.com/results?rid=352089&fullscreen=1&mini=0&pid=mapstr&primaryColor=FFC222&type=web,"Type: French Restaurant
Arrondissement: 9e
Price: €€€
Google: 4.5 (16,304 reviews)
Food types: restaurant
Tags: Frenchie
Google summary: Seafood platters, oysters & lobster, plus brasserie standards, in an opulent 1800s establishment.
Google Maps: https://maps.google.com/?cid=14345340856536771728&g_mp=CiVnb29nbGUubWFwcy5wbGFjZXMudjEuUGxhY2VzLkdldFBsYWNlEAIYBCAA
Website: http://www.legrandcafe.com/?utm_source=Google&utm_medium=GMB&utm_campaign=GCC
Booking: https://bookings.zenchef.com/results?rid=352089&fullscreen=1&mini=0&pid=mapstr&primaryColor=FFC222&type=web"
Grand Palais,"3 Avenue du Général Eisenhower, 75008 Paris, France",Paris,8e,,museum,,,,,48.86610909999999,2.3124544,https://www.google.com/maps/search/?api=1&query=Grand%20Palais%2C%20Paris%2C%20France,http://www.grandpalais.fr/,,"Arrondissement: 8e
Food types: museum
Tags: Museum
Google Maps: https://www.google.com/maps/search/?api=1&query=Grand%20Palais%2C%20Paris%2C%20France
Website: http://www.grandpalais.fr/"
Grand Pigalle Hôtel,"29 Rue Victor Massé, 75009 Paris, France",Paris,9e,,"lodging, hotel",,,,,48.8809013,2.3375566,https://www.google.com/maps/search/?api=1&query=Grand%20Pigalle%20H%C3%B4tel%2C%20Paris%2C%20France,http://www.grandpigalle.com/,,"Arrondissement: 9e
Food types: lodging, hotel
Tags: Restaurant, Cocktail, Hotel / BB, Trendy, SH, To work
Google Maps: https://www.google.com/maps/search/?api=1&query=Grand%20Pigalle%20H%C3%B4tel%2C%20Paris%2C%20France
Website: http://www.grandpigalle.com/"
GrandCœur,"41 Rue du Temple, 75004 Paris, France",Paris,4e,,restaurant,,,,,48.85960069999999,2.3538752,https://www.google.com/maps/search/?api=1&query=GrandC%C5%93ur%2C%20Paris%2C%20France,http://www.grandcoeur.paris/,https://bookings.zenchef.com/results?rid=356815&pid=mapstr,"Arrondissement: 4e
Food types: restaurant
Tags: Bistrot, Frenchie, Italian
Google Maps: https://www.google.com/maps/search/?api=1&query=GrandC%C5%93ur%2C%20Paris%2C%20France
Website: http://www.grandcoeur.paris/
Booking: https://bookings.zenchef.com/results?rid=356815&pid=mapstr"
Ground Control,81 rue du charolais Paris 75012,Paris,12e,,bar,,,,,48.8439199,2.381509599999999,https://www.google.com/maps/search/?api=1&query=Ground%20Control%2C%20Paris%2C%20France,http://www.groundcontrolparis.com/,,"Arrondissement: 12e
Food types: bar
Tags: Restaurant, Street food
Google Maps: https://www.google.com/maps/search/?api=1&query=Ground%20Control%2C%20Paris%2C%20France
Website: http://www.groundcontrolparis.com/"
Guefen,"Rue du Vertbois, Paris, France",Paris,,,restaurant,,,4.9,351,48.86673355102539,2.358614206314087,https://maps.google.com/?cid=8462677400349660271&g_mp=CiVnb29nbGUubWFwcy5wbGFjZXMudjEuUGxhY2VzLkdldFBsYWNlEAIYBCAA,http://guefen.fr/,https://thefork.fr/restaurant/guefen-r833328/?cc=24751-923,"Type: French Restaurant
Google: 4.9 (351 reviews)
Food types: restaurant
Tags: Israeli, Gastro / higher end
Google Maps: https://maps.google.com/?cid=8462677400349660271&g_mp=CiVnb29nbGUubWFwcy5wbGFjZXMudjEuUGxhY2VzLkdldFBsYWNlEAIYBCAA
Website: http://guefen.fr/
Booking: https://thefork.fr/restaurant/guefen-r833328/?cc=24751-923"
Guenmaï,"6 Rue Cardinale, 75006 Paris, France",Paris,6e,,restaurant,,,4.3,171,48.8540358,2.3358863,https://maps.google.com/?cid=15163953535030597541&g_mp=CiVnb29nbGUubWFwcy5wbGFjZXMudjEuUGxhY2VzLkdldFBsYWNlEAIYBCAA,http://guen-ma.placestars.com,,"Type: Vegetarian Restaurant
Arrondissement: 6e
Google: 4.3 (171 reviews)
Food types: restaurant
Tags: Vegetarian, Restaurant
Google Maps: https://maps.google.com/?cid=15163953535030597541&g_mp=CiVnb29nbGUubWFwcy5wbGFjZXMudjEuUGxhY2VzLkdldFBsYWNlEAIYBCAA
Website: http://guen-ma.placestars.com"
HEIMAT by Waris Dirie,"Rue Paul Valéry, Paris, France",Paris,,,generic,,,,,48.8718388263164,2.287888967397969,https://www.google.com/maps/search/?api=1&query=HEIMAT%20by%20Waris%20Dirie%2C%20Paris,https://heimatbywarisdirie.fr,,"Food types: generic
Tags: Sport
Google Maps: https://www.google.com/maps/search/?api=1&query=HEIMAT%20by%20Waris%20Dirie%2C%20Paris
Website: https://heimatbywarisdirie.fr"
HOY - Hôtel - Yoga - Restaurant - Bar - Salle de Soin - Fleuriste - YUJ YOGA STUDIO 9ème,"68 Rue des Martyrs, 75009 Paris, France",Paris,9e,,"lodging, brunch, hotel",,,3.4,29,48.88118069999999,2.340225999999999,https://maps.google.com/?cid=17381335352158234127&g_mp=CiVnb29nbGUubWFwcy5wbGFjZXMudjEuUGxhY2VzLkdldFBsYWNlEAIYBCAA,http://www.hoyparis.com/,,"Type: Yoga Studio
Arrondissement: 9e
Google: 3.4 (29 reviews)
Food types: lodging, brunch, hotel
Tags: Hotel / BB, Brunch, Vegan, Restaurant, Healthy
Google Maps: https://maps.google.com/?cid=17381335352158234127&g_mp=CiVnb29nbGUubWFwcy5wbGFjZXMudjEuUGxhY2VzLkdldFBsYWNlEAIYBCAA
Website: http://www.hoyparis.com/"
Ha Noi 1988 Flowers and Archives,"51 Rue des Archives, 75003 Paris, France",Paris,3e,,cafe,,,4.7,875,48.8605727,2.3574609,https://maps.google.com/?cid=18029000409896089141&g_mp=CiVnb29nbGUubWFwcy5wbGFjZXMudjEuUGxhY2VzLkdldFBsYWNlEAIYBCAA,https://www.viet-eat.com/,,"Type: Coffee Shop
Arrondissement: 3e
Google: 4.7 (875 reviews)
Food types: cafe
Tags: Cafe, Vietnamiese
Google Maps: https://maps.google.com/?cid=18029000409896089141&g_mp=CiVnb29nbGUubWFwcy5wbGFjZXMudjEuUGxhY2VzLkdldFBsYWNlEAIYBCAA
Website: https://www.viet-eat.com/"
Haikara,"82 Rue de la Folie Méricourt, 75011 Paris, France",Paris,11e,,restaurant,,,4.5,275,48.86643179999999,2.3700204,https://maps.google.com/?cid=9815362547646592954&g_mp=CiVnb29nbGUubWFwcy5wbGFjZXMudjEuUGxhY2VzLkdldFBsYWNlEAIYBCAA,https://haikarasummer.wixsite.com/haikarasummer,https://bookings.zenchef.com/results?rid=378763&fullscreen=1&mini=0&pid=mapstr&primaryColor=FFC222&type=web,"Type: Restaurant
Arrondissement: 11e
Google: 4.5 (275 reviews)
Food types: restaurant
Tags: Restaurant, Japanese
Google Maps: https://maps.google.com/?cid=9815362547646592954&g_mp=CiVnb29nbGUubWFwcy5wbGFjZXMudjEuUGxhY2VzLkdldFBsYWNlEAIYBCAA
Website: https://haikarasummer.wixsite.com/haikarasummer
Booking: https://bookings.zenchef.com/results?rid=378763&fullscreen=1&mini=0&pid=mapstr&primaryColor=FFC222&type=web"
Halo Paris,"12 Rue Saint-Sauveur, 75002 Paris, France",Paris,2e,,restaurant,,,4.2,454,48.86608719999999,2.3489193,https://maps.google.com/?cid=15262627556487208370&g_mp=CiVnb29nbGUubWFwcy5wbGFjZXMudjEuUGxhY2VzLkdldFBsYWNlEAIYBCAA,https://www.halo-paris.com/,https://bookings.zenchef.com/results?rid=360660&fullscreen=1&mini=0&pid=mapstr&primaryColor=FFC222&type=web,"Type: Restaurant
Arrondissement: 2e
Google: 4.2 (454 reviews)
Food types: restaurant
Tags: ❤️, Trendy, Restaurant
Google Maps: https://maps.google.com/?cid=15262627556487208370&g_mp=CiVnb29nbGUubWFwcy5wbGFjZXMudjEuUGxhY2VzLkdldFBsYWNlEAIYBCAA
Website: https://www.halo-paris.com/
Booking: https://bookings.zenchef.com/results?rid=360660&fullscreen=1&mini=0&pid=mapstr&primaryColor=FFC222&type=web"
Hanabi,"4 Impasse des Carrières, 75116 Paris, France",Paris,16e,,restaurant,,,4.6,199,48.86945343017578,2.336555480957031,https://maps.google.com/?cid=16340409597852867769&g_mp=CiVnb29nbGUubWFwcy5wbGFjZXMudjEuUGxhY2VzLkdldFBsYWNlEAIYBCAA,https://www.hotelhana-paris.com/restaurant-bar,https://bookings.zenchef.com/results?rid=362937&pid=mapstr&isPreview=1,"Type: Japanese Restaurant
Arrondissement: 16e
Google: 4.6 (199 reviews)
Food types: restaurant
Tags: Restaurant, ❤️, Asian, Gastro / higher end
Google Maps: https://maps.google.com/?cid=16340409597852867769&g_mp=CiVnb29nbGUubWFwcy5wbGFjZXMudjEuUGxhY2VzLkdldFBsYWNlEAIYBCAA
Website: https://www.hotelhana-paris.com/restaurant-bar
Booking: https://bookings.zenchef.com/results?rid=362937&pid=mapstr&isPreview=1"
Holy Burek,"66 Rue du Faubourg Poissonnière, 75010 Paris, France",Paris,10e,,"bakery, generic",,,4.6,134,48.8760155,2.3483931,https://maps.google.com/?cid=4050051359474190557&g_mp=CiVnb29nbGUubWFwcy5wbGFjZXMudjEuUGxhY2VzLkdldFBsYWNlEAIYBCAA,https://www.holyburek.com/,,"Type: Bakery
Arrondissement: 10e
Google: 4.6 (134 reviews)
Food types: bakery, generic
Tags: bootstrap, grab-and-go, Street food
Google Maps: https://maps.google.com/?cid=4050051359474190557&g_mp=CiVnb29nbGUubWFwcy5wbGFjZXMudjEuUGxhY2VzLkdldFBsYWNlEAIYBCAA
Website: https://www.holyburek.com/"
Holybelly,"19 Rue Lucien Sampaix, 75010 Paris, France",Paris,10e,,restaurant,,,,,48.8710421,2.3596598,https://www.google.com/maps/search/?api=1&query=Holybelly%2C%20Paris%2C%20France,https://holybellycafe.com/,https://holybellycafe.com/,"Arrondissement: 10e
Food types: restaurant
Tags: Restaurant, Breakfast, Trendy
Google Maps: https://www.google.com/maps/search/?api=1&query=Holybelly%2C%20Paris%2C%20France
Website: https://holybellycafe.com/
Booking: https://holybellycafe.com/"
Homer Lobster - Rambuteau,"21 Rue Rambuteau, 75004 Paris, France",Paris,4e,,restaurant,,,,,48.8607329,2.3547084,https://www.google.com/maps/search/?api=1&query=Homer%20Lobster%20-%20Rambuteau%2C%20Paris%2C%20France,http://homerlobster.com/,,"Arrondissement: 4e
Food types: restaurant
Tags: Fish, Restaurant
Google Maps: https://www.google.com/maps/search/?api=1&query=Homer%20Lobster%20-%20Rambuteau%2C%20Paris%2C%20France
Website: http://homerlobster.com/"
Hoso basque,"FR, 44 Rue Saint-Antoine, 75004 Paris, France",Paris,4e,,cafe,,,4.2,373,48.8542138,2.3640825,https://maps.google.com/?cid=2003188202626056762&g_mp=CiVnb29nbGUubWFwcy5wbGFjZXMudjEuUGxhY2VzLkdldFBsYWNlEAIYBCAA,https://hosobasque.com/,,"Type: Coffee Stand
Arrondissement: 4e
Google: 4.2 (373 reviews)
Food types: cafe
Tags: Dessert
Google Maps: https://maps.google.com/?cid=2003188202626056762&g_mp=CiVnb29nbGUubWFwcy5wbGFjZXMudjEuUGxhY2VzLkdldFBsYWNlEAIYBCAA
Website: https://hosobasque.com/"
Hotel Des Grands Boulevards,"17 Boulevard Poissonnière, 75002 Paris, France",Paris,2e,,"lodging, hotel",,,,,48.8708952,2.3449074,https://www.google.com/maps/search/?api=1&query=Hotel%20Des%20Grands%20Boulevards%2C%20Paris%2C%20France,http://www.grandsboulevardshotel.com/,,"Arrondissement: 2e
Food types: lodging, hotel
Tags: Hotel / BB, Bar, Cocktails, Italian, Restaurant, SH, To work, For groups, Rooftop
Google Maps: https://www.google.com/maps/search/?api=1&query=Hotel%20Des%20Grands%20Boulevards%2C%20Paris%2C%20France
Website: http://www.grandsboulevardshotel.com/"
Hotel Eldorado Paris,"18 Rue des Dames, 75017 Paris, France",Paris,17e,,"restaurant, hotel",,€,4.5,972,48.88504379999999,2.3249795,https://maps.google.com/?cid=4609522530565378518&g_mp=CiVnb29nbGUubWFwcy5wbGFjZXMudjEuUGxhY2VzLkdldFBsYWNlEAIYBCAA,https://hoteleldoradoparis.com/,https://bookings.zenchef.com/results?rid=357031&fullscreen=1&mini=0&pid=mapstr&primaryColor=FFC222&type=web,"Type: Hotel
Arrondissement: 17e
Price: €
Google: 4.5 (972 reviews)
Food types: restaurant, hotel
Tags: Hotel / BB, Bar, Cafe
Google summary: Bohemian hotel with warm, eclectic rooms & free Wi-Fi, plus a bistro with a garden terrace.
Google Maps: https://maps.google.com/?cid=4609522530565378518&g_mp=CiVnb29nbGUubWFwcy5wbGFjZXMudjEuUGxhY2VzLkdldFBsYWNlEAIYBCAA
Website: https://hoteleldoradoparis.com/
Booking: https://bookings.zenchef.com/results?rid=357031&fullscreen=1&mini=0&pid=mapstr&primaryColor=FFC222&type=web"
Hotel Monte Cristo Paris,"20-22 Rue Pascal, 75005 Paris, France",Paris,5e,,"lodging, hotel",,,,,48.8379461,2.3492376,https://www.google.com/maps/search/?api=1&query=Hotel%20Monte%20Cristo%20Paris%2C%20Paris%2C%20France,https://www.hotelmontecristoparis.com/,https://bookings.zenchef.com/results?rid=376215&fullscreen=1&mini=0&pid=mapstr&primaryColor=FFC222&type=web,"Arrondissement: 5e
Food types: lodging, hotel
Tags: Hotel / BB, Cocktail
Google Maps: https://www.google.com/maps/search/?api=1&query=Hotel%20Monte%20Cristo%20Paris%2C%20Paris%2C%20France
Website: https://www.hotelmontecristoparis.com/
Booking: https://bookings.zenchef.com/results?rid=376215&fullscreen=1&mini=0&pid=mapstr&primaryColor=FFC222&type=web"
Hotel National Des Beaux Arts,"243 Rue Saint-Martin, 75003 Paris, France",Paris,3e,,"lodging, hotel",,,,,48.8657453,2.353157,https://www.google.com/maps/search/?api=1&query=Hotel%20National%20Des%20Beaux%20Arts%2C%20Paris%2C%20France,http://www.hotelnational.paris/,,"Arrondissement: 3e
Food types: lodging, hotel
Tags: Bar, Cocktail, Italian, Trendy, SH, Hotel / BB, To work, For groups
Google Maps: https://www.google.com/maps/search/?api=1&query=Hotel%20National%20Des%20Beaux%20Arts%2C%20Paris%2C%20France
Website: http://www.hotelnational.paris/"
Hôtel Balzac Paris & Spa Ikoï,"6 Rue Balzac, 75008 Paris, France",Paris,8e,,lodging,,,4.2,524,48.87328900000001,2.300358,https://maps.google.com/?cid=3162092439011318870&g_mp=CiVnb29nbGUubWFwcy5wbGFjZXMudjEuUGxhY2VzLkdldFBsYWNlEAIYBCAA,http://www.hotelbalzac.com/,,"Type: Hotel
Arrondissement: 8e
Google: 4.2 (524 reviews)
Food types: lodging
Tags: Cafe, Bar
Google Maps: https://maps.google.com/?cid=3162092439011318870&g_mp=CiVnb29nbGUubWFwcy5wbGFjZXMudjEuUGxhY2VzLkdldFBsYWNlEAIYBCAA
Website: http://www.hotelbalzac.com/"
Hôtel Dame des Arts,"4 Rue Danton, 75006 Paris, France",Paris,6e,,"lodging, hotel",,,4.7,1313,48.85284730000001,2.3422929,https://maps.google.com/?cid=11828034713587340992&g_mp=CiVnb29nbGUubWFwcy5wbGFjZXMudjEuUGxhY2VzLkdldFBsYWNlEAIYBCAA,https://www.damedesarts.com/?utm_source=mapstr&utm_medium=organic&utm_campaign=gbp,https://bookings.zenchef.com/results?rid=358530&fullscreen=1&mini=0&pid=mapstr&primaryColor=FFC222&type=web,"Type: Hotel
Arrondissement: 6e
Google: 4.7 (1,313 reviews)
Food types: lodging, hotel
Tags: Hotel / BB, Restaurant, Cafe, Rooftop, Mexican
Google summary: Luxe hotel offering chic rooms & suites, some with Eiffel Tower views, plus a sauna, a gym & dining.
Google Maps: https://maps.google.com/?cid=11828034713587340992&g_mp=CiVnb29nbGUubWFwcy5wbGFjZXMudjEuUGxhY2VzLkdldFBsYWNlEAIYBCAA
Website: https://www.damedesarts.com/?utm_source=mapstr&utm_medium=organic&utm_campaign=gbp
Booking: https://bookings.zenchef.com/results?rid=358530&fullscreen=1&mini=0&pid=mapstr&primaryColor=FFC222&type=web"
Hôtel Lutetia,"Boulevard Raspail, Paris, France",Paris,,,"lodging, hotel",,,4.6,2442,48.8512444,2.3272379,https://maps.google.com/?cid=12921620010862496306&g_mp=CiVnb29nbGUubWFwcy5wbGFjZXMudjEuUGxhY2VzLkdldFBsYWNlEAIYBCAA,https://www.hotellutetia.com/,,"Type: Hotel
Google: 4.6 (2,442 reviews)
Food types: lodging, hotel
Tags: Hotel / BB, Cocktails, Bar, Gastro / higher end
Google summary: Stylish rooms & suites in a sophisticated hotel with an upscale brasserie, plus a pool & a spa.
Google Maps: https://maps.google.com/?cid=12921620010862496306&g_mp=CiVnb29nbGUubWFwcy5wbGFjZXMudjEuUGxhY2VzLkdldFBsYWNlEAIYBCAA
Website: https://www.hotellutetia.com/"
Hôtel Prince de Conti,"8 Rue Guénégaud, 75006 Paris, France",Paris,6e,,"lodging, hotel",,,5,42,48.8556685,2.3384246,https://maps.google.com/?cid=2643994848767341925&g_mp=CiVnb29nbGUubWFwcy5wbGFjZXMudjEuUGxhY2VzLkdldFBsYWNlEAIYBCAA,https://www.prince-de-conti.com/,,"Type: Hotel
Arrondissement: 6e
Google: 5.0 (42 reviews)
Food types: lodging, hotel
Tags: Cafe, Hotel / BB
Google Maps: https://maps.google.com/?cid=2643994848767341925&g_mp=CiVnb29nbGUubWFwcy5wbGFjZXMudjEuUGxhY2VzLkdldFBsYWNlEAIYBCAA
Website: https://www.prince-de-conti.com/"
Hôtel Sookie,"2bis Rue Commines, 75003 Paris, France",Paris,3e,,"lodging, hotel",,,4.7,631,48.86153411865234,2.365048170089722,https://maps.google.com/?cid=15391141190155856504&g_mp=CiVnb29nbGUubWFwcy5wbGFjZXMudjEuUGxhY2VzLkdldFBsYWNlEAIYBCAA,https://www.hotelsuzieblue.com/,https://thefork.fr/restaurant/suzie-blue-r722899/?cc=24751-923,"Type: Hotel
Arrondissement: 3e
Google: 4.7 (631 reviews)
Food types: lodging, hotel
Tags: Cafe, Hotel / BB, Trendy, To work
Google summary: Vintage-chic rooms in an artsy, hip boutique hotel with a cool cafe playing retro jazz records.
Google Maps: https://maps.google.com/?cid=15391141190155856504&g_mp=CiVnb29nbGUubWFwcy5wbGFjZXMudjEuUGxhY2VzLkdldFBsYWNlEAIYBCAA
Website: https://www.hotelsuzieblue.com/
Booking: https://thefork.fr/restaurant/suzie-blue-r722899/?cc=24751-923"
IBRIK,"43 Rue Laffitte, 75009 Paris, France",Paris,9e,,cafe,,,,,48.8752715,2.3383497,https://www.google.com/maps/search/?api=1&query=IBRIK%2C%20Paris%2C%20France,http://www.ibrik.fr/,,"Arrondissement: 9e
Food types: cafe
Tags: Cafe
Google Maps: https://www.google.com/maps/search/?api=1&query=IBRIK%2C%20Paris%2C%20France
Website: http://www.ibrik.fr/"
Il Brigante,"14 Rue du Ruisseau, 75018 Paris, France",Paris,18e,,restaurant,,€€,4.1,918,48.8921794,2.3400395,https://maps.google.com/?cid=16634504396523004284&g_mp=CiVnb29nbGUubWFwcy5wbGFjZXMudjEuUGxhY2VzLkdldFBsYWNlEAIYBCAA,http://ilbrigante.fr/,,"Type: Pizza Restaurant
Arrondissement: 18e
Price: €€
Google: 4.1 (918 reviews)
Food types: restaurant
Tags: bootstrap, paris, Pizza
Google Maps: https://maps.google.com/?cid=16634504396523004284&g_mp=CiVnb29nbGUubWFwcy5wbGFjZXMudjEuUGxhY2VzLkdldFBsYWNlEAIYBCAA
Website: http://ilbrigante.fr/"
Il Giramondo,"175 Rue de Grenelle, 75007 Paris, France",Paris,7e,,generic,,,4.4,107,48.8572007,2.3047954,https://maps.google.com/?cid=3486440292848557995&g_mp=CiVnb29nbGUubWFwcy5wbGFjZXMudjEuUGxhY2VzLkdldFBsYWNlEAIYBCAA,http://www.ilgiramondo7.com/,,"Type: Caterer
Arrondissement: 7e
Google: 4.4 (107 reviews)
Food types: generic
Tags: Italian, Restaurant
Google Maps: https://maps.google.com/?cid=3486440292848557995&g_mp=CiVnb29nbGUubWFwcy5wbGFjZXMudjEuUGxhY2VzLkdldFBsYWNlEAIYBCAA
Website: http://www.ilgiramondo7.com/"
Imperial Treasure Fine Chinese Cuisine,"44 Rue de Bassano, 75008 Paris, France",Paris,8e,,restaurant,,€€€€,4.6,599,48.8704617,2.299151699999999,https://maps.google.com/?cid=8692003223524169515&g_mp=CiVnb29nbGUubWFwcy5wbGFjZXMudjEuUGxhY2VzLkdldFBsYWNlEAIYBCAA,https://www.imperialtreasure.com/france/,https://thefork.fr/restaurant/imperial-treasure-r540737/?cc=24751-923,"Type: Chinese Restaurant
Arrondissement: 8e
Price: €€€€
Google: 4.6 (599 reviews)
Food types: restaurant
Tags: Chinese, Restaurant
Google Maps: https://maps.google.com/?cid=8692003223524169515&g_mp=CiVnb29nbGUubWFwcy5wbGFjZXMudjEuUGxhY2VzLkdldFBsYWNlEAIYBCAA
Website: https://www.imperialtreasure.com/france/
Booking: https://thefork.fr/restaurant/imperial-treasure-r540737/?cc=24751-923"
Institut Finlandais,"60 Rue des Ecoles, 75005 Paris, France",Paris,5e,,art_gallery,,,4.5,179,48.8501643,2.3433104,https://maps.google.com/?cid=7350516523345716796&g_mp=CiVnb29nbGUubWFwcy5wbGFjZXMudjEuUGxhY2VzLkdldFBsYWNlEAIYBCAA,http://www.institut-finlandais.asso.fr/,,"Type: Cultural Center
Arrondissement: 5e
Google: 4.5 (179 reviews)
Food types: art_gallery
Tags: Cafe
Google Maps: https://maps.google.com/?cid=7350516523345716796&g_mp=CiVnb29nbGUubWFwcy5wbGFjZXMudjEuUGxhY2VzLkdldFBsYWNlEAIYBCAA
Website: http://www.institut-finlandais.asso.fr/"
Ippudo Saint-Germain,"14 Rue Grégoire de Tours, Paris 75006",Paris,6e,,restaurant,,,,,48.8531969,2.337689,https://www.google.com/maps/search/?api=1&query=Ippudo%20Saint-Germain%2C%20Paris%2C%20France,http://www.ippudo.fr/,https://www.ippudo.fr/wp-content/uploads/Ippudo-SG-Grand-Menu-FR_2106.pdf,"Arrondissement: 6e
Food types: restaurant
Tags: Japanese, Restaurant
Google Maps: https://www.google.com/maps/search/?api=1&query=Ippudo%20Saint-Germain%2C%20Paris%2C%20France
Website: http://www.ippudo.fr/
Booking: https://www.ippudo.fr/wp-content/uploads/Ippudo-SG-Grand-Menu-FR_2106.pdf"
J.K. Place Paris,"82 Rue de Lille, 75007 Paris, France",Paris,7e,,"lodging, hotel",,,4.7,133,48.861187,2.321622,https://maps.google.com/?cid=17899975005371020574&g_mp=CiVnb29nbGUubWFwcy5wbGFjZXMudjEuUGxhY2VzLkdldFBsYWNlEAIYBCAA,http://www.jkplace.paris/,,"Type: Hotel
Arrondissement: 7e
Google: 4.7 (133 reviews)
Food types: lodging, hotel
Tags: Hotel / BB, Restaurant, Gastro / higher end
Google summary: Sophisticated rooms & suites in a high-end hotel with a formal dining room, a patio & free Wi-Fi.
Google Maps: https://maps.google.com/?cid=17899975005371020574&g_mp=CiVnb29nbGUubWFwcy5wbGFjZXMudjEuUGxhY2VzLkdldFBsYWNlEAIYBCAA
Website: http://www.jkplace.paris/"
JIN,"6 Rue de la Sourdière, 75001 Paris, France",Paris,1er,,restaurant,,,,,48.8653678,2.3318549,https://www.google.com/maps/search/?api=1&query=JIN%2C%20Paris%2C%20France,https://www.jin-paris.com/,https://thefork.fr/restaurant/jin-r30379/?cc=24751-923,"Arrondissement: 1er
Food types: restaurant
Tags: Japanese, Restaurant
Google Maps: https://www.google.com/maps/search/?api=1&query=JIN%2C%20Paris%2C%20France
Website: https://www.jin-paris.com/
Booking: https://thefork.fr/restaurant/jin-r30379/?cc=24751-923"
JJ Hings Ice Cream,"Rue de la Grange aux Belles, Paris, France",Paris,,,restaurant,,,4.7,406,48.8735704,2.3645402,https://maps.google.com/?cid=10806176213591851911&g_mp=CiVnb29nbGUubWFwcy5wbGFjZXMudjEuUGxhY2VzLkdldFBsYWNlEAIYBCAA,https://www.instagram.com/jjhings/,,"Type: Ice Cream Shop
Google: 4.7 (406 reviews)
Food types: restaurant
Tags: Icecream
Google Maps: https://maps.google.com/?cid=10806176213591851911&g_mp=CiVnb29nbGUubWFwcy5wbGFjZXMudjEuUGxhY2VzLkdldFBsYWNlEAIYBCAA
Website: https://www.instagram.com/jjhings/"
Jacques Genin,"Rue de Varenne, Paris, France",Paris,,,shopping,,,,,48.8538904,2.3239712,https://www.google.com/maps/search/?api=1&query=Jacques%20Genin%2C%20Paris%2C%20France,http://jacquesgenin.fr/,,"Food types: shopping
Tags: Chocolat
Google Maps: https://www.google.com/maps/search/?api=1&query=Jacques%20Genin%2C%20Paris%2C%20France
Website: http://jacquesgenin.fr/"
Jade Genin,"Avenue de l'Opéra, Paris, France",Paris,,,generic,,,,,48.8677823,2.3333081,https://www.google.com/maps/search/?api=1&query=Jade%20Genin%2C%20Paris%2C%20France,http://www.jadegenin.fr/,,"Food types: generic
Tags: Chocolat
Google Maps: https://www.google.com/maps/search/?api=1&query=Jade%20Genin%2C%20Paris%2C%20France
Website: http://www.jadegenin.fr/"
Jah Jah by le tricycle,"11 Rue des Petites Écuries, 75010 Paris, France",Paris,10e,,restaurant,,,,,48.87319,2.35304,https://www.google.com/maps/search/?api=1&query=Jah%20Jah%20by%20le%20tricycle%2C%20Paris%2C%20France,https://www.facebook.com/Le-tricycle-525366447501365/,,"Arrondissement: 10e
Food types: restaurant
Tags: Healthy
Google Maps: https://www.google.com/maps/search/?api=1&query=Jah%20Jah%20by%20le%20tricycle%2C%20Paris%2C%20France
Website: https://www.facebook.com/Le-tricycle-525366447501365/"
Jardin du Musée Rodin,Rue de Varenne 75007 Paris France,Paris,7e,,beach,,,,,48.85577,2.31635,https://www.google.com/maps/search/?api=1&query=Jardin%20du%20Mus%C3%A9e%20Rodin%2C%20Paris%2C%20France,https://www.musee-rodin.fr/,,"Arrondissement: 7e
Food types: beach
Tags: Museum
Google Maps: https://www.google.com/maps/search/?api=1&query=Jardin%20du%20Mus%C3%A9e%20Rodin%2C%20Paris%2C%20France
Website: https://www.musee-rodin.fr/"
Jaïs,"3 Rue Surcouf, 75007 Paris, France",Paris,7e,,restaurant,,,4.5,664,48.86205819999999,2.3094447,https://maps.google.com/?cid=1875691695314731698&g_mp=CiVnb29nbGUubWFwcy5wbGFjZXMudjEuUGxhY2VzLkdldFBsYWNlEAIYBCAA,https://www.le-jais.fr/,https://bookings.zenchef.com/results?rid=351858&fullscreen=1&mini=0&pid=mapstr&primaryColor=FFC222&type=web,"Type: French Restaurant
Arrondissement: 7e
Google: 4.5 (664 reviews)
Food types: restaurant
Tags: Gastro / higher end, Frenchie, Restaurant, Trendy
Google summary: Elegant, understated restaurant preparing refined, traditional bistro dishes with a modern twist.
Google Maps: https://maps.google.com/?cid=1875691695314731698&g_mp=CiVnb29nbGUubWFwcy5wbGFjZXMudjEuUGxhY2VzLkdldFBsYWNlEAIYBCAA
Website: https://www.le-jais.fr/
Booking: https://bookings.zenchef.com/results?rid=351858&fullscreen=1&mini=0&pid=mapstr&primaryColor=FFC222&type=web"
Jeu de Paume,"1 Place de la Concorde, 75008 Paris, France",Paris,8e,,museum,,,,,48.8657992,2.3240664,https://www.google.com/maps/search/?api=1&query=Jeu%20de%20Paume%2C%20Paris%2C%20France,http://www.jeudepaume.org/,,"Arrondissement: 8e
Food types: museum
Tags: Museum
Google Maps: https://www.google.com/maps/search/?api=1&query=Jeu%20de%20Paume%2C%20Paris%2C%20France
Website: http://www.jeudepaume.org/"
Joayo Haussmann,"63 Rue de Clichy, 75009 Paris, France",Paris,9e,,restaurant,,,3.8,4,48.8815248,2.3281648,https://maps.google.com/?cid=5993271726471404877&g_mp=CiVnb29nbGUubWFwcy5wbGFjZXMudjEuUGxhY2VzLkdldFBsYWNlEAIYBCAA,https://www.hanwoo.fr/,https://thefork.fr/restaurant/hanwoo-haussmann-r607785/?cc=24751-923,"Type: Restaurant
Arrondissement: 9e
Google: 3.8 (4 reviews)
Food types: restaurant
Tags: Korean, Restaurant
Google Maps: https://maps.google.com/?cid=5993271726471404877&g_mp=CiVnb29nbGUubWFwcy5wbGFjZXMudjEuUGxhY2VzLkdldFBsYWNlEAIYBCAA
Website: https://www.hanwoo.fr/
Booking: https://thefork.fr/restaurant/hanwoo-haussmann-r607785/?cc=24751-923"
Jolia,"123 Rue du Chemin Vert, Paris 75011",Paris,11e,,restaurant,,,4.8,2107,48.8600731,2.3778718,https://maps.google.com/?cid=1679236728840342012&g_mp=CiVnb29nbGUubWFwcy5wbGFjZXMudjEuUGxhY2VzLkdldFBsYWNlEAIYBCAA,https://www.daliagroup.com/,https://bookings.zenchef.com/results?rid=360703&fullscreen=1&mini=0&pid=mapstr&primaryColor=FFC222&type=web,"Type: Mediterranean Restaurant
Arrondissement: 11e
Google: 4.8 (2,107 reviews)
Food types: restaurant
Tags: Levantine, Restaurant
Google Maps: https://maps.google.com/?cid=1679236728840342012&g_mp=CiVnb29nbGUubWFwcy5wbGFjZXMudjEuUGxhY2VzLkdldFBsYWNlEAIYBCAA
Website: https://www.daliagroup.com/
Booking: https://bookings.zenchef.com/results?rid=360703&fullscreen=1&mini=0&pid=mapstr&primaryColor=FFC222&type=web"
Jones,"43 Rue Godefroy Cavaignac, 75011 Paris, France",Paris,11e,,restaurant,,,,,48.856584,2.380064,https://www.google.com/maps/search/?api=1&query=Jones%2C%20Paris%2C%20France,http://www.jonescaferestaurant.com/,https://bookings.zenchef.com/results?rid=349783&fullscreen=1&mini=0&pid=mapstr&primaryColor=FFC222&type=web,"Arrondissement: 11e
Food types: restaurant
Tags: Frenchie, Trendy, For groups
Google Maps: https://www.google.com/maps/search/?api=1&query=Jones%2C%20Paris%2C%20France
Website: http://www.jonescaferestaurant.com/
Booking: https://bookings.zenchef.com/results?rid=349783&fullscreen=1&mini=0&pid=mapstr&primaryColor=FFC222&type=web"
Jouvence,"172 Bis Rue du Faubourg Saint-Antoine, 75012 Paris, France",Paris,12e,,restaurant,,,,,48.850231,2.3821274,https://www.google.com/maps/search/?api=1&query=Jouvence%2C%20Paris%2C%20France,http://www.jouvence.paris/,https://ib.guestonline.fr/instabook/bookings/4360/zB1TF8d,"Arrondissement: 12e
Food types: restaurant
Tags: Frenchie, Restaurant
Google Maps: https://www.google.com/maps/search/?api=1&query=Jouvence%2C%20Paris%2C%20France
Website: http://www.jouvence.paris/
Booking: https://ib.guestonline.fr/instabook/bookings/4360/zB1TF8d"
Jugetsudo,"95 Rue de Seine, 75006 Paris, France",Paris,6e,,shopping,,,,,48.851861,2.337145,https://www.google.com/maps/search/?api=1&query=Jugetsudo%2C%20Paris%2C%20France,http://www.jugetsudo.fr/,,"Arrondissement: 6e
Food types: shopping
Tags: Japanese, Tea house
Google Maps: https://www.google.com/maps/search/?api=1&query=Jugetsudo%2C%20Paris%2C%20France
Website: http://www.jugetsudo.fr/"
Jugetsudo By Maruyama Nori,"Rue de Seine, Paris, France",Paris,,,shopping,,,4.5,238,48.851861,2.337145,https://maps.google.com/?cid=15393858356518776610&g_mp=CiVnb29nbGUubWFwcy5wbGFjZXMudjEuUGxhY2VzLkdldFBsYWNlEAIYBCAA,http://www.jugetsudo.fr/,,"Type: Tea Store
Google: 4.5 (238 reviews)
Food types: shopping
Tags: Japanese
Google Maps: https://maps.google.com/?cid=15393858356518776610&g_mp=CiVnb29nbGUubWFwcy5wbGFjZXMudjEuUGxhY2VzLkdldFBsYWNlEAIYBCAA
Website: http://www.jugetsudo.fr/"
Jumpman studio & Café,"2 Avenue Alphand, 75116 Paris, France",Paris,16e,,cafe,,,,,48.87500381469727,2.28592848777771,https://www.google.com/maps/search/?api=1&query=Jumpman%20studio%20%26%20Caf%C3%A9%2C%20Paris,,,"Arrondissement: 16e
Food types: cafe
Tags: Sport
Google Maps: https://www.google.com/maps/search/?api=1&query=Jumpman%20studio%20%26%20Caf%C3%A9%2C%20Paris"
Juveniles,"47 Rue de Richelieu, 75001 Paris, France",Paris,1er,,restaurant,,,,,48.866245,2.3370654,https://www.google.com/maps/search/?api=1&query=Juveniles%2C%20Paris%2C%20France,http://www.juvenileswinebar.com/,https://bookings.zenchef.com/results?rid=375794&fullscreen=1&mini=0&pid=mapstr&primaryColor=FFC222&type=web,"Arrondissement: 1er
Food types: restaurant
Tags: Frenchie, Wine bar, Restaurant
Google Maps: https://www.google.com/maps/search/?api=1&query=Juveniles%2C%20Paris%2C%20France
Website: http://www.juvenileswinebar.com/
Booking: https://bookings.zenchef.com/results?rid=375794&fullscreen=1&mini=0&pid=mapstr&primaryColor=FFC222&type=web"
K-mart,"6-8 Rue Sainte-Anne, 75001 Paris, France",Paris,1er,,shopping,,,,,48.865524,2.3352508,https://www.google.com/maps/search/?api=1&query=K-mart%2C%20Paris%2C%20France,https://www.k-mart.fr/,,"Arrondissement: 1er
Food types: shopping
Tags: Supermarket
Google Maps: https://www.google.com/maps/search/?api=1&query=K-mart%2C%20Paris%2C%20France
Website: https://www.k-mart.fr/"
KAMA-ASA,"12 Rue Jacob, 75006 Paris, France",Paris,6e,,generic,,,,,48.8550869,2.336204,https://www.google.com/maps/search/?api=1&query=KAMA-ASA%2C%20Paris%2C%20France,http://www.kama-asa.co.jp/fr/,,"Arrondissement: 6e
Food types: generic
Tags: Shopping
Google Maps: https://www.google.com/maps/search/?api=1&query=KAMA-ASA%2C%20Paris%2C%20France
Website: http://www.kama-asa.co.jp/fr/"
KAPÉ - Café philippin,"17 Rue de Malte, 75011 Paris, France",Paris,11e,,cafe,,,4.6,338,48.8641628,2.3686747,https://maps.google.com/?cid=11247732732988082846&g_mp=CiVnb29nbGUubWFwcy5wbGFjZXMudjEuUGxhY2VzLkdldFBsYWNlEAIYBCAA,http://kapeparis.com/,,"Type: Coffee Shop
Arrondissement: 11e
Google: 4.6 (338 reviews)
Food types: cafe
Tags: Cafe, Restaurant
Google Maps: https://maps.google.com/?cid=11247732732988082846&g_mp=CiVnb29nbGUubWFwcy5wbGFjZXMudjEuUGxhY2VzLkdldFBsYWNlEAIYBCAA
Website: http://kapeparis.com/"
KB COFFEE ROASTERS,"53 Avenue Trudaine, 75009 Paris, France",Paris,9e,,"cafe, brunch",,€€,4.2,1847,48.8806592,2.3407497,https://maps.google.com/?cid=2740186847697807986&g_mp=CiVnb29nbGUubWFwcy5wbGFjZXMudjEuUGxhY2VzLkdldFBsYWNlEAIYBCAA,http://www.kbcafeshop.com/,,"Type: Coffee roastery
Arrondissement: 9e
Price: €€
Google: 4.2 (1,847 reviews)
Food types: cafe, brunch
Tags: Brunch
Google summary: Coffee from worldwide sources roasted in-house & served in hot & cold drinks on a pavement terrace.
Google Maps: https://maps.google.com/?cid=2740186847697807986&g_mp=CiVnb29nbGUubWFwcy5wbGFjZXMudjEuUGxhY2VzLkdldFBsYWNlEAIYBCAA
Website: http://www.kbcafeshop.com/"
KIEZ Biergarten,"24 Rue Vauvenargues, 75018 Paris, France",Paris,18e,,restaurant,,,,,48.89361040000001,2.3333468,https://www.google.com/maps/search/?api=1&query=KIEZ%20Biergarten%2C%20Paris%2C%20France,http://kiez.fr/,https://thefork.fr/restaurant/kiez-biergarten-montmartre-r466631/?cc=24751-923,"Arrondissement: 18e
Food types: restaurant
Tags: Restaurant
Google Maps: https://www.google.com/maps/search/?api=1&query=KIEZ%20Biergarten%2C%20Paris%2C%20France
Website: http://kiez.fr/
Booking: https://thefork.fr/restaurant/kiez-biergarten-montmartre-r466631/?cc=24751-923"
KUTI,"6 R. des Petites Écuries, 75010 Paris, France",Paris,10e,,restaurant,,,4.6,1085,48.8737443,2.3511629,https://maps.google.com/?cid=6125992257916989602&g_mp=CiVnb29nbGUubWFwcy5wbGFjZXMudjEuUGxhY2VzLkdldFBsYWNlEAIYBCAA,https://www.instagram.com/kutifood,https://bookings.zenchef.com/results?rid=366535&fullscreen=1&mini=0&pid=mapstr&primaryColor=FFC222&type=web,"Type: African Restaurant
Arrondissement: 10e
Google: 4.6 (1,085 reviews)
Food types: restaurant
Tags: African, Restaurant
Google Maps: https://maps.google.com/?cid=6125992257916989602&g_mp=CiVnb29nbGUubWFwcy5wbGFjZXMudjEuUGxhY2VzLkdldFBsYWNlEAIYBCAA
Website: https://www.instagram.com/kutifood
Booking: https://bookings.zenchef.com/results?rid=366535&fullscreen=1&mini=0&pid=mapstr&primaryColor=FFC222&type=web"
Kapunka,"59 Rue de Richelieu, 75002 Paris, France",Paris,2e,,restaurant,,,,,48.866174,2.347699,https://www.google.com/maps/search/?api=1&query=Kapunka%2C%20Paris%2C%20France,http://kapunkagroup.com/,https://bookings.zenchef.com/results?rid=362694&fullscreen=1&mini=0&pid=mapstr&primaryColor=FFC222&type=web,"Arrondissement: 2e
Food types: restaurant
Tags: Thaï, Restaurant
Google Maps: https://www.google.com/maps/search/?api=1&query=Kapunka%2C%20Paris%2C%20France
Website: http://kapunkagroup.com/
Booking: https://bookings.zenchef.com/results?rid=362694&fullscreen=1&mini=0&pid=mapstr&primaryColor=FFC222&type=web"
Keïli,"106 Rue Amelot, 75011 Paris, France",Paris,11e,,restaurant,,,4.7,167,48.8628534,2.3674048,https://maps.google.com/?cid=11537380362036172628&g_mp=CiVnb29nbGUubWFwcy5wbGFjZXMudjEuUGxhY2VzLkdldFBsYWNlEAIYBCAA,https://m.facebook.com/keiliparis,,"Type: Vegetarian Restaurant
Arrondissement: 11e
Google: 4.7 (167 reviews)
Food types: restaurant
Tags: Glutenfree, Restaurant
Google Maps: https://maps.google.com/?cid=11537380362036172628&g_mp=CiVnb29nbGUubWFwcy5wbGFjZXMudjEuUGxhY2VzLkdldFBsYWNlEAIYBCAA
Website: https://m.facebook.com/keiliparis"
Kioko,"46 Rue des Petits Champs, 75002 Paris, France",Paris,2e,,generic,,,4.5,1994,48.8673983,2.3344259,https://maps.google.com/?cid=978557767171881823&g_mp=CiVnb29nbGUubWFwcy5wbGFjZXMudjEuUGxhY2VzLkdldFBsYWNlEAIYBCAA,http://www.kioko.fr,,"Type: Asian Grocery Store
Arrondissement: 2e
Google: 4.5 (1,994 reviews)
Food types: generic
Tags: Japanese
Google Maps: https://maps.google.com/?cid=978557767171881823&g_mp=CiVnb29nbGUubWFwcy5wbGFjZXMudjEuUGxhY2VzLkdldFBsYWNlEAIYBCAA
Website: http://www.kioko.fr"
Kitchen Story,"15 Rue au Maire, 75003 Paris, France",Paris,3e,,restaurant,,,4.5,221,48.86451450000001,2.3566084,https://maps.google.com/?cid=15827104559105094695&g_mp=CiVnb29nbGUubWFwcy5wbGFjZXMudjEuUGxhY2VzLkdldFBsYWNlEAIYBCAA,http://fr-fr.facebook.com/KitchenStoryKS,,"Type: Chinese Restaurant
Arrondissement: 3e
Google: 4.5 (221 reviews)
Food types: restaurant
Tags: Restaurant, Chinese
Google Maps: https://maps.google.com/?cid=15827104559105094695&g_mp=CiVnb29nbGUubWFwcy5wbGFjZXMudjEuUGxhY2VzLkdldFBsYWNlEAIYBCAA
Website: http://fr-fr.facebook.com/KitchenStoryKS"
Kitchen Ter(re),"26 Boulevard Saint-Germain, 75005 Paris, France",Paris,5e,,restaurant,,,,,48.8496889,2.352688300000001,https://www.google.com/maps/search/?api=1&query=Kitchen%20Ter(re)%2C%20Paris%2C%20France,http://www.zekitchengalerie.fr/,https://bookings.zenchef.com/results?rid=350086&fullscreen=1&mini=0&pid=mapstr&primaryColor=FFC222&type=web,"Arrondissement: 5e
Food types: restaurant
Tags: Restaurant, Healthy
Google Maps: https://www.google.com/maps/search/?api=1&query=Kitchen%20Ter(re)%2C%20Paris%2C%20France
Website: http://www.zekitchengalerie.fr/
Booking: https://bookings.zenchef.com/results?rid=350086&fullscreen=1&mini=0&pid=mapstr&primaryColor=FFC222&type=web"
Kodama Beaumarchais,"69 Bd Beaumarchais, 75003 Paris, France",Paris,3e,,generic,,,5,258,48.8572196,2.3681316,https://maps.google.com/?cid=14029226251112502865&g_mp=CiVnb29nbGUubWFwcy5wbGFjZXMudjEuUGxhY2VzLkdldFBsYWNlEAIYBCAA,http://kodamaparis.com/,,"Type: Tea House
Arrondissement: 3e
Google: 5.0 (258 reviews)
Food types: generic
Tags: Cafe
Google Maps: https://maps.google.com/?cid=14029226251112502865&g_mp=CiVnb29nbGUubWFwcy5wbGFjZXMudjEuUGxhY2VzLkdldFBsYWNlEAIYBCAA
Website: http://kodamaparis.com/"
Kodawari Ramen,"29 Rue Mazarine, 75006 Paris, France",Paris,6e,,restaurant,,€€,4.5,16388,48.8546132,2.3381383,https://maps.google.com/?cid=16662473853684625669&g_mp=CiVnb29nbGUubWFwcy5wbGFjZXMudjEuUGxhY2VzLkdldFBsYWNlEAIYBCAA,https://www.kodawari-ramen.com/,,"Type: Ramen Restaurant
Arrondissement: 6e
Price: €€
Google: 4.5 (16,388 reviews)
Food types: restaurant
Tags: Japanese, Restaurant
Google Maps: https://maps.google.com/?cid=16662473853684625669&g_mp=CiVnb29nbGUubWFwcy5wbGFjZXMudjEuUGxhY2VzLkdldFBsYWNlEAIYBCAA
Website: https://www.kodawari-ramen.com/"
Kokoya,"5 Rue des Batignolles, 75017 Paris, France",Paris,17e,,restaurant,,,,,48.8833468,2.323388,https://www.google.com/maps/search/?api=1&query=Kokoya%2C%20Paris%2C%20France,https://www.facebook.com/pages/Kokoya-paris/156275464418607?sk=timeline&ref=page_internal,,"Arrondissement: 17e
Food types: restaurant
Tags: Japanese, Restaurant
Google Maps: https://www.google.com/maps/search/?api=1&query=Kokoya%2C%20Paris%2C%20France
Website: https://www.facebook.com/pages/Kokoya-paris/156275464418607?sk=timeline&ref=page_internal"
Kubaba,"3 Rue Gomboust, Paris 75001",Paris,1er,,bar,,,4.9,429,48.867216,2.3330034,https://maps.google.com/?cid=1507662716432832432&g_mp=CiVnb29nbGUubWFwcy5wbGFjZXMudjEuUGxhY2VzLkdldFBsYWNlEAIYBCAA,https://www.daliagroup.com/kubaba-paris,https://www.daliagroup.com/kubaba-paris,"Type: Restaurant
Arrondissement: 1er
Google: 4.9 (429 reviews)
Food types: bar
Tags: Levantine, Restaurant
Google Maps: https://maps.google.com/?cid=1507662716432832432&g_mp=CiVnb29nbGUubWFwcy5wbGFjZXMudjEuUGxhY2VzLkdldFBsYWNlEAIYBCAA
Website: https://www.daliagroup.com/kubaba-paris
Booking: https://www.daliagroup.com/kubaba-paris"
Kuna Bada,"42 Rue d'Argout, 75002 Paris, France",Paris,2e,,restaurant,,,4.8,1583,48.8659188,2.3434812,https://maps.google.com/?cid=1509114375518727104&g_mp=CiVnb29nbGUubWFwcy5wbGFjZXMudjEuUGxhY2VzLkdldFBsYWNlEAIYBCAA,https://kuna-family.com/pages/kuna-bada,https://bookings.zenchef.com/results?rid=373410&fullscreen=1&mini=0&pid=mapstr&primaryColor=FFC222&type=web,"Type: Indian Restaurant
Arrondissement: 2e
Google: 4.8 (1,583 reviews)
Food types: restaurant
Tags: Indian, Restaurant
Google Maps: https://maps.google.com/?cid=1509114375518727104&g_mp=CiVnb29nbGUubWFwcy5wbGFjZXMudjEuUGxhY2VzLkdldFBsYWNlEAIYBCAA
Website: https://kuna-family.com/pages/kuna-bada
Booking: https://bookings.zenchef.com/results?rid=373410&fullscreen=1&mini=0&pid=mapstr&primaryColor=FFC222&type=web"
Kushikatsu Bon,"24 Rue Jean-Pierre Timbaud, 75011 Paris, France",Paris,11e,,restaurant,,,4.7,406,48.8654089,2.3691195,https://maps.google.com/?cid=2289944439894265825&g_mp=CiVnb29nbGUubWFwcy5wbGFjZXMudjEuUGxhY2VzLkdldFBsYWNlEAIYBCAA,http://www.kushikatsubon.fr/,http://www.opentable.fr/r/kushikatsu-bon-paris?ref=17374,"Type: Japanese Restaurant
Arrondissement: 11e
Google: 4.7 (406 reviews)
Food types: restaurant
Tags: Restaurant, Japanese
Google summary: Elegant, wood-lined restaurant specializing in upscale, Osaka-style breaded skewers.
Google Maps: https://maps.google.com/?cid=2289944439894265825&g_mp=CiVnb29nbGUubWFwcy5wbGFjZXMudjEuUGxhY2VzLkdldFBsYWNlEAIYBCAA
Website: http://www.kushikatsubon.fr/
Booking: http://www.opentable.fr/r/kushikatsu-bon-paris?ref=17374"
"L""Homme Bleu","55 Rue Jean-Pierre Timbaud, 75011 Paris, France",Paris,11e,,restaurant,,€€,4.7,1895,48.8669655,2.3742798,https://maps.google.com/?cid=958615312626676892&g_mp=CiVnb29nbGUubWFwcy5wbGFjZXMudjEuUGxhY2VzLkdldFBsYWNlEAIYBCAA,http://www.restaurant-lhommebleu.fr/,https://thefork.fr/restaurant/l-homme-bleu-r376833/?cc=24751-923,"Type: Moroccan Restaurant
Arrondissement: 11e
Price: €€
Google: 4.7 (1,895 reviews)
Food types: restaurant
Tags: Restaurant, Couscous
Google Maps: https://maps.google.com/?cid=958615312626676892&g_mp=CiVnb29nbGUubWFwcy5wbGFjZXMudjEuUGxhY2VzLkdldFBsYWNlEAIYBCAA
Website: http://www.restaurant-lhommebleu.fr/
Booking: https://thefork.fr/restaurant/l-homme-bleu-r376833/?cc=24751-923"
L'Alicheur,"96 Rue Saint-Maur, 75011 Paris, France",Paris,11e,,restaurant,,,,,48.8654871,2.377556599999999,https://www.google.com/maps/search/?api=1&query=L'Alicheur%2C%20Paris%2C%20France,http://www.lalicheur.com/,,"Arrondissement: 11e
Food types: restaurant
Tags: Asian, Restaurant
Google Maps: https://www.google.com/maps/search/?api=1&query=L'Alicheur%2C%20Paris%2C%20France
Website: http://www.lalicheur.com/"
L'Alimentari,"Rue des Ecouffes, 75004 Paris, France",Paris,4e,,restaurant,,,4.4,316,48.85651779999999,2.358408899999999,https://maps.google.com/?cid=15463921742722530611&g_mp=CiVnb29nbGUubWFwcy5wbGFjZXMudjEuUGxhY2VzLkdldFBsYWNlEAIYBCAA,https://m.facebook.com/LAlimentari-290417151054338/?locale2=fr_FR,,"Type: Italian Restaurant
Arrondissement: 4e
Google: 4.4 (316 reviews)
Food types: restaurant
Tags: Restaurant, Italian
Google Maps: https://maps.google.com/?cid=15463921742722530611&g_mp=CiVnb29nbGUubWFwcy5wbGFjZXMudjEuUGxhY2VzLkdldFBsYWNlEAIYBCAA
Website: https://m.facebook.com/LAlimentari-290417151054338/?locale2=fr_FR"
L'Almanach Montmartre,"35 rue Ramey, Paris 75018",Paris,18e,,restaurant,,,4.8,1126,48.8893226,2.3462706,https://maps.google.com/?cid=8728155109587728409&g_mp=CiVnb29nbGUubWFwcy5wbGFjZXMudjEuUGxhY2VzLkdldFBsYWNlEAIYBCAA,http://almanach-montmartre.fr/,https://bookings.zenchef.com/results?rid=364390&pid=mapstr,"Type: French Restaurant
Arrondissement: 18e
Google: 4.8 (1,126 reviews)
Food types: restaurant
Tags: Restaurant
Google Maps: https://maps.google.com/?cid=8728155109587728409&g_mp=CiVnb29nbGUubWFwcy5wbGFjZXMudjEuUGxhY2VzLkdldFBsYWNlEAIYBCAA
Website: http://almanach-montmartre.fr/
Booking: https://bookings.zenchef.com/results?rid=364390&pid=mapstr"
L'Atelier des Lumières,38 rue Saint-Maur Paris 75011,Paris,11e,,generic,,,,,48.86165579999999,2.3807687,https://www.google.com/maps/search/?api=1&query=L'Atelier%20des%20Lumi%C3%A8res%2C%20Paris%2C%20France,http://atelier-lumieres.com/,,"Arrondissement: 11e
Food types: generic
Tags: Museum
Google Maps: https://www.google.com/maps/search/?api=1&query=L'Atelier%20des%20Lumi%C3%A8res%2C%20Paris%2C%20France
Website: http://atelier-lumieres.com/"
L'Auberge des Crus,"13 Rue Bosio, 75016 Paris, France",Paris,16e,,restaurant,,,4.6,210,48.8491013,2.2652917,https://maps.google.com/?cid=6427997088925446496&g_mp=CiVnb29nbGUubWFwcy5wbGFjZXMudjEuUGxhY2VzLkdldFBsYWNlEAIYBCAA,https://www.aubergedescrus.com/,https://thefork.fr/restaurant/l-auberge-des-crus-r845309/?cc=24751-923,"Type: Restaurant
Arrondissement: 16e
Google: 4.6 (210 reviews)
Food types: restaurant
Tags: Bistrot, Frenchie, Restaurant
Google Maps: https://maps.google.com/?cid=6427997088925446496&g_mp=CiVnb29nbGUubWFwcy5wbGFjZXMudjEuUGxhY2VzLkdldFBsYWNlEAIYBCAA
Website: https://www.aubergedescrus.com/
Booking: https://thefork.fr/restaurant/l-auberge-des-crus-r845309/?cc=24751-923"
L'Avant Comptoir du Marché,"Paris-6E-Arrondissement,, 6 Rue Lobineau, 75006 Paris-6E-Arrondissement, France",Paris,6e,,bar,,€€,4.4,1190,48.8517716,2.3355959,https://maps.google.com/?cid=6781171311742260664&g_mp=CiVnb29nbGUubWFwcy5wbGFjZXMudjEuUGxhY2VzLkdldFBsYWNlEAIYBCAA,https://camdeborde.com/,,"Type: Bar
Arrondissement: 6e
Price: €€
Google: 4.4 (1,190 reviews)
Food types: bar
Tags: Restaurant, ❤️, Frenchie
Google summary: Lively, buzzing wine bar for charcuterie platters, global small plates & meaty mains.
Google Maps: https://maps.google.com/?cid=6781171311742260664&g_mp=CiVnb29nbGUubWFwcy5wbGFjZXMudjEuUGxhY2VzLkdldFBsYWNlEAIYBCAA
Website: https://camdeborde.com/"
L'Aventure,"4 Avenue Victor Hugo, 75016 Paris, France",Paris,16e,,nightclub,,,4.3,228,48.8730148,2.2929213,https://maps.google.com/?cid=12030619678088871972&g_mp=CiVnb29nbGUubWFwcy5wbGFjZXMudjEuUGxhY2VzLkdldFBsYWNlEAIYBCAA,http://www.laventure-paris.com/,https://bookings.zenchef.com/results?rid=371211&fullscreen=1&mini=0&pid=mapstr&primaryColor=FFC222&type=web,"Type: Hotel
Arrondissement: 16e
Google: 4.3 (228 reviews)
Food types: nightclub
Tags: Restaurant, Trendy
Google Maps: https://maps.google.com/?cid=12030619678088871972&g_mp=CiVnb29nbGUubWFwcy5wbGFjZXMudjEuUGxhY2VzLkdldFBsYWNlEAIYBCAA
Website: http://www.laventure-paris.com/
Booking: https://bookings.zenchef.com/results?rid=371211&fullscreen=1&mini=0&pid=mapstr&primaryColor=FFC222&type=web"
L'Ecailler du Bistrot,"22 Rue Paul Bert, 75011 Paris, France",Paris,11e,,restaurant,,€€,4.4,184,48.85243606567383,2.38494348526001,https://maps.google.com/?cid=15927900291157359439&g_mp=CiVnb29nbGUubWFwcy5wbGFjZXMudjEuUGxhY2VzLkdldFBsYWNlEAIYBCAA,https://l-ecailler-du-bistrot.business.site/?utm_source=mapstr&utm_medium=referral,,"Type: Seafood Restaurant
Arrondissement: 11e
Price: €€
Google: 4.4 (184 reviews)
Food types: restaurant
Tags: Restaurant, Seafood
Google summary: Shellfish & seafood platters, plus steaks & desserts, at a chic bistro with outdoor tables.
Google Maps: https://maps.google.com/?cid=15927900291157359439&g_mp=CiVnb29nbGUubWFwcy5wbGFjZXMudjEuUGxhY2VzLkdldFBsYWNlEAIYBCAA
Website: https://l-ecailler-du-bistrot.business.site/?utm_source=mapstr&utm_medium=referral"
L'Eclair De Genie,35 boulevard Haussmann Magasin Gourmet Niveau 0 Paris 75009,Paris,9e,,restaurant,,,,,48.873062,2.330538,https://www.google.com/maps/search/?api=1&query=L'Eclair%20De%20Genie%2C%20Paris%2C%20France,https://gourmet.galerieslafayette.com/?utm_campaign=gmb&utm_content=Fiche_Marques&utm_medium=seo&utm_source=mapstr,,"Arrondissement: 9e
Food types: restaurant
Tags: Pastry
Google Maps: https://www.google.com/maps/search/?api=1&query=L'Eclair%20De%20Genie%2C%20Paris%2C%20France
Website: https://gourmet.galerieslafayette.com/?utm_campaign=gmb&utm_content=Fiche_Marques&utm_medium=seo&utm_source=mapstr"
L'Eclaireur Hérold,"10 Rue Hérold, 75001 Paris, France",Paris,1er,,shopping,,,,,48.86475,2.341608,https://www.google.com/maps/search/?api=1&query=L'Eclaireur%20H%C3%A9rold%2C%20Paris%2C%20France,https://www.leclaireur.com/,,"Arrondissement: 1er
Food types: shopping
Tags: Concept-store
Google Maps: https://www.google.com/maps/search/?api=1&query=L'Eclaireur%20H%C3%A9rold%2C%20Paris%2C%20France
Website: https://www.leclaireur.com/"
"L'Entente, Le British Brasserie",13 Rue Monsigny Paris 75002,Paris,2e,,restaurant,,€€,4.3,1841,48.869178,2.335526,https://maps.google.com/?cid=10073635669287200806&g_mp=CiVnb29nbGUubWFwcy5wbGFjZXMudjEuUGxhY2VzLkdldFBsYWNlEAIYBCAA,https://lentente.paris/,,"Type: British Restaurant
Arrondissement: 2e
Price: €€
Google: 4.3 (1,841 reviews)
Food types: restaurant
Tags: Restaurant
Google summary: Trendy takes on British classics like fish 'n' chips, served in a cozy, wood-paneled dining room.
Google Maps: https://maps.google.com/?cid=10073635669287200806&g_mp=CiVnb29nbGUubWFwcy5wbGFjZXMudjEuUGxhY2VzLkdldFBsYWNlEAIYBCAA
Website: https://lentente.paris/"
L'Epicurianu,"104 Rue de la Folie Méricourt, 75011 Paris, France",Paris,11e,,bar,,,,,48.8678396,2.3689069,https://www.google.com/maps/search/?api=1&query=L'Epicurianu%2C%20Paris%2C%20France,http://lepicurianu.com,,"Arrondissement: 11e
Food types: bar
Tags: Restaurant
Google Maps: https://www.google.com/maps/search/?api=1&query=L'Epicurianu%2C%20Paris%2C%20France
Website: http://lepicurianu.com"
L'Hotel,"13 Rue des Beaux Arts, 75006 Paris, France",Paris,6e,,"lodging, hotel",,,,,48.8562272,2.3351758,https://www.google.com/maps/search/?api=1&query=L'Hotel%2C%20Paris%2C%20France,,,"Arrondissement: 6e
Food types: lodging, hotel
Tags: Hotel / BB, Bar, SH
Google Maps: https://www.google.com/maps/search/?api=1&query=L'Hotel%2C%20Paris%2C%20France"
L'Orillon,"35 Rue de l'Orillon, 75011 Paris, France",Paris,11e,,restaurant,,,,,48.8702805,2.3763935,https://www.google.com/maps/search/?api=1&query=L'Orillon%2C%20Paris%2C%20France,https://www.facebook.com/341368692625875,,"Arrondissement: 11e
Food types: restaurant
Tags: Frenchie, Restaurant
Google Maps: https://www.google.com/maps/search/?api=1&query=L'Orillon%2C%20Paris%2C%20France
Website: https://www.facebook.com/341368692625875"
L'inconnu,"4 Rue Pierre Leroux, 75007 Paris, France",Paris,7e,,restaurant,,,,,48.85016050000001,2.3185686,https://www.google.com/maps/search/?api=1&query=L'inconnu%2C%20Paris%2C%20France,http://restaurant-linconnu.fr/ja/,https://thefork.fr/restaurant/l-inconnu-r208111/?cc=24751-923,"Arrondissement: 7e
Food types: restaurant
Tags: Japanese, Simon Says, Restaurant, Italian
Google Maps: https://www.google.com/maps/search/?api=1&query=L'inconnu%2C%20Paris%2C%20France
Website: http://restaurant-linconnu.fr/ja/
Booking: https://thefork.fr/restaurant/l-inconnu-r208111/?cc=24751-923"
L'insane Shop,"7-9 Rue des Arquebusiers, 75003 Paris, France",Paris,3e,,shopping,,,,,48.859157,2.366852,https://www.google.com/maps/search/?api=1&query=L'insane%20Shop%2C%20Paris%2C%20France,http://l-insane.com/,,"Arrondissement: 3e
Food types: shopping
Tags: Concept-store
Google Maps: https://www.google.com/maps/search/?api=1&query=L'insane%20Shop%2C%20Paris%2C%20France
Website: http://l-insane.com/"
L'échappée,"64 Rue de la Folie Méricourt, 75011 Paris, France",Paris,11e,,"generic, brunch",,,,,48.86502249999999,2.3711013,https://maps.google.com/?cid=12564362026296486315&g_mp=CiVnb29nbGUubWFwcy5wbGFjZXMudjEuUGxhY2VzLkdldFBsYWNlEAIYBCAA,http://www.lechappee.com/,,"Type: Spa
Arrondissement: 11e
Food types: generic, brunch
Tags: Brunch, Cafe, Restaurant
Google Maps: https://maps.google.com/?cid=12564362026296486315&g_mp=CiVnb29nbGUubWFwcy5wbGFjZXMudjEuUGxhY2VzLkdldFBsYWNlEAIYBCAA
Website: http://www.lechappee.com/"
L'étincelle,"75011, 3 Rue Saint-Sébastien, 75011 Paris, France",Paris,11e,,bar,,€,4.3,458,48.8608699,2.3679419,https://maps.google.com/?cid=13740616496021229131&g_mp=CiVnb29nbGUubWFwcy5wbGFjZXMudjEuUGxhY2VzLkdldFBsYWNlEAIYBCAA,http://www.mariagefreres.com/,,"Type: Bar
Arrondissement: 11e
Price: €
Google: 4.3 (458 reviews)
Food types: bar
Tags: Bar
Google Maps: https://maps.google.com/?cid=13740616496021229131&g_mp=CiVnb29nbGUubWFwcy5wbGFjZXMudjEuUGxhY2VzLkdldFBsYWNlEAIYBCAA
Website: http://www.mariagefreres.com/"
LA LAITERIE DE PARIS,"74 Rue des Poissonniers, 75018 Paris, France",Paris,18e,,shopping,,,,,48.8909286,2.3516656,https://www.google.com/maps/search/?api=1&query=LA%20LAITERIE%20DE%20PARIS%2C%20Paris%2C%20France,http://lalaiteriedeparis.blogspot.fr/,,"Arrondissement: 18e
Food types: shopping
Tags: Cheese shop
Google Maps: https://www.google.com/maps/search/?api=1&query=LA%20LAITERIE%20DE%20PARIS%2C%20Paris%2C%20France
Website: http://lalaiteriedeparis.blogspot.fr/"
LACTEM PALAIS ROYAL,"38 Rue Croix des Petits Champs, 75001 Paris, France",Paris,1er,,cafe,,,4.6,265,48.8640851,2.3400497,https://maps.google.com/?cid=16260220730003214125&g_mp=CiVnb29nbGUubWFwcy5wbGFjZXMudjEuUGxhY2VzLkdldFBsYWNlEAIYBCAA,https://lactem.com/,,"Type: Coffee Shop
Arrondissement: 1er
Google: 4.6 (265 reviews)
Food types: cafe
Tags: Cafe
Google Maps: https://maps.google.com/?cid=16260220730003214125&g_mp=CiVnb29nbGUubWFwcy5wbGFjZXMudjEuUGxhY2VzLkdldFBsYWNlEAIYBCAA
Website: https://lactem.com/"
LE CHARLOT - PARIS,"38 Rue de Bretagne, Paris 75003",Paris,3e,,restaurant,,€€,4.2,2958,48.8630273,2.3625833,https://maps.google.com/?cid=17591965283889458145&g_mp=CiVnb29nbGUubWFwcy5wbGFjZXMudjEuUGxhY2VzLkdldFBsYWNlEAIYBCAA,http://www.lecharlot-paris.com/,,"Type: French Restaurant
Arrondissement: 3e
Price: €€
Google: 4.2 (2,958 reviews)
Food types: restaurant
Tags: Cafe, Bistrot, Restaurant
Google summary: Sharing plates, burgers & egg dishes, plus brunch & cocktails, in a tiled interior or on a terrace.
Google Maps: https://maps.google.com/?cid=17591965283889458145&g_mp=CiVnb29nbGUubWFwcy5wbGFjZXMudjEuUGxhY2VzLkdldFBsYWNlEAIYBCAA
Website: http://www.lecharlot-paris.com/"
LE PETIT BAL PERDU,"32 Rue Tournefort, 75005 Paris, France",Paris,5e,,restaurant,,,4.7,666,48.8420621,2.3481673,https://maps.google.com/?cid=5260743515862086780&g_mp=CiVnb29nbGUubWFwcy5wbGFjZXMudjEuUGxhY2VzLkdldFBsYWNlEAIYBCAA,https://www.lepetitbalperdu.com/,,"Type: French Restaurant
Arrondissement: 5e
Google: 4.7 (666 reviews)
Food types: restaurant
Tags: Bistrot, Restaurant
Google Maps: https://maps.google.com/?cid=5260743515862086780&g_mp=CiVnb29nbGUubWFwcy5wbGFjZXMudjEuUGxhY2VzLkdldFBsYWNlEAIYBCAA
Website: https://www.lepetitbalperdu.com/"
LEVANTINE,36 Rue Bichat Paris 75010,Paris,10e,,restaurant,,€€,4.5,1545,48.8715463,2.368177,https://maps.google.com/?cid=16928739623658778595&g_mp=CiVnb29nbGUubWFwcy5wbGFjZXMudjEuUGxhY2VzLkdldFBsYWNlEAIYBCAA,http://www.levantine.paris/,https://bookings.zenchef.com/results?rid=361687&fullscreen=1&mini=0&pid=mapstr&primaryColor=FFC222&type=web,"Type: Restaurant
Arrondissement: 10e
Price: €€
Google: 4.5 (1,545 reviews)
Food types: restaurant
Tags: Israeli
Google summary: Warm restaurant serving Mediterranean classics & wine in a casual space that has a terrace.
Google Maps: https://maps.google.com/?cid=16928739623658778595&g_mp=CiVnb29nbGUubWFwcy5wbGFjZXMudjEuUGxhY2VzLkdldFBsYWNlEAIYBCAA
Website: http://www.levantine.paris/
Booking: https://bookings.zenchef.com/results?rid=361687&fullscreen=1&mini=0&pid=mapstr&primaryColor=FFC222&type=web"
LUCIA POPA PARIS / Ex FULLTIMEGLAM,"Rue de Miromesnil, Paris, France",Paris,,,generic,,,,,48.8716488,2.3004762,https://www.google.com/maps/search/?api=1&query=LUCIA%20POPA%20PARIS%20%2F%20Ex%20FULLTIMEGLAM%2C%20Paris%2C%20France,,,"Food types: generic
Tags: Beauty
Google Maps: https://www.google.com/maps/search/?api=1&query=LUCIA%20POPA%20PARIS%20%2F%20Ex%20FULLTIMEGLAM%2C%20Paris%2C%20France"
LV DREAM,"Rue du Pont Neuf, Paris, France",Paris,,,generic,,,4.4,1312,48.8601,2.34431,https://maps.google.com/?cid=7055613402810707574&g_mp=CiVnb29nbGUubWFwcy5wbGFjZXMudjEuUGxhY2VzLkdldFBsYWNlEAIYBCAA,,,"Type: Gift Shop
Google: 4.4 (1,312 reviews)
Food types: generic
Tags: Cafe, Pastry, Gastro / higher end
Google summary: Luxury brand known for signature monogrammed handbags, luggage & more.
Google Maps: https://maps.google.com/?cid=7055613402810707574&g_mp=CiVnb29nbGUubWFwcy5wbGFjZXMudjEuUGxhY2VzLkdldFBsYWNlEAIYBCAA"
La Barra,"87 Rue de Sèvres, 75006 Paris, France",Paris,6e,,bar,,,4.9,163,48.84920883178711,2.322393655776978,https://maps.google.com/?cid=6796930256707692411&g_mp=CiVnb29nbGUubWFwcy5wbGFjZXMudjEuUGxhY2VzLkdldFBsYWNlEAIYBCAA,https://www.instagram.com/labarra.paris/?hl=fr,,"Type: Wine Bar
Arrondissement: 6e
Google: 4.9 (163 reviews)
Food types: bar
Tags: Bar, Wine bar, Restaurant, Natural wine
Google Maps: https://maps.google.com/?cid=6796930256707692411&g_mp=CiVnb29nbGUubWFwcy5wbGFjZXMudjEuUGxhY2VzLkdldFBsYWNlEAIYBCAA
Website: https://www.instagram.com/labarra.paris/?hl=fr"
La Belle Epoque,"36 Rue des Petits Champs, 75002 Paris, France",Paris,2e,,bar,,,,,48.8671832,2.3354614,https://www.google.com/maps/search/?api=1&query=La%20Belle%20Epoque%2C%20Paris%2C%20France,http://www.labelleepoqueparis.com/,https://bookings.zenchef.com/results?rid=352119&fullscreen=1&mini=0&pid=mapstr&primaryColor=FFC222&type=web,"Arrondissement: 2e
Food types: bar
Tags: Restaurant, Frenchie, Trendy, SH, For groups
Google Maps: https://www.google.com/maps/search/?api=1&query=La%20Belle%20Epoque%2C%20Paris%2C%20France
Website: http://www.labelleepoqueparis.com/
Booking: https://bookings.zenchef.com/results?rid=352119&fullscreen=1&mini=0&pid=mapstr&primaryColor=FFC222&type=web"
La Belle Hortense,"31 Rue Vieille du Temple, 75004 Paris, Francia",Paris,4e,,bar,,,,,48.8575701,2.3574453,https://www.google.com/maps/search/?api=1&query=La%20Belle%20Hortense%2C%20Paris%2C%20Francia,https://www.cafeine.com/fr/belle-hortense,,"Arrondissement: 4e
Food types: bar
Tags: Wine bar, Unusual
Google Maps: https://www.google.com/maps/search/?api=1&query=La%20Belle%20Hortense%2C%20Paris%2C%20Francia
Website: https://www.cafeine.com/fr/belle-hortense"
La Bellevilloise,"19-21 Rue Boyer, 75020 Paris, France",Paris,20e,,"restaurant, brunch",,,,,48.8683511,2.3921569,https://www.google.com/maps/search/?api=1&query=La%20Bellevilloise%2C%20Paris%2C%20France,http://www.labellevilloise.com/,https://bookings.zenchef.com/results?rid=349712&fullscreen=1&mini=0&pid=mapstr&primaryColor=FFC222&type=web,"Arrondissement: 20e
Food types: restaurant, brunch
Tags: Brunch, Cocktail, Dancing
Google Maps: https://www.google.com/maps/search/?api=1&query=La%20Bellevilloise%2C%20Paris%2C%20France
Website: http://www.labellevilloise.com/
Booking: https://bookings.zenchef.com/results?rid=349712&fullscreen=1&mini=0&pid=mapstr&primaryColor=FFC222&type=web"
La Cantina,"81 Avenue de Ségur, 75015 Paris, France",Paris,15e,,restaurant,,,,,48.84726699999999,2.305869,https://www.google.com/maps/search/?api=1&query=La%20Cantina%2C%20Paris%2C%20France,http://www.facebook.com/lacantinaparis,,"Arrondissement: 15e
Food types: restaurant
Tags: Restaurant, Italian
Google Maps: https://www.google.com/maps/search/?api=1&query=La%20Cantina%2C%20Paris%2C%20France
Website: http://www.facebook.com/lacantinaparis"
La Cave à Michel,"36 Rue Sainte-Marthe, 75010 Paris, France",Paris,10e,,generic,,,,,48.87435319999999,2.3729344,https://www.google.com/maps/search/?api=1&query=La%20Cave%20%C3%A0%20Michel%2C%20Paris%2C%20France,https://www.facebook.com/lacaveamichel,https://bookings.zenchef.com/results?rid=363213&fullscreen=1&mini=0&pid=mapstr&primaryColor=FFC222&type=web,"Arrondissement: 10e
Food types: generic
Tags: Frenchie, Restaurant, Bistrot, Bar
Google Maps: https://www.google.com/maps/search/?api=1&query=La%20Cave%20%C3%A0%20Michel%2C%20Paris%2C%20France
Website: https://www.facebook.com/lacaveamichel
Booking: https://bookings.zenchef.com/results?rid=363213&fullscreen=1&mini=0&pid=mapstr&primaryColor=FFC222&type=web"
La Chope Des Artistes,"48 Rue du Faubourg Saint-Martin, 75010 Paris, France",Paris,10e,,restaurant,,,4.3,231,48.87067990000001,2.3567059,https://maps.google.com/?cid=6646270359330819255&g_mp=CiVnb29nbGUubWFwcy5wbGFjZXMudjEuUGxhY2VzLkdldFBsYWNlEAIYBCAA,https://www.facebook.com/lachopedesartistesparis,,"Type: Bistro
Arrondissement: 10e
Google: 4.3 (231 reviews)
Food types: restaurant
Tags: Restaurant, Bar
Google summary: Refined French food in a stylish restaurant/bar lavishly decorated with chandeliers & mirrors.
Google Maps: https://maps.google.com/?cid=6646270359330819255&g_mp=CiVnb29nbGUubWFwcy5wbGFjZXMudjEuUGxhY2VzLkdldFBsYWNlEAIYBCAA
Website: https://www.facebook.com/lachopedesartistesparis"
La Condesa Paris,"17 Rue Rodier, 75009 Paris, France",Paris,9e,,restaurant,,,,,48.87855299999999,2.342762,https://www.google.com/maps/search/?api=1&query=La%20Condesa%20Paris%2C%20Paris%2C%20France,http://www.lacondesa-paris.com/,https://thefork.fr/restaurant/la-condesa-paris-r829700/?cc=24751-923,"Arrondissement: 9e
Food types: restaurant
Tags: Frenchie, Restaurant, Trendy, Healthy
Google Maps: https://www.google.com/maps/search/?api=1&query=La%20Condesa%20Paris%2C%20Paris%2C%20France
Website: http://www.lacondesa-paris.com/
Booking: https://thefork.fr/restaurant/la-condesa-paris-r829700/?cc=24751-923"
La Coquille,"30 Rue Coquillière, 75001 Paris, France",Paris,1er,,bar,,,4.4,57,48.8642695,2.3417231,https://maps.google.com/?cid=16474663504845258308&g_mp=CiVnb29nbGUubWFwcy5wbGFjZXMudjEuUGxhY2VzLkdldFBsYWNlEAIYBCAA,http://plateaurepasparis.cabanova.fr,,"Type: Bar
Arrondissement: 1er
Google: 4.4 (57 reviews)
Food types: bar
Tags: ❤️, Bar
Google Maps: https://maps.google.com/?cid=16474663504845258308&g_mp=CiVnb29nbGUubWFwcy5wbGFjZXMudjEuUGxhY2VzLkdldFBsYWNlEAIYBCAA
Website: http://plateaurepasparis.cabanova.fr"
La Crèmerie,"9 Rue des Quatre Vents, 75006 Paris, France",Paris,6e,,bar,,,4.4,282,48.8517401,2.3377948,https://maps.google.com/?cid=10798800487371204972&g_mp=CiVnb29nbGUubWFwcy5wbGFjZXMudjEuUGxhY2VzLkdldFBsYWNlEAIYBCAA,http://www.facebook.com/lacremerieparis,https://bookings.zenchef.com/results?rid=371172&fullscreen=1&mini=0&pid=mapstr&primaryColor=FFC222&type=web,"Type: French Restaurant
Arrondissement: 6e
Google: 4.4 (282 reviews)
Food types: bar
Tags: Bar, Cheese shop
Google Maps: https://maps.google.com/?cid=10798800487371204972&g_mp=CiVnb29nbGUubWFwcy5wbGFjZXMudjEuUGxhY2VzLkdldFBsYWNlEAIYBCAA
Website: http://www.facebook.com/lacremerieparis
Booking: https://bookings.zenchef.com/results?rid=371172&fullscreen=1&mini=0&pid=mapstr&primaryColor=FFC222&type=web"
La Datcha Paris,"62 Rue Jean-Pierre Timbaud, 75011 Paris, France",Paris,11e,,"restaurant, brunch",,,4.7,406,48.8666712,2.3735192,https://maps.google.com/?cid=10562815847847167715&g_mp=CiVnb29nbGUubWFwcy5wbGFjZXMudjEuUGxhY2VzLkdldFBsYWNlEAIYBCAA,https://www.ladatchaparis.com/,,"Type: French Restaurant
Arrondissement: 11e
Google: 4.7 (406 reviews)
Food types: restaurant, brunch
Tags: Brunch, Restaurant
Google Maps: https://maps.google.com/?cid=10562815847847167715&g_mp=CiVnb29nbGUubWFwcy5wbGFjZXMudjEuUGxhY2VzLkdldFBsYWNlEAIYBCAA
Website: https://www.ladatchaparis.com/"
La Famiglia,"2 Rue Waldeck-Rousseau, 75017 Paris, France",Paris,17e,,restaurant,,,,,48.8796477,2.2865202,https://www.google.com/maps/search/?api=1&query=La%20Famiglia%2C%20Paris%2C%20France,http://www.restaurantlafamiglia.com/,https://thefork.fr/restaurant/la-famiglia-r3741/?cc=24751-923,"Arrondissement: 17e
Food types: restaurant
Tags: Restaurant, Italian
Google Maps: https://www.google.com/maps/search/?api=1&query=La%20Famiglia%2C%20Paris%2C%20France
Website: http://www.restaurantlafamiglia.com/
Booking: https://thefork.fr/restaurant/la-famiglia-r3741/?cc=24751-923"
La Faute au Vin,"83 Rue du Cherche-Midi, 75006 Paris, France",Paris,6e,,shopping,,,,,48.8475348,2.3230452,https://www.google.com/maps/search/?api=1&query=La%20Faute%20au%20Vin%2C%20Paris%2C%20France,http://lafauteauvin.com/,,"Arrondissement: 6e
Food types: shopping
Tags: Natural wine, Shopping
Google Maps: https://www.google.com/maps/search/?api=1&query=La%20Faute%20au%20Vin%2C%20Paris%2C%20France
Website: http://lafauteauvin.com/"
La Fine Gueule,"21 Rue du Dr Leray, 75013 Paris, France",Paris,13e,,shopping,,,,,48.8234941,2.3537231,https://www.google.com/maps/search/?api=1&query=La%20Fine%20Gueule%2C%20Paris%2C%20France,https://m.facebook.com/La-fine-gueule-259939034074082/?locale2=fr_FR,,"Arrondissement: 13e
Food types: shopping
Tags: Wine bar
Google Maps: https://www.google.com/maps/search/?api=1&query=La%20Fine%20Gueule%2C%20Paris%2C%20France
Website: https://m.facebook.com/La-fine-gueule-259939034074082/?locale2=fr_FR"
La Fontaine Gaillon,"1 Rue de la Michodière, 75002 Paris, France",Paris,2e,,bar,,€€€,4.7,1995,48.86909199999999,2.334237,https://maps.google.com/?cid=5649456535509709870&g_mp=CiVnb29nbGUubWFwcy5wbGFjZXMudjEuUGxhY2VzLkdldFBsYWNlEAIYBCAA,www.lafontainegaillon.com,https://www.sevenrooms.com/explore/lafontainegaillon/reservations/create/search?tracking=mapstr-la-fontaine-gaillon,"Type: French Restaurant
Arrondissement: 2e
Price: €€€
Google: 4.7 (1,995 reviews)
Food types: bar
Tags: Restaurant, Frenchie
Google summary: Refined fish & seafood dishes at an upscale, ornately decorated venue with a leafy terrace.
Google Maps: https://maps.google.com/?cid=5649456535509709870&g_mp=CiVnb29nbGUubWFwcy5wbGFjZXMudjEuUGxhY2VzLkdldFBsYWNlEAIYBCAA
Website: www.lafontainegaillon.com
Booking: https://www.sevenrooms.com/explore/lafontainegaillon/reservations/create/search?tracking=mapstr-la-fontaine-gaillon"
La Fontaine de Mars,"129 Rue Saint-Dominique, 75007 Paris, France",Paris,7e,,restaurant,,€€€,4.4,2451,48.85839199999999,2.302569,https://maps.google.com/?cid=12956417825552490679&g_mp=CiVnb29nbGUubWFwcy5wbGFjZXMudjEuUGxhY2VzLkdldFBsYWNlEAIYBCAA,https://www.fontaine-de-mars.com/,https://bookings.zenchef.com/results?rid=356713&fullscreen=1&mini=0&pid=mapstr&primaryColor=FFC222&type=web,"Type: French Restaurant
Arrondissement: 7e
Price: €€€
Google: 4.4 (2,451 reviews)
Food types: restaurant
Tags: Bistrot
Google summary: Steak, fries, casseroles & French classics in a chic, colorful bistro with patio seating.
Google Maps: https://maps.google.com/?cid=12956417825552490679&g_mp=CiVnb29nbGUubWFwcy5wbGFjZXMudjEuUGxhY2VzLkdldFBsYWNlEAIYBCAA
Website: https://www.fontaine-de-mars.com/
Booking: https://bookings.zenchef.com/results?rid=356713&fullscreen=1&mini=0&pid=mapstr&primaryColor=FFC222&type=web"
La Main Noire,"12 Rue Cavallotti, Paris 75018",Paris,18e,,cafe,,€€,4.6,793,48.88649368286133,2.328195095062256,https://maps.google.com/?cid=1793059094528260795&g_mp=CiVnb29nbGUubWFwcy5wbGFjZXMudjEuUGxhY2VzLkdldFBsYWNlEAIYBCAA,http://www.lamainnoirecollective.com/,,"Type: Cafe
Arrondissement: 18e
Price: €€
Google: 4.6 (793 reviews)
Food types: cafe
Tags: Cafe, Healthy
Google Maps: https://maps.google.com/?cid=1793059094528260795&g_mp=CiVnb29nbGUubWFwcy5wbGFjZXMudjEuUGxhY2VzLkdldFBsYWNlEAIYBCAA
Website: http://www.lamainnoirecollective.com/"
La Maison Wa,"8 Rue Villedo, 75001 Paris, France",Paris,1er,,museum,,,,,48.8663848,2.3361995,https://www.google.com/maps/search/?api=1&query=La%20Maison%20Wa%2C%20Paris%2C%20France,http://www.maisonwa.com/,,"Arrondissement: 1er
Food types: museum
Tags: Japanese, Tea house
Google Maps: https://www.google.com/maps/search/?api=1&query=La%20Maison%20Wa%2C%20Paris%2C%20France
Website: http://www.maisonwa.com/"
La Maison de Commerce,"232 Boulevard Saint-Germain, 75007 Paris, France",Paris,7e,,generic,,,,,48.8558756,2.3266433,https://www.google.com/maps/search/?api=1&query=La%20Maison%20de%20Commerce%2C%20Paris%2C%20France,,,"Arrondissement: 7e
Food types: generic
Tags: Shopping
Google Maps: https://www.google.com/maps/search/?api=1&query=La%20Maison%20de%20Commerce%2C%20Paris%2C%20France"
La Maison de la Pistache - Paris 7°,"Rue du Bac, Paris, France",Paris,,,generic,,,,,48.8554631,2.3250461,https://www.google.com/maps/search/?api=1&query=La%20Maison%20de%20la%20Pistache%20-%20Paris%207%C2%B0%2C%20Paris%2C%20France,,,"Food types: generic
Tags: Concept-store
Google Maps: https://www.google.com/maps/search/?api=1&query=La%20Maison%20de%20la%20Pistache%20-%20Paris%207%C2%B0%2C%20Paris%2C%20France"
La Maison du Mochi,"Rue du Cherche-Midi, Paris, France",Paris,,,restaurant,,,4.5,858,48.8494292,2.326380799999999,https://maps.google.com/?cid=7481996059092879984&g_mp=CiVnb29nbGUubWFwcy5wbGFjZXMudjEuUGxhY2VzLkdldFBsYWNlEAIYBCAA,http://www.maisondumochi.fr/,,"Type: Pastry Shop
Google: 4.5 (858 reviews)
Food types: restaurant
Tags: Pastry
Google summary: Elegant mochi rice-paste sweets with fillings like pistachio & orange blossom, plus matcha tea.
Google Maps: https://maps.google.com/?cid=7481996059092879984&g_mp=CiVnb29nbGUubWFwcy5wbGFjZXMudjEuUGxhY2VzLkdldFBsYWNlEAIYBCAA
Website: http://www.maisondumochi.fr/"
La Mezcaleria Paris,"13 Boulevard du Temple, 75003 Paris, France",Paris,3e,,bar,,,,,48.8639492,2.3659536,https://www.google.com/maps/search/?api=1&query=La%20Mezcaleria%20Paris%2C%20Paris%2C%20France,https://www.instagram.com/lamezcaleriaparis/?hl=en,,"Arrondissement: 3e
Food types: bar
Tags: Cocktail, Bar
Google Maps: https://www.google.com/maps/search/?api=1&query=La%20Mezcaleria%20Paris%2C%20Paris%2C%20France
Website: https://www.instagram.com/lamezcaleriaparis/?hl=en"
La Parisienne,"52 Boulevard Saint-Germain, 75005 Paris, France",Paris,5e,,restaurant,,€€,4.2,1170,48.849968,2.349724999999999,https://maps.google.com/?cid=4691120763466057325&g_mp=CiVnb29nbGUubWFwcy5wbGFjZXMudjEuUGxhY2VzLkdldFBsYWNlEAIYBCAA,http://www.boulangerielaparisienne.com/,,"Type: Bakery
Arrondissement: 5e
Price: €€
Google: 4.2 (1,170 reviews)
Food types: restaurant
Tags: Bakery
Google Maps: https://maps.google.com/?cid=4691120763466057325&g_mp=CiVnb29nbGUubWFwcy5wbGFjZXMudjEuUGxhY2VzLkdldFBsYWNlEAIYBCAA
Website: http://www.boulangerielaparisienne.com/"
La Perle,"78 Rue Vieille du Temple, 75003 Paris, France",Paris,3e,,cafe,,€€,3.4,1670,48.8598003,2.3606963,https://maps.google.com/?cid=4190812438264054898&g_mp=CiVnb29nbGUubWFwcy5wbGFjZXMudjEuUGxhY2VzLkdldFBsYWNlEAIYBCAA,http://cafelaperle.com/,,"Type: Cafe
Arrondissement: 3e
Price: €€
Google: 3.4 (1,670 reviews)
Food types: cafe
Tags: Cafe, Trendy
Google summary: Classic French lunch items & desserts, plus pizza, served at a trendy cafe with sidewalk tables.
Google Maps: https://maps.google.com/?cid=4190812438264054898&g_mp=CiVnb29nbGUubWFwcy5wbGFjZXMudjEuUGxhY2VzLkdldFBsYWNlEAIYBCAA
Website: http://cafelaperle.com/"
La Petite Périgourdine,"39 Rue des Écoles, 75005 Paris, France",Paris,5e,,bar,,€€,4.4,1820,48.8488724,2.347194,https://maps.google.com/?cid=13334502312602225459&g_mp=CiVnb29nbGUubWFwcy5wbGFjZXMudjEuUGxhY2VzLkdldFBsYWNlEAIYBCAA,http://www.facebook.com/La.Petite.Perigourdine/timeline,https://bookings.zenchef.com/results?rid=360897&fullscreen=1&mini=0&pid=mapstr&primaryColor=FFC222&type=web,"Type: Restaurant
Arrondissement: 5e
Price: €€
Google: 4.4 (1,820 reviews)
Food types: bar
Tags: Bistrot
Google Maps: https://maps.google.com/?cid=13334502312602225459&g_mp=CiVnb29nbGUubWFwcy5wbGFjZXMudjEuUGxhY2VzLkdldFBsYWNlEAIYBCAA
Website: http://www.facebook.com/La.Petite.Perigourdine/timeline
Booking: https://bookings.zenchef.com/results?rid=360897&fullscreen=1&mini=0&pid=mapstr&primaryColor=FFC222&type=web"
La Plume by Madame Rêve,"43 Rue Étienne Marcel, 75001 Paris, France",Paris,1er,,restaurant,,€€€,4.4,2773,48.864791,2.3445967,https://maps.google.com/?cid=14089188990893242880&g_mp=CiVnb29nbGUubWFwcy5wbGFjZXMudjEuUGxhY2VzLkdldFBsYWNlEAIYBCAA,https://laplumerivedroite.com/,https://www.sevenrooms.com/reservations/laplume/ig,"Type: Restaurant
Arrondissement: 1er
Price: €€€
Google: 4.4 (2,773 reviews)
Food types: restaurant
Tags: Restaurant
Google Maps: https://maps.google.com/?cid=14089188990893242880&g_mp=CiVnb29nbGUubWFwcy5wbGFjZXMudjEuUGxhY2VzLkdldFBsYWNlEAIYBCAA
Website: https://laplumerivedroite.com/
Booking: https://www.sevenrooms.com/reservations/laplume/ig"
La Romaine Editions,"40 Rue de Varenne, 75007 Paris, Francia",Paris,7e,,generic,,,,,48.85421239999999,2.3233207,https://www.google.com/maps/search/?api=1&query=La%20Romaine%20Editions%2C%20Paris%2C%20Francia,https://laromaine-editions.com/en/fr-us?srsltid=AfmBOoqHxkygn6EqUTlYxO3UZveok_LQd5a801aldaQNLkfAnaOHvdln,,"Arrondissement: 7e
Food types: generic
Tags: Shopping
Google Maps: https://www.google.com/maps/search/?api=1&query=La%20Romaine%20Editions%2C%20Paris%2C%20Francia
Website: https://laromaine-editions.com/en/fr-us?srsltid=AfmBOoqHxkygn6EqUTlYxO3UZveok_LQd5a801aldaQNLkfAnaOHvdln"
La Rotonde,"105 Boulevard du Montparnasse, 75006 Paris, France",Paris,6e,,cafe,,€€€,4.3,4577,48.842357,2.329158,https://maps.google.com/?cid=8525423648943641338&g_mp=CiVnb29nbGUubWFwcy5wbGFjZXMudjEuUGxhY2VzLkdldFBsYWNlEAIYBCAA,https://menuonline.fr/la-rotonde-montparnasse,,"Type: Restaurant
Arrondissement: 6e
Price: €€€
Google: 4.3 (4,577 reviews)
Food types: cafe
Tags: Restaurant
Google Maps: https://maps.google.com/?cid=8525423648943641338&g_mp=CiVnb29nbGUubWFwcy5wbGFjZXMudjEuUGxhY2VzLkdldFBsYWNlEAIYBCAA
Website: https://menuonline.fr/la-rotonde-montparnasse"
La Réserve Paris Hotel and Spa,"42 Avenue Gabriel, 75008 Paris, Frankreich",Paris,8e,,"lodging, hotel",,,4.8,1250,48.8697628,2.3132848,https://maps.google.com/?cid=8133551870418437937&g_mp=CiVnb29nbGUubWFwcy5wbGFjZXMudjEuUGxhY2VzLkdldFBsYWNlEAIYBCAA,http://www.lareserve-paris.com/en/?utm_source=google&utm_medium=local&utm_campaign=la-reserve-paris,,"Type: Hotel
Arrondissement: 8e
Google: 4.8 (1,250 reviews)
Food types: lodging, hotel
Tags: Hotel / BB, Restaurant, Gastro / higher end
Google summary: Refined quarters with personal butlers in a plush hotel featuring a spa & 2 refined restaurants.
Google Maps: https://maps.google.com/?cid=8133551870418437937&g_mp=CiVnb29nbGUubWFwcy5wbGFjZXMudjEuUGxhY2VzLkdldFBsYWNlEAIYBCAA
Website: http://www.lareserve-paris.com/en/?utm_source=google&utm_medium=local&utm_campaign=la-reserve-paris"
La Taverne de Zhao,"49 Rue des Vinaigriers, 75010 Paris, France",Paris,10e,,restaurant,,,,,48.8731454,2.3603226,https://www.google.com/maps/search/?api=1&query=La%20Taverne%20de%20Zhao%2C%20Paris%2C%20France,http://latavernedezhao.com/,,"Arrondissement: 10e
Food types: restaurant
Tags: Restaurant, Chinese
Google Maps: https://www.google.com/maps/search/?api=1&query=La%20Taverne%20de%20Zhao%2C%20Paris%2C%20France
Website: http://latavernedezhao.com/"
La Tete Dans les Olives,"2 Rue Sainte-Marthe, 75010 Paris, France",Paris,10e,,shopping,,,,,48.87340810000001,2.3707301,https://www.google.com/maps/search/?api=1&query=La%20Tete%20Dans%20les%20Olives%2C%20Paris%2C%20France,http://www.latetedanslesolives.com/,,"Arrondissement: 10e
Food types: shopping
Tags: ❤️, Unusual
Google Maps: https://www.google.com/maps/search/?api=1&query=La%20Tete%20Dans%20les%20Olives%2C%20Paris%2C%20France
Website: http://www.latetedanslesolives.com/"
La Traversée,"2 Rue Ramey, 75018 Paris, France",Paris,18e,,restaurant,,,,,48.8872645,2.3475986,https://www.google.com/maps/search/?api=1&query=La%20Travers%C3%A9e%2C%20Paris%2C%20France,https://www.latraverseeparis.com/,https://menuwidget.zenchef.com/v4.php?rid=348683,"Arrondissement: 18e
Food types: restaurant
Tags: Frenchie, Restaurant, Trendy
Google Maps: https://www.google.com/maps/search/?api=1&query=La%20Travers%C3%A9e%2C%20Paris%2C%20France
Website: https://www.latraverseeparis.com/
Booking: https://menuwidget.zenchef.com/v4.php?rid=348683"
La cave des papilles,"35 Rue Daguerre, 75014 Paris, France",Paris,14e,,shopping,,,,,48.83437039999999,2.3282942,https://www.google.com/maps/search/?api=1&query=La%20cave%20des%20papilles%2C%20Paris%2C%20France,http://www.lacavedespapilles.com/,,"Arrondissement: 14e
Food types: shopping
Tags: Wine bar
Google Maps: https://www.google.com/maps/search/?api=1&query=La%20cave%20des%20papilles%2C%20Paris%2C%20France
Website: http://www.lacavedespapilles.com/"
La méduse,"177 Quai de Valmy, 75010 Paris, France",Paris,10e,,bar,,,,,48.86146220000001,2.3779976,https://www.google.com/maps/search/?api=1&query=La%20m%C3%A9duse%2C%20Paris%2C%20France,,,"Arrondissement: 10e
Food types: bar
Tags: Frenchie, Restaurant, Cocktail
Google Maps: https://www.google.com/maps/search/?api=1&query=La%20m%C3%A9duse%2C%20Paris%2C%20France"
Ladurée,"16 Rue Royale, 75008 Paris, France",Paris,8e,,"restaurant, brunch",,€€€,4.1,3381,48.8684378,2.3236443,https://maps.google.com/?cid=15123703379817243956&g_mp=CiVnb29nbGUubWFwcy5wbGFjZXMudjEuUGxhY2VzLkdldFBsYWNlEAIYBCAA,https://www.laduree.fr/laduree-paris-royale.html,https://thefork.fr/restaurant/laduree-paris-royale-r5141/?cc=24751-923,"Type: Pastry Shop
Arrondissement: 8e
Price: €€€
Google: 4.1 (3,381 reviews)
Food types: restaurant, brunch
Tags: Brunch, Bakery, Cafe
Google summary: Upscale bakery with Parisian origins, specializing in French macarons in a number of flavors.
Google Maps: https://maps.google.com/?cid=15123703379817243956&g_mp=CiVnb29nbGUubWFwcy5wbGFjZXMudjEuUGxhY2VzLkdldFBsYWNlEAIYBCAA
Website: https://www.laduree.fr/laduree-paris-royale.html
Booking: https://thefork.fr/restaurant/laduree-paris-royale-r5141/?cc=24751-923"
Ladurée Pavillon Gravelle,"2 Rte du Pesage, 75012 Paris, France",Paris,12e,,"restaurant, brunch",,€€€,3.9,308,48.8226259,2.4460264,https://maps.google.com/?cid=16874507459378194118&g_mp=CiVnb29nbGUubWFwcy5wbGFjZXMudjEuUGxhY2VzLkdldFBsYWNlEAIYBCAA,https://www.instagram.com/pavillongravelle.laduree/,https://thefork.fr/restaurant/laduree-pavillon-gravelle-r824030/?cc=24751-923,"Type: French Restaurant
Arrondissement: 12e
Price: €€€
Google: 3.9 (308 reviews)
Food types: restaurant, brunch
Tags: Cafe, Brunch, Restaurant
Google summary: Upscale bakery with Parisian origins, specializing in French macarons in a number of flavors.
Google Maps: https://maps.google.com/?cid=16874507459378194118&g_mp=CiVnb29nbGUubWFwcy5wbGFjZXMudjEuUGxhY2VzLkdldFBsYWNlEAIYBCAA
Website: https://www.instagram.com/pavillongravelle.laduree/
Booking: https://thefork.fr/restaurant/laduree-pavillon-gravelle-r824030/?cc=24751-923"
Lafayette's restaurant rue d'Anjou,"Rue d'Anjou, Paris, France",Paris,,,restaurant,,,4.4,1160,48.8697748,2.320838,https://maps.google.com/?cid=12942500976107558915&g_mp=CiVnb29nbGUubWFwcy5wbGFjZXMudjEuUGxhY2VzLkdldFBsYWNlEAIYBCAA,http://www.ran-paris.com/,,"Type: Restaurant
Google: 4.4 (1,160 reviews)
Food types: restaurant
Tags: Trendy, Restaurant, Gastro / higher end, African, Frenchie
Google summary: Historic house offering French dishes in a refined, cozy setting.
Google Maps: https://maps.google.com/?cid=12942500976107558915&g_mp=CiVnb29nbGUubWFwcy5wbGFjZXMudjEuUGxhY2VzLkdldFBsYWNlEAIYBCAA
Website: http://www.ran-paris.com/"
Lago par Chloé Charles,"25 Rue Sedaine, 75011 Paris, France",Paris,11e,,restaurant,,,5,26,48.8565562,2.373602,https://maps.google.com/?cid=909766542569521225&g_mp=CiVnb29nbGUubWFwcy5wbGFjZXMudjEuUGxhY2VzLkdldFBsYWNlEAIYBCAA,https://www.lago.paris/,,"Type: Restaurant
Arrondissement: 11e
Google: 5.0 (26 reviews)
Food types: restaurant
Tags: Restaurant
Google Maps: https://maps.google.com/?cid=909766542569521225&g_mp=CiVnb29nbGUubWFwcy5wbGFjZXMudjEuUGxhY2VzLkdldFBsYWNlEAIYBCAA
Website: https://www.lago.paris/"
Lam,"24 Rue Notre Dame de Nazareth, 75003 Paris, France",Paris,3e,,cafe,,,4.8,753,48.8675311,2.3578196,https://maps.google.com/?cid=16036701169335323358&g_mp=CiVnb29nbGUubWFwcy5wbGFjZXMudjEuUGxhY2VzLkdldFBsYWNlEAIYBCAA,https://www.instagram.com/lambakeryparis/,,"Type: Bakery
Arrondissement: 3e
Google: 4.8 (753 reviews)
Food types: cafe
Tags: Cafe, Dessert
Google Maps: https://maps.google.com/?cid=16036701169335323358&g_mp=CiVnb29nbGUubWFwcy5wbGFjZXMudjEuUGxhY2VzLkdldFBsYWNlEAIYBCAA
Website: https://www.instagram.com/lambakeryparis/"
Langosteria,"Cheval Blanc, 8 Quai du Louvre, 75001 Paris, France",Paris,1er,,restaurant,,,4.5,1115,48.8588971,2.3420459,https://maps.google.com/?cid=9149403307593030108&g_mp=CiVnb29nbGUubWFwcy5wbGFjZXMudjEuUGxhY2VzLkdldFBsYWNlEAIYBCAA,http://langosteria.com/,https://www.sevenrooms.com/reservations/langosteriaauchevalblancparis?lang=fr,"Type: Seafood Restaurant
Arrondissement: 1er
Google: 4.5 (1,115 reviews)
Food types: restaurant
Tags: Gastro / higher end, Restaurant
Google Maps: https://maps.google.com/?cid=9149403307593030108&g_mp=CiVnb29nbGUubWFwcy5wbGFjZXMudjEuUGxhY2VzLkdldFBsYWNlEAIYBCAA
Website: http://langosteria.com/
Booking: https://www.sevenrooms.com/reservations/langosteriaauchevalblancparis?lang=fr"
Lao Siam,"Rue de Belleville, Paris, France",Paris,,,restaurant,,€€,4.3,1741,48.8731455,2.380934,https://maps.google.com/?cid=9033533639603472350&g_mp=CiVnb29nbGUubWFwcy5wbGFjZXMudjEuUGxhY2VzLkdldFBsYWNlEAIYBCAA,http://www.amasiam.com,,"Type: Restaurant
Price: €€
Google: 4.3 (1,741 reviews)
Food types: restaurant
Tags: Asian, Vietnamiese, Restaurant
Google summary: Laotian & Thai stir-fries, curries, salads & desserts in a straightforward, wood-lined locale.
Google Maps: https://maps.google.com/?cid=9033533639603472350&g_mp=CiVnb29nbGUubWFwcy5wbGFjZXMudjEuUGxhY2VzLkdldFBsYWNlEAIYBCAA
Website: http://www.amasiam.com"
Lastre Sans Apostrophe,"188 Rue de Grenelle, 75007 Paris, France",Paris,7e,,generic,,,,,48.8576963,2.3055815,https://www.google.com/maps/search/?api=1&query=Lastre%20Sans%20Apostrophe%2C%20Paris%2C%20France,https://lastre-sans-apostrophe.business.site/,,"Arrondissement: 7e
Food types: generic
Tags: Take away
Google Maps: https://www.google.com/maps/search/?api=1&query=Lastre%20Sans%20Apostrophe%2C%20Paris%2C%20France
Website: https://lastre-sans-apostrophe.business.site/"
Lavomatic,"30 Rue René Boulanger, Paris, France",Paris,,,bar,,,,,48.86848699999999,2.361783,https://www.google.com/maps/search/?api=1&query=Lavomatic%2C%20Paris%2C%20France,,,"Food types: bar
Tags: Wine bar, Restaurant, Cocktail, Unusual
Google Maps: https://www.google.com/maps/search/?api=1&query=Lavomatic%2C%20Paris%2C%20France"
Lavrut,"52 Passage Choiseul, 75002 Paris, France",Paris,2e,,generic,,,,,48.8680491,2.3355751,https://www.google.com/maps/search/?api=1&query=Lavrut%2C%20Paris%2C%20France,http://www.lavrut.com/,,"Arrondissement: 2e
Food types: generic
Tags: Shopping
Google Maps: https://www.google.com/maps/search/?api=1&query=Lavrut%2C%20Paris%2C%20France
Website: http://www.lavrut.com/"
Laïzé,"8 Rue de Valois, 75001 Paris, France",Paris,1er,,cafe,,,4.4,301,48.86366880169533,2.338203699999985,https://maps.google.com/?cid=16457466652901646490&g_mp=CiVnb29nbGUubWFwcy5wbGFjZXMudjEuUGxhY2VzLkdldFBsYWNlEAIYBCAA,http://www.laizeparis.com/,,"Type: Tea House
Arrondissement: 1er
Google: 4.4 (301 reviews)
Food types: cafe
Tags: Cafe, Asian
Google Maps: https://maps.google.com/?cid=16457466652901646490&g_mp=CiVnb29nbGUubWFwcy5wbGFjZXMudjEuUGxhY2VzLkdldFBsYWNlEAIYBCAA
Website: http://www.laizeparis.com/"
Laïzé,"68 Passage Choiseul, 75002 Paris, France",Paris,2e,,restaurant,,,4.4,226,48.86831699999999,2.3357507,https://maps.google.com/?cid=14995990840932193558&g_mp=CiVnb29nbGUubWFwcy5wbGFjZXMudjEuUGxhY2VzLkdldFBsYWNlEAIYBCAA,http://www.laizeparis.com/,,"Type: Tea House
Arrondissement: 2e
Google: 4.4 (226 reviews)
Food types: restaurant
Tags: Cafe, Asian
Google Maps: https://maps.google.com/?cid=14995990840932193558&g_mp=CiVnb29nbGUubWFwcy5wbGFjZXMudjEuUGxhY2VzLkdldFBsYWNlEAIYBCAA
Website: http://www.laizeparis.com/"
Le 116,"2 Rue Auguste Vacquerie, 75116 Paris, France",Paris,16e,,restaurant,,,,,48.8709919,2.2963744,https://www.google.com/maps/search/?api=1&query=Le%20116%2C%20Paris%2C%20France,http://www.116pages.fr/,https://thefork.fr/restaurant/pages-r65716/?cc=24751-923,"Arrondissement: 16e
Food types: restaurant
Tags: Asian, Restaurant, Trendy
Google Maps: https://www.google.com/maps/search/?api=1&query=Le%20116%2C%20Paris%2C%20France
Website: http://www.116pages.fr/
Booking: https://thefork.fr/restaurant/pages-r65716/?cc=24751-923"
Le 1905,"25 Rue Beautreillis, Paris 75004",Paris,4e,,bar,,,4.6,432,48.8537471,2.3644369,https://maps.google.com/?cid=14640371068522757297&g_mp=CiVnb29nbGUubWFwcy5wbGFjZXMudjEuUGxhY2VzLkdldFBsYWNlEAIYBCAA,https://www.le1905.com/,https://www.le1905.com/menus,"Type: Cocktail Bar
Arrondissement: 4e
Google: 4.6 (432 reviews)
Food types: bar
Tags: Cocktail, Bar
Google summary: Elevated cocktails & light bites are offered at this cozy bar with a vintage vibe & outdoor seating.
Google Maps: https://maps.google.com/?cid=14640371068522757297&g_mp=CiVnb29nbGUubWFwcy5wbGFjZXMudjEuUGxhY2VzLkdldFBsYWNlEAIYBCAA
Website: https://www.le1905.com/
Booking: https://www.le1905.com/menus"
Le 21,"Rue Mazarine, Paris, France",Paris,,,restaurant,,,4.1,62,48.854977,2.338001,https://maps.google.com/?cid=12880703887327067667&g_mp=CiVnb29nbGUubWFwcy5wbGFjZXMudjEuUGxhY2VzLkdldFBsYWNlEAIYBCAA,http://eater.space/le-21,https://bookings.zenchef.com/results?rid=378017&fullscreen=1&mini=0&pid=mapstr&primaryColor=FFC222&type=web,"Type: Restaurant
Google: 4.1 (62 reviews)
Food types: restaurant
Tags: Fish, Restaurant
Google Maps: https://maps.google.com/?cid=12880703887327067667&g_mp=CiVnb29nbGUubWFwcy5wbGFjZXMudjEuUGxhY2VzLkdldFBsYWNlEAIYBCAA
Website: http://eater.space/le-21
Booking: https://bookings.zenchef.com/results?rid=378017&fullscreen=1&mini=0&pid=mapstr&primaryColor=FFC222&type=web"
Le Badaboum,"2 bis Rue des Taillandiers, 75011 Paris, France",Paris,11e,,bar,,,,,48.8535282,2.375755,https://www.google.com/maps/search/?api=1&query=Le%20Badaboum%2C%20Paris%2C%20France,http://www.badaboum.paris/,,"Arrondissement: 11e
Food types: bar
Tags: Dancing
Google Maps: https://www.google.com/maps/search/?api=1&query=Le%20Badaboum%2C%20Paris%2C%20France
Website: http://www.badaboum.paris/"
Le Ballu,"55 Rue Blanche, 75009 Paris, France",Paris,9e,,"bar, hotel",,€€,4.3,264,48.88144,2.3314888,https://maps.google.com/?cid=7663005877247324456&g_mp=CiVnb29nbGUubWFwcy5wbGFjZXMudjEuUGxhY2VzLkdldFBsYWNlEAIYBCAA,https://le-ballu.net-lab.fr/,,"Type: Bar
Arrondissement: 9e
Price: €€
Google: 4.3 (264 reviews)
Food types: bar, hotel
Tags: Hotel / BB, Restaurant
Google Maps: https://maps.google.com/?cid=7663005877247324456&g_mp=CiVnb29nbGUubWFwcy5wbGFjZXMudjEuUGxhY2VzLkdldFBsYWNlEAIYBCAA
Website: https://le-ballu.net-lab.fr/"
Le Bar des Prés,"25 Rue du Dragon, 75006 Paris, France",Paris,6e,,restaurant,,,,,48.8528061,2.330487600000001,https://www.google.com/maps/search/?api=1&query=Le%20Bar%20des%20Pr%C3%A9s%2C%20Paris%2C%20France,http://www.lebardespres.com/fr/accueil/,,"Arrondissement: 6e
Food types: restaurant
Tags: Frenchie, Japanese, SH, Trendy
Google Maps: https://www.google.com/maps/search/?api=1&query=Le%20Bar%20des%20Pr%C3%A9s%2C%20Paris%2C%20France
Website: http://www.lebardespres.com/fr/accueil/"
Le Baratin,"3 Rue Jouye-Rouve, 75020 Paris, France",Paris,20e,,restaurant,,,,,48.8730712,2.382835099999999,https://www.google.com/maps/search/?api=1&query=Le%20Baratin%2C%20Paris%2C%20France,https://lefooding.com/fr/restaurants/restaurant-le-baratin-paris,,"Arrondissement: 20e
Food types: restaurant
Tags: Frenchie, Wine bar, Restaurant
Google Maps: https://www.google.com/maps/search/?api=1&query=Le%20Baratin%2C%20Paris%2C%20France
Website: https://lefooding.com/fr/restaurants/restaurant-le-baratin-paris"
Le Bichat,"11 Rue Bichat, 75010 Paris, France",Paris,10e,,restaurant,,,,,48.8703999,2.3686539,https://www.google.com/maps/search/?api=1&query=Le%20Bichat%2C%20Paris%2C%20France,http://www.lebichat.fr/,,"Arrondissement: 10e
Food types: restaurant
Tags: Restaurant, Healthy
Google Maps: https://www.google.com/maps/search/?api=1&query=Le%20Bichat%2C%20Paris%2C%20France
Website: http://www.lebichat.fr/"
Le Bistrot d'Yves,"33 Rue Cardinet, 75017 Paris, France",Paris,17e,,restaurant,,,,,48.8821429,2.3038057,https://www.google.com/maps/search/?api=1&query=Le%20Bistrot%20d'Yves%2C%20Paris%2C%20France,http://menuonline.fr/le-bistrot-d-yves,https://thefork.fr/restaurant/le-bistrot-d-yves-r36313/?cc=24751-923,"Arrondissement: 17e
Food types: restaurant
Tags: Restaurant, Meat, Bistrot
Google Maps: https://www.google.com/maps/search/?api=1&query=Le%20Bistrot%20d'Yves%2C%20Paris%2C%20France
Website: http://menuonline.fr/le-bistrot-d-yves
Booking: https://thefork.fr/restaurant/le-bistrot-d-yves-r36313/?cc=24751-923"
Le Bistrot de Paris,"33 Rue de Lille, 75007 Paris, France",Paris,7e,,restaurant,,,4.4,587,48.858577,2.32935,https://maps.google.com/?cid=10295144339473228327&g_mp=CiVnb29nbGUubWFwcy5wbGFjZXMudjEuUGxhY2VzLkdldFBsYWNlEAIYBCAA,http://www.facebook.com/pages/Le-Bistrot-de-Paris-depuis-1965/224910604192636,https://bookings.zenchef.com/results?rid=357075&fullscreen=1&mini=0&pid=mapstr&primaryColor=FFC222&type=web,"Type: Bistro
Arrondissement: 7e
Google: 4.4 (587 reviews)
Food types: restaurant
Tags: Restaurant, Bistrot
Google summary: Elegant restaurant in a 19th-century building preparing a menu of classic & contemporary dishes.
Google Maps: https://maps.google.com/?cid=10295144339473228327&g_mp=CiVnb29nbGUubWFwcy5wbGFjZXMudjEuUGxhY2VzLkdldFBsYWNlEAIYBCAA
Website: http://www.facebook.com/pages/Le-Bistrot-de-Paris-depuis-1965/224910604192636
Booking: https://bookings.zenchef.com/results?rid=357075&fullscreen=1&mini=0&pid=mapstr&primaryColor=FFC222&type=web"
Le Bizetro,"6 Rue Georges Bizet, 75116 Paris, France",Paris,16e,,bar,,€€,4.8,1240,48.8667804,2.2987559,https://maps.google.com/?cid=6270697427225073709&g_mp=CiVnb29nbGUubWFwcy5wbGFjZXMudjEuUGxhY2VzLkdldFBsYWNlEAIYBCAA,http://eater.space/le-bizetro,,"Type: French Restaurant
Arrondissement: 16e
Price: €€
Google: 4.8 (1,240 reviews)
Food types: bar
Tags: Bistrot, Restaurant
Google summary: Traditional bistro fare presented in a rustic space with exposed-brick walls & nostalgic fixtures.
Google Maps: https://maps.google.com/?cid=6270697427225073709&g_mp=CiVnb29nbGUubWFwcy5wbGFjZXMudjEuUGxhY2VzLkdldFBsYWNlEAIYBCAA
Website: http://eater.space/le-bizetro"
Le Bon Georges,"45 Rue Saint-Georges, 75009 Paris, France",Paris,9e,,restaurant,,€€,4.5,2594,48.87765759999999,2.3372005,https://maps.google.com/?cid=16995110964793138726&g_mp=CiVnb29nbGUubWFwcy5wbGFjZXMudjEuUGxhY2VzLkdldFBsYWNlEAIYBCAA,http://www.lebongeorges.paris/,https://bookings.zenchef.com/results?rid=376532&fullscreen=1&mini=0&pid=mapstr&primaryColor=FFC222&type=web,"Type: French Restaurant
Arrondissement: 9e
Price: €€
Google: 4.5 (2,594 reviews)
Food types: restaurant
Tags: Bistrot
Google summary: Classic Parisian bistro with a chalkboard menu of daily dishes with seasonal produce, plus a long wine list.
Google Maps: https://maps.google.com/?cid=16995110964793138726&g_mp=CiVnb29nbGUubWFwcy5wbGFjZXMudjEuUGxhY2VzLkdldFBsYWNlEAIYBCAA
Website: http://www.lebongeorges.paris/
Booking: https://bookings.zenchef.com/results?rid=376532&fullscreen=1&mini=0&pid=mapstr&primaryColor=FFC222&type=web"
Le Bon Saint Pourçain,"10 Bis Rue Servandoni, 75006 Paris, France",Paris,6e,,restaurant,,,,,48.8500729,2.3346529,https://www.google.com/maps/search/?api=1&query=Le%20Bon%20Saint%20Pour%C3%A7ain%2C%20Paris%2C%20France,http://www.bonsaintpourcain.com,http://www.opentable.fr/r/le-bon-saint-pourcain-paris?ref=17374,"Arrondissement: 6e
Food types: restaurant
Tags: Frenchie, Restaurant
Google Maps: https://www.google.com/maps/search/?api=1&query=Le%20Bon%20Saint%20Pour%C3%A7ain%2C%20Paris%2C%20France
Website: http://www.bonsaintpourcain.com
Booking: http://www.opentable.fr/r/le-bon-saint-pourcain-paris?ref=17374"
Le Bonbon au Palais,"19 Rue Monge, 75005 Paris, France",Paris,5e,,shopping,,,,,48.847696,2.351019,https://www.google.com/maps/search/?api=1&query=Le%20Bonbon%20au%20Palais%2C%20Paris%2C%20France,https://lebonbonaupalais.com/,,"Arrondissement: 5e
Food types: shopping
Tags: Candies
Google Maps: https://www.google.com/maps/search/?api=1&query=Le%20Bonbon%20au%20Palais%2C%20Paris%2C%20France
Website: https://lebonbonaupalais.com/"
Le Boréal,"Rue Montcalm, Paris, France",Paris,,,cafe,,,4.7,641,48.8938526,2.3389802,https://maps.google.com/?cid=9835951407454107670&g_mp=CiVnb29nbGUubWFwcy5wbGFjZXMudjEuUGxhY2VzLkdldFBsYWNlEAIYBCAA,https://www.instagram.com/le.boreal.paris/,https://thefork.fr/restaurant/le-boreal-r846710/?cc=24751-923,"Type: Restaurant
Google: 4.7 (641 reviews)
Food types: cafe
Tags: Restaurant, Trendy
Google Maps: https://maps.google.com/?cid=9835951407454107670&g_mp=CiVnb29nbGUubWFwcy5wbGFjZXMudjEuUGxhY2VzLkdldFBsYWNlEAIYBCAA
Website: https://www.instagram.com/le.boreal.paris/
Booking: https://thefork.fr/restaurant/le-boreal-r846710/?cc=24751-923"
Le Bouclard,"1 Rue Cavallotti, 75018 Paris, France",Paris,18e,,bar,,€€€,4.7,540,48.8858148,2.3286966,https://maps.google.com/?cid=4411465332494128493&g_mp=CiVnb29nbGUubWFwcy5wbGFjZXMudjEuUGxhY2VzLkdldFBsYWNlEAIYBCAA,http://www.bouclard.com/,https://thefork.fr/restaurant/le-bouclard-r10089/?cc=24751-923,"Type: French Restaurant
Arrondissement: 18e
Price: €€€
Google: 4.7 (540 reviews)
Food types: bar
Tags: Bistrot
Google summary: Quaint restaurant specializing in homestyle comfort food plates based on inherited recipes.
Google Maps: https://maps.google.com/?cid=4411465332494128493&g_mp=CiVnb29nbGUubWFwcy5wbGFjZXMudjEuUGxhY2VzLkdldFBsYWNlEAIYBCAA
Website: http://www.bouclard.com/
Booking: https://thefork.fr/restaurant/le-bouclard-r10089/?cc=24751-923"
Le Brandevin,"29 Rue du Dr Blanche, 75016 Paris, France",Paris,16e,,restaurant,,€€,4.5,413,48.85377330000001,2.265589400000001,https://maps.google.com/?cid=5134373376524673414&g_mp=CiVnb29nbGUubWFwcy5wbGFjZXMudjEuUGxhY2VzLkdldFBsYWNlEAIYBCAA,http://www.lebrandevin.fr/,https://bookings.zenchef.com/results?rid=1094&fullscreen=1&mini=0&pid=mapstr&primaryColor=FFC222&type=web,"Type: Restaurant
Arrondissement: 16e
Price: €€
Google: 4.5 (413 reviews)
Food types: restaurant
Tags: Restaurant, Bistrot
Google summary: Warm bistro offering traditional French cuisine, along with wines, in a classic setting.
Google Maps: https://maps.google.com/?cid=5134373376524673414&g_mp=CiVnb29nbGUubWFwcy5wbGFjZXMudjEuUGxhY2VzLkdldFBsYWNlEAIYBCAA
Website: http://www.lebrandevin.fr/
Booking: https://bookings.zenchef.com/results?rid=1094&fullscreen=1&mini=0&pid=mapstr&primaryColor=FFC222&type=web"
Le Cadoret,"1 Rue Pradier, 75019 Paris, France",Paris,19e,,restaurant,,,4.3,519,48.87475699999999,2.381041,https://maps.google.com/?cid=1897773483001877358&g_mp=CiVnb29nbGUubWFwcy5wbGFjZXMudjEuUGxhY2VzLkdldFBsYWNlEAIYBCAA,https://www.facebook.com/KD-Restaurant-326044977742147/?fref=ts,https://bookings.zenchef.com/results?rid=378708&fullscreen=1&mini=0&pid=mapstr&primaryColor=FFC222&type=web,"Type: Bistro
Arrondissement: 19e
Google: 4.3 (519 reviews)
Food types: restaurant
Tags: Frenchie, Restaurant, Bistrot, Trendy
Google summary: Typical French food & set menu options at a cozy corner restaurant with a street terrace.
Google Maps: https://maps.google.com/?cid=1897773483001877358&g_mp=CiVnb29nbGUubWFwcy5wbGFjZXMudjEuUGxhY2VzLkdldFBsYWNlEAIYBCAA
Website: https://www.facebook.com/KD-Restaurant-326044977742147/?fref=ts
Booking: https://bookings.zenchef.com/results?rid=378708&fullscreen=1&mini=0&pid=mapstr&primaryColor=FFC222&type=web"
Le Café Alain Ducasse avec 1895 by Lavazza,12 rue Saint-Sabin Paris 75011,Paris,11e,,shopping,,,4.5,326,48.85532620000001,2.3721637,https://maps.google.com/?cid=8741916986574507476&g_mp=CiVnb29nbGUubWFwcy5wbGFjZXMudjEuUGxhY2VzLkdldFBsYWNlEAIYBCAA,https://www.lecafe-alainducasse.com/,,"Type: Food Store
Arrondissement: 11e
Google: 4.5 (326 reviews)
Food types: shopping
Tags: Cafe
Google Maps: https://maps.google.com/?cid=8741916986574507476&g_mp=CiVnb29nbGUubWFwcy5wbGFjZXMudjEuUGxhY2VzLkdldFBsYWNlEAIYBCAA
Website: https://www.lecafe-alainducasse.com/"
Le Café de l'Usine,"5 Pass. Piver, 75011 Paris, France",Paris,11e,,restaurant,,,4.8,290,48.8704603,2.3745631,https://maps.google.com/?cid=4187162295161806155&g_mp=CiVnb29nbGUubWFwcy5wbGFjZXMudjEuUGxhY2VzLkdldFBsYWNlEAIYBCAA,http://cafedelusine.fr/,telprompt://+33143579665,"Type: Restaurant
Arrondissement: 11e
Google: 4.8 (290 reviews)
Food types: restaurant
Tags: Restaurant, Trendy
Google Maps: https://maps.google.com/?cid=4187162295161806155&g_mp=CiVnb29nbGUubWFwcy5wbGFjZXMudjEuUGxhY2VzLkdldFBsYWNlEAIYBCAA
Website: http://cafedelusine.fr/
Booking: telprompt://+33143579665"
Le Canard Sauvage,"14 Bd de Strasbourg, 75010 Paris",Paris,10e,,restaurant,,,4.6,85,48.8705382,2.3554759,https://maps.google.com/?cid=9509719228214757666&g_mp=CiVnb29nbGUubWFwcy5wbGFjZXMudjEuUGxhY2VzLkdldFBsYWNlEAIYBCAA,https://bookings.zenchef.com/results?rid=378070&pid=1001,https://bookings.zenchef.com/results?rid=378070&fullscreen=1&mini=0&pid=mapstr&primaryColor=FFC222&type=web,"Type: Restaurant
Arrondissement: 10e
Google: 4.6 (85 reviews)
Food types: restaurant
Tags: Frenchie, Restaurant, Trendy, ❤️
Google Maps: https://maps.google.com/?cid=9509719228214757666&g_mp=CiVnb29nbGUubWFwcy5wbGFjZXMudjEuUGxhY2VzLkdldFBsYWNlEAIYBCAA
Website: https://bookings.zenchef.com/results?rid=378070&pid=1001
Booking: https://bookings.zenchef.com/results?rid=378070&fullscreen=1&mini=0&pid=mapstr&primaryColor=FFC222&type=web"
Le Chardonnay,"3 Rue Bachaumont, 75002 Paris, France",Paris,2e,,restaurant,,,4.6,551,48.8658229,2.3464376,https://maps.google.com/?cid=16170402615737098959&g_mp=CiVnb29nbGUubWFwcy5wbGFjZXMudjEuUGxhY2VzLkdldFBsYWNlEAIYBCAA,http://www.lechardonnay-comptoir.fr/,https://bookings.zenchef.com/results?rid=362234&fullscreen=1&mini=0&pid=mapstr&primaryColor=FFC222&type=web,"Type: Restaurant
Arrondissement: 2e
Google: 4.6 (551 reviews)
Food types: restaurant
Tags: Bistrot, Restaurant
Google Maps: https://maps.google.com/?cid=16170402615737098959&g_mp=CiVnb29nbGUubWFwcy5wbGFjZXMudjEuUGxhY2VzLkdldFBsYWNlEAIYBCAA
Website: http://www.lechardonnay-comptoir.fr/
Booking: https://bookings.zenchef.com/results?rid=362234&fullscreen=1&mini=0&pid=mapstr&primaryColor=FFC222&type=web"
Le Chat Ivre,"22 Rue des Taillandiers, 75011 Paris, France",Paris,11e,,restaurant,,,,,48.854984,2.374984999999999,https://www.google.com/maps/search/?api=1&query=Le%20Chat%20Ivre%2C%20Paris%2C%20France,https://www.facebook.com/ChatIvre/,https://bookings.zenchef.com/results?rid=361994&fullscreen=1&mini=0&pid=mapstr&primaryColor=FFC222&type=web,"Arrondissement: 11e
Food types: restaurant
Tags: Bar
Google Maps: https://www.google.com/maps/search/?api=1&query=Le%20Chat%20Ivre%2C%20Paris%2C%20France
Website: https://www.facebook.com/ChatIvre/
Booking: https://bookings.zenchef.com/results?rid=361994&fullscreen=1&mini=0&pid=mapstr&primaryColor=FFC222&type=web"
Le Clarence,"31 Avenue Franklin Delano Roosevelt, 75008 Paris, France",Paris,8e,,restaurant,,€€€€,4.7,827,48.86739540000001,2.3097858,https://maps.google.com/?cid=11879370148947669534&g_mp=CiVnb29nbGUubWFwcy5wbGFjZXMudjEuUGxhY2VzLkdldFBsYWNlEAIYBCAA,http://www.le-clarence.paris/,https://thefork.fr/restaurant/le-clarence-r74933/?cc=24751-923,"Type: French Restaurant
Arrondissement: 8e
Price: €€€€
Google: 4.7 (827 reviews)
Food types: restaurant
Tags: Gastro / higher end, Restaurant
Google summary: Regal option with an old-world ambiance featuring elevated classics & a wine cellar.
Google Maps: https://maps.google.com/?cid=11879370148947669534&g_mp=CiVnb29nbGUubWFwcy5wbGFjZXMudjEuUGxhY2VzLkdldFBsYWNlEAIYBCAA
Website: http://www.le-clarence.paris/
Booking: https://thefork.fr/restaurant/le-clarence-r74933/?cc=24751-923"
Le Clown Bar,"114 Rue Amelot, 75011 Paris, France",Paris,11e,,restaurant,,,,,48.863604,2.367232,https://www.google.com/maps/search/?api=1&query=Le%20Clown%20Bar%2C%20Paris%2C%20France,http://www.clownbar.fr,https://bookings.zenchef.com/results?rid=354275&fullscreen=1&mini=0&pid=mapstr&primaryColor=FFC222&type=web,"Arrondissement: 11e
Food types: restaurant
Tags: Restaurant, Trendy, Wine bar, Frenchie, Natural wine
Google Maps: https://www.google.com/maps/search/?api=1&query=Le%20Clown%20Bar%2C%20Paris%2C%20France
Website: http://www.clownbar.fr
Booking: https://bookings.zenchef.com/results?rid=354275&fullscreen=1&mini=0&pid=mapstr&primaryColor=FFC222&type=web"
Le Collier de la Reine,"39 R. des Petites Écuries, 75010 Paris, France",Paris,10e,,restaurant,,,3.9,812,48.8737443,2.3511629,https://maps.google.com/?cid=1425629616257509673&g_mp=CiVnb29nbGUubWFwcy5wbGFjZXMudjEuUGxhY2VzLkdldFBsYWNlEAIYBCAA,http://lecollierdelareine.paris/,https://bookings.zenchef.com/results?rid=357750&fullscreen=1&mini=0&pid=mapstr&primaryColor=FFC222&type=web,"Type: Restaurant
Arrondissement: 10e
Google: 3.9 (812 reviews)
Food types: restaurant
Tags: ❤️, Restaurant
Google Maps: https://maps.google.com/?cid=1425629616257509673&g_mp=CiVnb29nbGUubWFwcy5wbGFjZXMudjEuUGxhY2VzLkdldFBsYWNlEAIYBCAA
Website: http://lecollierdelareine.paris/
Booking: https://bookings.zenchef.com/results?rid=357750&fullscreen=1&mini=0&pid=mapstr&primaryColor=FFC222&type=web"
Le Comptoir Général,"80 Quai de Jemmapes, 75010 Paris, France",Paris,10e,,bar,,,,,48.8721207,2.3652071,https://www.google.com/maps/search/?api=1&query=Le%20Comptoir%20G%C3%A9n%C3%A9ral%2C%20Paris%2C%20France,http://www.lecomptoirgeneral.com/,https://thefork.fr/restaurant/le-comptoir-general-r836770/?cc=24751-923,"Arrondissement: 10e
Food types: bar
Tags: Dancing, Bar
Google Maps: https://www.google.com/maps/search/?api=1&query=Le%20Comptoir%20G%C3%A9n%C3%A9ral%2C%20Paris%2C%20France
Website: http://www.lecomptoirgeneral.com/
Booking: https://thefork.fr/restaurant/le-comptoir-general-r836770/?cc=24751-923"
Le Comptoir LAZU,"Rue Marguerite de Rochechouart, Paris, France",Paris,,,bar,,,5,49,48.87892532348633,2.345567226409912,https://maps.google.com/?cid=2760433783217609811&g_mp=CiVnb29nbGUubWFwcy5wbGFjZXMudjEuUGxhY2VzLkdldFBsYWNlEAIYBCAA,https://www.instagram.com/lazu_comptoir,,"Type: Restaurant
Google: 5.0 (49 reviews)
Food types: bar
Tags: Bar, Restaurant
Google Maps: https://maps.google.com/?cid=2760433783217609811&g_mp=CiVnb29nbGUubWFwcy5wbGFjZXMudjEuUGxhY2VzLkdldFBsYWNlEAIYBCAA
Website: https://www.instagram.com/lazu_comptoir"
Le Comptoir des Caves Legrand,"1 Rue de la Banque, 75002 Paris, France",Paris,2e,,restaurant,,€€€,4.6,558,48.86635400000001,2.3398251,https://maps.google.com/?cid=5722973006351784179&g_mp=CiVnb29nbGUubWFwcy5wbGFjZXMudjEuUGxhY2VzLkdldFBsYWNlEAIYBCAA,http://www.caves-legrand.com/fr/paris/les-moments/dejeuner-chez-legrand,https://thefork.fr/restaurant/le-comptoir-des-caves-legrand-r275667/?cc=24751-923,"Type: Liquor Store
Arrondissement: 2e
Price: €€€
Google: 4.6 (558 reviews)
Food types: restaurant
Tags: ❤️
Google Maps: https://maps.google.com/?cid=5722973006351784179&g_mp=CiVnb29nbGUubWFwcy5wbGFjZXMudjEuUGxhY2VzLkdldFBsYWNlEAIYBCAA
Website: http://www.caves-legrand.com/fr/paris/les-moments/dejeuner-chez-legrand
Booking: https://thefork.fr/restaurant/le-comptoir-des-caves-legrand-r275667/?cc=24751-923"
Le Comptoir du Relais,"l'Odéon França, 5 Carrefour de l'Odéon, Paris, France",Paris,,,restaurant,,,,,48.8519701,2.3388454,https://www.google.com/maps/search/?api=1&query=Le%20Comptoir%20du%20Relais%2C%20Paris%2C%20France,http://m.hotel-paris-relais-saint-germain.com/savourez-les-restaurants.html,,"Food types: restaurant
Tags: Frenchie, Restaurant
Google Maps: https://www.google.com/maps/search/?api=1&query=Le%20Comptoir%20du%20Relais%2C%20Paris%2C%20France
Website: http://m.hotel-paris-relais-saint-germain.com/savourez-les-restaurants.html"
Le Coutume café,"47 Rue de Babylone, Paris 75007",Paris,7e,,cafe,,€€,4.3,2281,48.8516749,2.318283,https://maps.google.com/?cid=4475515720413455948&g_mp=CiVnb29nbGUubWFwcy5wbGFjZXMudjEuUGxhY2VzLkdldFBsYWNlEAIYBCAA,http://www.coutumecafe.com/fr/,https://thefork.fr/restaurant/coutume-babylone-r845602/?cc=24751-923,"Type: Coffee Shop
Arrondissement: 7e
Price: €€
Google: 4.3 (2,281 reviews)
Food types: cafe
Tags: Cafe
Google Maps: https://maps.google.com/?cid=4475515720413455948&g_mp=CiVnb29nbGUubWFwcy5wbGFjZXMudjEuUGxhY2VzLkdldFBsYWNlEAIYBCAA
Website: http://www.coutumecafe.com/fr/
Booking: https://thefork.fr/restaurant/coutume-babylone-r845602/?cc=24751-923"
Le Dauphin,"131 Avenue Parmentier, 75011 Paris, France",Paris,11e,,restaurant,,,4.1,444,48.8694786,2.3712606,https://maps.google.com/?cid=13657592877490575847&g_mp=CiVnb29nbGUubWFwcy5wbGFjZXMudjEuUGxhY2VzLkdldFBsYWNlEAIYBCAA,https://www.restaurantledauphin.net/,https://thefork.fr/restaurant/le-dauphin-r202439/?cc=24751-923,"Type: Restaurant
Arrondissement: 11e
Google: 4.1 (444 reviews)
Food types: restaurant
Tags: Restaurant, Trendy
Google Maps: https://maps.google.com/?cid=13657592877490575847&g_mp=CiVnb29nbGUubWFwcy5wbGFjZXMudjEuUGxhY2VzLkdldFBsYWNlEAIYBCAA
Website: https://www.restaurantledauphin.net/
Booking: https://thefork.fr/restaurant/le-dauphin-r202439/?cc=24751-923"
Le Duc,"243 Boulevard Raspail, 75014 Paris, France",Paris,14e,,restaurant,,,4.4,339,48.838668,2.3312168,https://maps.google.com/?cid=7817588982568973135&g_mp=CiVnb29nbGUubWFwcy5wbGFjZXMudjEuUGxhY2VzLkdldFBsYWNlEAIYBCAA,http://www.restaurantleduc.com/,https://bookings.zenchef.com/results?rid=361981&fullscreen=1&mini=0&pid=mapstr&primaryColor=FFC222&type=web,"Type: Seafood Restaurant
Arrondissement: 14e
Google: 4.4 (339 reviews)
Food types: restaurant
Tags: Restaurant, Seafood, Fish
Google summary: Raw seafood platters & grilled whole fish, in a wood-lined room resembling a ship's cabin.
Google Maps: https://maps.google.com/?cid=7817588982568973135&g_mp=CiVnb29nbGUubWFwcy5wbGFjZXMudjEuUGxhY2VzLkdldFBsYWNlEAIYBCAA
Website: http://www.restaurantleduc.com/
Booking: https://bookings.zenchef.com/results?rid=361981&fullscreen=1&mini=0&pid=mapstr&primaryColor=FFC222&type=web"
Le Floréal,"73 Rue du Faubourg du Temple, 75010 Paris, France",Paris,10e,,restaurant,,€€,4.2,1397,48.870165,2.371141,https://maps.google.com/?cid=11136652347602899876&g_mp=CiVnb29nbGUubWFwcy5wbGFjZXMudjEuUGxhY2VzLkdldFBsYWNlEAIYBCAA,https://lefloreal.com/fr,https://lefloreal.com/fr/services,"Type: French Restaurant
Arrondissement: 10e
Price: €€
Google: 4.2 (1,397 reviews)
Food types: restaurant
Tags: Cafe
Google Maps: https://maps.google.com/?cid=11136652347602899876&g_mp=CiVnb29nbGUubWFwcy5wbGFjZXMudjEuUGxhY2VzLkdldFBsYWNlEAIYBCAA
Website: https://lefloreal.com/fr
Booking: https://lefloreal.com/fr/services"
Le Grand Bain,"14 Rue Denoyez, 75020 Paris, France",Paris,20e,,restaurant,,,,,48.871651,2.378566,https://www.google.com/maps/search/?api=1&query=Le%20Grand%20Bain%2C%20Paris%2C%20France,http://legrandbainparis.com/,https://bookings.zenchef.com/results?rid=353523&fullscreen=1&mini=0&pid=mapstr&primaryColor=FFC222&type=web,"Arrondissement: 20e
Food types: restaurant
Tags: Frenchie, Bistrot, Trendy
Google Maps: https://www.google.com/maps/search/?api=1&query=Le%20Grand%20Bain%2C%20Paris%2C%20France
Website: http://legrandbainparis.com/
Booking: https://bookings.zenchef.com/results?rid=353523&fullscreen=1&mini=0&pid=mapstr&primaryColor=FFC222&type=web"
Le Grand Colbert,"2 Rue Vivienne, 75002 Paris, France",Paris,2e,,restaurant,,,,,48.8666252,2.3390047,https://www.google.com/maps/search/?api=1&query=Le%20Grand%20Colbert%2C%20Paris%2C%20France,https://legrandcolbert.fr/index.php/fr/,https://bookings.zenchef.com/results?rid=353935&fullscreen=1&mini=0&pid=mapstr&primaryColor=FFC222&type=web,"Arrondissement: 2e
Food types: restaurant
Tags: Restaurant, Bistrot
Google Maps: https://www.google.com/maps/search/?api=1&query=Le%20Grand%20Colbert%2C%20Paris%2C%20France
Website: https://legrandcolbert.fr/index.php/fr/
Booking: https://bookings.zenchef.com/results?rid=353935&fullscreen=1&mini=0&pid=mapstr&primaryColor=FFC222&type=web"
Le Grand Quartier hotel,"15 Rue de Nancy, 75010 Paris, France",Paris,10e,,"lodging, brunch, hotel",,,4.5,579,48.8722456,2.3585031,https://maps.google.com/?cid=14806700426357445534&g_mp=CiVnb29nbGUubWFwcy5wbGFjZXMudjEuUGxhY2VzLkdldFBsYWNlEAIYBCAA,https://www.legrandquartier.com/,,"Type: Hotel
Arrondissement: 10e
Google: 4.5 (579 reviews)
Food types: lodging, brunch, hotel
Tags: Hotel / BB, Restaurant, Brunch
Google summary: Modern quarters in a laid-back hotel with a cool cafe & a bar, plus a garden & a rooftop terrace.
Google Maps: https://maps.google.com/?cid=14806700426357445534&g_mp=CiVnb29nbGUubWFwcy5wbGFjZXMudjEuUGxhY2VzLkdldFBsYWNlEAIYBCAA
Website: https://www.legrandquartier.com/"
Le Loir dans La Théière,"3 Rue des Rosiers, 75004 Paris, France",Paris,4e,,"restaurant, brunch",,€€,4.3,3275,48.85626849999999,2.3609806,https://maps.google.com/?cid=7902961978733890886&g_mp=CiVnb29nbGUubWFwcy5wbGFjZXMudjEuUGxhY2VzLkdldFBsYWNlEAIYBCAA,http://www.leloirdanslatheiere.com/,http://leloirdanslatheiere.com/la-carte/,"Type: Tea House
Arrondissement: 4e
Price: €€
Google: 4.3 (3,275 reviews)
Food types: restaurant, brunch
Tags: Brunch, Breakfast, Restaurant
Google summary: Homemade cakes & weekend brunch in a bright space with theater posters, murals & mismatched chairs.
Google Maps: https://maps.google.com/?cid=7902961978733890886&g_mp=CiVnb29nbGUubWFwcy5wbGFjZXMudjEuUGxhY2VzLkdldFBsYWNlEAIYBCAA
Website: http://www.leloirdanslatheiere.com/
Booking: http://leloirdanslatheiere.com/la-carte/"
Le Mary Celeste,"75003, 1 Rue Commines, 75003 Paris, France",Paris,3e,,bar,,,,,48.8617412,2.3650124,https://www.google.com/maps/search/?api=1&query=Le%20Mary%20Celeste%2C%20Paris%2C%20France,http://www.lemaryceleste.com/,,"Arrondissement: 3e
Food types: bar
Tags: Natural wine, Restaurant, Trendy
Google Maps: https://www.google.com/maps/search/?api=1&query=Le%20Mary%20Celeste%2C%20Paris%2C%20France
Website: http://www.lemaryceleste.com/"
Le Medusa,"48 Rue Basfroi, 75011 Paris, France",Paris,11e,,bar,,,,,48.856381,2.378355999999999,https://www.google.com/maps/search/?api=1&query=Le%20Medusa%2C%20Paris%2C%20France,,,"Arrondissement: 11e
Food types: bar
Tags: Cocktail
Google Maps: https://www.google.com/maps/search/?api=1&query=Le%20Medusa%2C%20Paris%2C%20France"
Le Memphis,"3 Impasse Bonne Nouvelle, 75010 Paris, France",Paris,10e,,bar,,,,,48.8706875,2.3505029,https://maps.google.com/?cid=9572490030219118747&g_mp=CiVnb29nbGUubWFwcy5wbGFjZXMudjEuUGxhY2VzLkdldFBsYWNlEAIYBCAA,http://le-memphis.fr/,,"Type: Association / Organization
Arrondissement: 10e
Food types: bar
Tags: Dancing
Google Maps: https://maps.google.com/?cid=9572490030219118747&g_mp=CiVnb29nbGUubWFwcy5wbGFjZXMudjEuUGxhY2VzLkdldFBsYWNlEAIYBCAA
Website: http://le-memphis.fr/"
Le Mâche-dru,"60 Rue Saint-Louis-en-l'Île, 75004 Paris, France",Paris,4e,,restaurant,,,,,48.85219192504883,2.355822324752808,https://www.google.com/maps/search/?api=1&query=Le%20M%C3%A2che-dru%2C%20Paris,https://www.instagram.com/lemachedru,,"Arrondissement: 4e
Food types: restaurant
Tags: Street food
Google Maps: https://www.google.com/maps/search/?api=1&query=Le%20M%C3%A2che-dru%2C%20Paris
Website: https://www.instagram.com/lemachedru"
Le Pacifique,"35 Rue de Belleville, 75019 Paris, France",Paris,19e,,restaurant,,,,,48.8730992,2.3796872,https://www.google.com/maps/search/?api=1&query=Le%20Pacifique%2C%20Paris%2C%20France,http://www.facebook.com/Le-Pacifique-161894890499598,,"Arrondissement: 19e
Food types: restaurant
Tags: Asian, Restaurant, Chinese
Google Maps: https://www.google.com/maps/search/?api=1&query=Le%20Pacifique%2C%20Paris%2C%20France
Website: http://www.facebook.com/Le-Pacifique-161894890499598"
Le Pantruche,"3 Rue Victor Massé, 75009 Paris, France",Paris,9e,,restaurant,,€€,4.7,1213,48.8804948,2.3396424,https://maps.google.com/?cid=3423459202858904342&g_mp=CiVnb29nbGUubWFwcy5wbGFjZXMudjEuUGxhY2VzLkdldFBsYWNlEAIYBCAA,https://www.lapantruchoise.com/lepantruche,https://bookings.zenchef.com/results?rid=348235&fullscreen=1&mini=0&pid=mapstr&primaryColor=FFC222&type=web,"Type: Bistro
Arrondissement: 9e
Price: €€
Google: 4.7 (1,213 reviews)
Food types: restaurant
Tags: Restaurant, Bistrot
Google summary: Classic French dishes like soufflés & beef in red wine with a modern touch, in a cozy bistro.
Google Maps: https://maps.google.com/?cid=3423459202858904342&g_mp=CiVnb29nbGUubWFwcy5wbGFjZXMudjEuUGxhY2VzLkdldFBsYWNlEAIYBCAA
Website: https://www.lapantruchoise.com/lepantruche
Booking: https://bookings.zenchef.com/results?rid=348235&fullscreen=1&mini=0&pid=mapstr&primaryColor=FFC222&type=web"
Le Pavillon des Canaux,"75019, 39 Quai de la Loire, 75019 Paris, France",Paris,19e,,cafe,,,,,48.8874236,2.378689,https://www.google.com/maps/search/?api=1&query=Le%20Pavillon%20des%20Canaux%2C%20Paris%2C%20France,http://www.pavillondescanaux.com/,https://bookings.zenchef.com/results?rid=377020&fullscreen=1&mini=0&pid=mapstr&primaryColor=FFC222&type=web,"Arrondissement: 19e
Food types: cafe
Tags: Bar, Restaurant, Trendy, For groups
Google Maps: https://www.google.com/maps/search/?api=1&query=Le%20Pavillon%20des%20Canaux%2C%20Paris%2C%20France
Website: http://www.pavillondescanaux.com/
Booking: https://bookings.zenchef.com/results?rid=377020&fullscreen=1&mini=0&pid=mapstr&primaryColor=FFC222&type=web"
Le Petit Célestin,"12 Quai des Célestins, 75004 Paris, France",Paris,4e,,restaurant,,€€,4.1,706,48.8521177,2.3613136,https://maps.google.com/?cid=12894566964199851042&g_mp=CiVnb29nbGUubWFwcy5wbGFjZXMudjEuUGxhY2VzLkdldFBsYWNlEAIYBCAA,http://www.lepetitcelestin.fr/,https://bookings.zenchef.com/results?rid=314952&fullscreen=1&mini=0&pid=mapstr&primaryColor=FFC222&type=web,"Type: French Restaurant
Arrondissement: 4e
Price: €€
Google: 4.1 (706 reviews)
Food types: restaurant
Tags: Restaurant, Dancing
Google summary: Quaint stop with wood accents & red tables, making typical bistro fare like tartare & steaks.
Google Maps: https://maps.google.com/?cid=12894566964199851042&g_mp=CiVnb29nbGUubWFwcy5wbGFjZXMudjEuUGxhY2VzLkdldFBsYWNlEAIYBCAA
Website: http://www.lepetitcelestin.fr/
Booking: https://bookings.zenchef.com/results?rid=314952&fullscreen=1&mini=0&pid=mapstr&primaryColor=FFC222&type=web"
Le Petit Lutetia,"107 Rue de Sèvres, 75006 Paris, France",Paris,6e,,restaurant,,€€€,4.3,1328,48.8483485,2.3205966,https://maps.google.com/?cid=12108938859626468216&g_mp=CiVnb29nbGUubWFwcy5wbGFjZXMudjEuUGxhY2VzLkdldFBsYWNlEAIYBCAA,https://www.facebook.com/pages/Le-Petit-Lutetia/174256995952825,https://bookings.zenchef.com/results?rid=360287&fullscreen=1&mini=0&pid=mapstr&primaryColor=FFC222&type=web,"Type: French Restaurant
Arrondissement: 6e
Price: €€€
Google: 4.3 (1,328 reviews)
Food types: restaurant
Tags: Restaurant, Bistrot
Google summary: Elegant brasserie with a vintage feel & sidewalk seating, serving French fare & homemade desserts.
Google Maps: https://maps.google.com/?cid=12108938859626468216&g_mp=CiVnb29nbGUubWFwcy5wbGFjZXMudjEuUGxhY2VzLkdldFBsYWNlEAIYBCAA
Website: https://www.facebook.com/pages/Le-Petit-Lutetia/174256995952825
Booking: https://bookings.zenchef.com/results?rid=360287&fullscreen=1&mini=0&pid=mapstr&primaryColor=FFC222&type=web"
Le Petit Olympia,"6 Rue de Caumartin, 75009 Paris, France",Paris,9e,,restaurant,,,4.3,324,48.8706588,2.328246,https://maps.google.com/?cid=3478663271060264414&g_mp=CiVnb29nbGUubWFwcy5wbGFjZXMudjEuUGxhY2VzLkdldFBsYWNlEAIYBCAA,https://www.lepetitolympia.com/,https://thefork.fr/restaurant/le-petit-olympia-r425651/?cc=24751-923,"Type: Restaurant
Arrondissement: 9e
Google: 4.3 (324 reviews)
Food types: restaurant
Tags: Frenchie, Restaurant, Bistrot
Google summary: Wine & entrees served in a casual eatery featuring classic wood-paneled walls & paintings.
Google Maps: https://maps.google.com/?cid=3478663271060264414&g_mp=CiVnb29nbGUubWFwcy5wbGFjZXMudjEuUGxhY2VzLkdldFBsYWNlEAIYBCAA
Website: https://www.lepetitolympia.com/
Booking: https://thefork.fr/restaurant/le-petit-olympia-r425651/?cc=24751-923"
Le Petit Vendôme,"8 Rue des Capucines, 75002 Paris, France",Paris,2e,,bar,,€€,4.3,2778,48.8687628,2.3297223,https://maps.google.com/?cid=8432549558822105511&g_mp=CiVnb29nbGUubWFwcy5wbGFjZXMudjEuUGxhY2VzLkdldFBsYWNlEAIYBCAA,https://www.facebook.com/lepetitvendome/,,"Type: French Restaurant
Arrondissement: 2e
Price: €€
Google: 4.3 (2,778 reviews)
Food types: bar
Tags: Bistrot
Google summary: Colorful, unpretentious bistro whipping up regional classics, sandwiches & daily specials.
Google Maps: https://maps.google.com/?cid=8432549558822105511&g_mp=CiVnb29nbGUubWFwcy5wbGFjZXMudjEuUGxhY2VzLkdldFBsYWNlEAIYBCAA
Website: https://www.facebook.com/lepetitvendome/"
Le Petit Verdot,"75 Rue du Cherche-Midi, 75006 Paris, France",Paris,6e,,restaurant,,€€,4.7,228,48.847869,2.323569,https://maps.google.com/?cid=8948181745683820005&g_mp=CiVnb29nbGUubWFwcy5wbGFjZXMudjEuUGxhY2VzLkdldFBsYWNlEAIYBCAA,http://www.le-petit-verdot.com/,,"Type: French Restaurant
Arrondissement: 6e
Price: €€
Google: 4.7 (228 reviews)
Food types: restaurant
Tags: Frenchie, Restaurant
Google Maps: https://maps.google.com/?cid=8948181745683820005&g_mp=CiVnb29nbGUubWFwcy5wbGFjZXMudjEuUGxhY2VzLkdldFBsYWNlEAIYBCAA
Website: http://www.le-petit-verdot.com/"
Le Pigalle,"9 Rue Frochot, 75009 Paris, France",Paris,9e,,"lodging, hotel",,,,,48.8816193,2.3371878,https://www.google.com/maps/search/?api=1&query=Le%20Pigalle%2C%20Paris%2C%20France,http://lepigalle.paris/,https://bookings.zenchef.com/results?rid=364396&fullscreen=1&mini=0&pid=mapstr&primaryColor=FFC222&type=web,"Arrondissement: 9e
Food types: lodging, hotel
Tags: Bar, Restaurant, SH, Hotel / BB, To work
Google Maps: https://www.google.com/maps/search/?api=1&query=Le%20Pigalle%2C%20Paris%2C%20France
Website: http://lepigalle.paris/
Booking: https://bookings.zenchef.com/results?rid=364396&fullscreen=1&mini=0&pid=mapstr&primaryColor=FFC222&type=web"
Le Plomb du Cantal,"3 Rue de la Gaité, 75014 Paris, France",Paris,14e,,restaurant,,€€,4.3,6264,48.8407596,2.3245496,https://maps.google.com/?cid=3155056994160105464&g_mp=CiVnb29nbGUubWFwcy5wbGFjZXMudjEuUGxhY2VzLkdldFBsYWNlEAIYBCAA,http://www.leplombducantal.com/,,"Type: French Restaurant
Arrondissement: 14e
Price: €€
Google: 4.3 (6,264 reviews)
Food types: restaurant
Tags: Bistrot, Restaurant
Google summary: Lively bistro known for dairy-rich recipes & mountain wines from the rugged Auvergne countryside.
Google Maps: https://maps.google.com/?cid=3155056994160105464&g_mp=CiVnb29nbGUubWFwcy5wbGFjZXMudjEuUGxhY2VzLkdldFBsYWNlEAIYBCAA
Website: http://www.leplombducantal.com/"
Le Pont Traversé Paris 6,"62 Rue de Vaugirard, 75006 Paris, France",Paris,6e,,cafe,,,3.8,354,48.843235,2.3136037,https://maps.google.com/?cid=15961896496914520831&g_mp=CiVnb29nbGUubWFwcy5wbGFjZXMudjEuUGxhY2VzLkdldFBsYWNlEAIYBCAA,https://leponttraverse.com/,https://thefork.fr/restaurant/le-pont-traverse-r816708/?cc=24751-923,"Type: Restaurant
Arrondissement: 6e
Google: 3.8 (354 reviews)
Food types: cafe
Tags: Restaurant, Glutenfree
Google Maps: https://maps.google.com/?cid=15961896496914520831&g_mp=CiVnb29nbGUubWFwcy5wbGFjZXMudjEuUGxhY2VzLkdldFBsYWNlEAIYBCAA
Website: https://leponttraverse.com/
Booking: https://thefork.fr/restaurant/le-pont-traverse-r816708/?cc=24751-923"
Le Quincy,"28 Avenue Ledru-Rollin, 75012 Paris, France",Paris,12e,,restaurant,,,,,48.8470738,2.3701329,https://www.google.com/maps/search/?api=1&query=Le%20Quincy%2C%20Paris%2C%20France,http://www.lequincy.fr,,"Arrondissement: 12e
Food types: restaurant
Tags: Bistrot, Restaurant, ❤️
Google Maps: https://www.google.com/maps/search/?api=1&query=Le%20Quincy%2C%20Paris%2C%20France
Website: http://www.lequincy.fr"
Le Relais Plaza,"21 Avenue Montaigne, 75008 Paris, France",Paris,8e,,restaurant,,€€€€,4.3,527,48.8661319,2.3038703,https://maps.google.com/?cid=10211892911784827070&g_mp=CiVnb29nbGUubWFwcy5wbGFjZXMudjEuUGxhY2VzLkdldFBsYWNlEAIYBCAA,https://www.dorchestercollection.com/en/paris/hotel-plaza-athenee/restaurants-bars/le-relais-plaza/,https://thefork.fr/restaurant/relais-plaza-hotel-plaza-athenee-r708537/?cc=24751-923,"Type: Restaurant
Arrondissement: 8e
Price: €€€€
Google: 4.3 (527 reviews)
Food types: restaurant
Tags: Gastro / higher end
Google summary: Gourmet takes on brasserie classics presented in a posh environment with art deco styling.
Google Maps: https://maps.google.com/?cid=10211892911784827070&g_mp=CiVnb29nbGUubWFwcy5wbGFjZXMudjEuUGxhY2VzLkdldFBsYWNlEAIYBCAA
Website: https://www.dorchestercollection.com/en/paris/hotel-plaza-athenee/restaurants-bars/le-relais-plaza/
Booking: https://thefork.fr/restaurant/relais-plaza-hotel-plaza-athenee-r708537/?cc=24751-923"
Le Rigmarole,"10 Rue du Grand Prieuré, 75011 Paris, France",Paris,11e,,restaurant,,,,,48.8651318,2.3691085,https://www.google.com/maps/search/?api=1&query=Le%20Rigmarole%2C%20Paris%2C%20France,http://lerigmarole.com/,,"Arrondissement: 11e
Food types: restaurant
Tags: Restaurant, Trendy, ❤️
Google Maps: https://www.google.com/maps/search/?api=1&query=Le%20Rigmarole%2C%20Paris%2C%20France
Website: http://lerigmarole.com/"
Le Roi du Pot au Feu,"34 Rue Vignon, 75009 Paris, France",Paris,9e,,restaurant,,,,,48.8721493,2.3266434,https://www.google.com/maps/search/?api=1&query=Le%20Roi%20du%20Pot%20au%20Feu%2C%20Paris%2C%20France,https://www.facebook.com/pages/le-roi-du-pot-au-feu/104311942972928,,"Arrondissement: 9e
Food types: restaurant
Tags: Frenchie, Restaurant, Bistrot
Google Maps: https://www.google.com/maps/search/?api=1&query=Le%20Roi%20du%20Pot%20au%20Feu%2C%20Paris%2C%20France
Website: https://www.facebook.com/pages/le-roi-du-pot-au-feu/104311942972928"
Le Rouquet,"Boulevard Saint-Germain, Paris, France",Paris,,,restaurant,,€€€,2.9,501,48.8546643,2.3304213,https://maps.google.com/?cid=8978704800617157836&g_mp=CiVnb29nbGUubWFwcy5wbGFjZXMudjEuUGxhY2VzLkdldFBsYWNlEAIYBCAA,https://lor.paris/p/le-rouquet-paris/accueil,,"Type: Restaurant
Price: €€€
Google: 2.9 (501 reviews)
Food types: restaurant
Tags: Bar, Bistrot
Google Maps: https://maps.google.com/?cid=8978704800617157836&g_mp=CiVnb29nbGUubWFwcy5wbGFjZXMudjEuUGxhY2VzLkdldFBsYWNlEAIYBCAA
Website: https://lor.paris/p/le-rouquet-paris/accueil"
Le Rubis,"10 Rue du Marché Saint-Honoré, 75001 Paris, France",Paris,1er,,"bar, restaurant",,€€,4.4,721,48.8662382,2.3313684,https://maps.google.com/?cid=18273164744386044605&g_mp=CiVnb29nbGUubWFwcy5wbGFjZXMudjEuUGxhY2VzLkdldFBsYWNlEAIYBCAA,https://www.facebook.com/Le-Rubis-964093417031887/,,"Type: Bistro
Arrondissement: 1er
Price: €€
Google: 4.4 (721 reviews)
Food types: bar, restaurant
Tags: bootstrap, wine-bar, Bistrot, Cafe
Google Maps: https://maps.google.com/?cid=18273164744386044605&g_mp=CiVnb29nbGUubWFwcy5wbGFjZXMudjEuUGxhY2VzLkdldFBsYWNlEAIYBCAA
Website: https://www.facebook.com/Le-Rubis-964093417031887/"
Le Ruisseau,"65 Rue du Ruisseau, 75018 Paris, France",Paris,18e,,restaurant,,€€,4.6,2250,48.89445,2.340529,https://maps.google.com/?cid=2886271872441503453&g_mp=CiVnb29nbGUubWFwcy5wbGFjZXMudjEuUGxhY2VzLkdldFBsYWNlEAIYBCAA,http://www.leruisseauburger.com/,https://images.squarespace-cdn.com/content/v1/563b9659e4b04fd1f90d0793/1576877924227-TIHL9JK6FEO6EDF2Z3NB/ke17ZwdGBToddI8pDm48kCXHiw8uU9iEnGYb09ICE8ZZw-zPPgdn4jUwVcJE1ZvWQUxwkmyExglNqGp0IvTJZamWLI2zvYWH8K3-s_4yszcp2ryTI0HqTOaaUohrI8PIKjFavjsWej_XEszicnNP4tsXzCBJmJrSziE02Rmzx6YKMshLAGzx4R3EDFOm1kBS/Burger.jpg?format=1500w,"Type: Hamburger Restaurant
Arrondissement: 18e
Price: €€
Google: 4.6 (2,250 reviews)
Food types: restaurant
Tags: Burger
Google summary: Beef, chicken & veggie burgers with craft beers & cocktails, plus popular brunches, in a chic space.
Google Maps: https://maps.google.com/?cid=2886271872441503453&g_mp=CiVnb29nbGUubWFwcy5wbGFjZXMudjEuUGxhY2VzLkdldFBsYWNlEAIYBCAA
Website: http://www.leruisseauburger.com/
Booking: https://images.squarespace-cdn.com/content/v1/563b9659e4b04fd1f90d0793/1576877924227-TIHL9JK6FEO6EDF2Z3NB/ke17ZwdGBToddI8pDm48kCXHiw8uU9iEnGYb09ICE8ZZw-zPPgdn4jUwVcJE1ZvWQUxwkmyExglNqGp0IvTJZamWLI2zvYWH8K3-s_4yszcp2ryTI0HqTOaaUohrI8PIKjFavjsWej_XEszicnNP4tsXzCBJmJrSziE02Rmzx6YKMshLAGzx4R3EDFOm1kBS/Burger.jpg?format=1500w"
Le Récamier,"4 Rue Récamier, 75007 Paris, France",Paris,7e,,restaurant,,€€€,4.5,4187,48.852203,2.328119,https://maps.google.com/?cid=7173841611168196839&g_mp=CiVnb29nbGUubWFwcy5wbGFjZXMudjEuUGxhY2VzLkdldFBsYWNlEAIYBCAA,http://lerecamier.com/,https://bookings.zenchef.com/results?rid=349893&fullscreen=1&mini=0&pid=mapstr&primaryColor=FFC222&type=web,"Type: French Restaurant
Arrondissement: 7e
Price: €€€
Google: 4.5 (4,187 reviews)
Food types: restaurant
Tags: Frenchie
Google summary: Famed savory & sweet soufflés, plus classic French food, at an elegant, literary-themed venue.
Google Maps: https://maps.google.com/?cid=7173841611168196839&g_mp=CiVnb29nbGUubWFwcy5wbGFjZXMudjEuUGxhY2VzLkdldFBsYWNlEAIYBCAA
Website: http://lerecamier.com/
Booking: https://bookings.zenchef.com/results?rid=349893&fullscreen=1&mini=0&pid=mapstr&primaryColor=FFC222&type=web"
Le Saigon d'Antan,Rue Monsieur le Prince 24 Paris 75006,Paris,6e,,restaurant,,€€,4.7,1703,48.84959120000001,2.340103099999999,https://maps.google.com/?cid=14687931082845222388&g_mp=CiVnb29nbGUubWFwcy5wbGFjZXMudjEuUGxhY2VzLkdldFBsYWNlEAIYBCAA,https://saigondantan.fr/fr,https://thefork.fr/restaurant/le-saigon-d-antan-r213773/?cc=24751-923,"Type: Restaurant
Arrondissement: 6e
Price: €€
Google: 4.7 (1,703 reviews)
Food types: restaurant
Tags: Vietnamiese, Restaurant
Google Maps: https://maps.google.com/?cid=14687931082845222388&g_mp=CiVnb29nbGUubWFwcy5wbGFjZXMudjEuUGxhY2VzLkdldFBsYWNlEAIYBCAA
Website: https://saigondantan.fr/fr
Booking: https://thefork.fr/restaurant/le-saigon-d-antan-r213773/?cc=24751-923"
Le Sand,"Rue Rouget de Lisle, Paris, France",Paris,,,restaurant,,,4.4,133,48.8661767,2.3263406,https://maps.google.com/?cid=4221179675037965680&g_mp=CiVnb29nbGUubWFwcy5wbGFjZXMudjEuUGxhY2VzLkdldFBsYWNlEAIYBCAA,https://www.lesand-paris.com/,https://thefork.fr/restaurant/le-sand-paris-r843266/?cc=24751-923,"Type: French Restaurant
Google: 4.4 (133 reviews)
Food types: restaurant
Tags: Restaurant
Google Maps: https://maps.google.com/?cid=4221179675037965680&g_mp=CiVnb29nbGUubWFwcy5wbGFjZXMudjEuUGxhY2VzLkdldFBsYWNlEAIYBCAA
Website: https://www.lesand-paris.com/
Booking: https://thefork.fr/restaurant/le-sand-paris-r843266/?cc=24751-923"
Le Servan,"32 Rue Saint-Maur, 75011 Paris, France",Paris,11e,,restaurant,,€€€,4.5,1093,48.86101559999999,2.3814506,https://maps.google.com/?cid=9530374725574136956&g_mp=CiVnb29nbGUubWFwcy5wbGFjZXMudjEuUGxhY2VzLkdldFBsYWNlEAIYBCAA,https://leservan.fr/,https://thefork.fr/restaurant/sensation-r831294/?cc=24751-923,"Type: Bistro
Arrondissement: 11e
Price: €€€
Google: 4.5 (1,093 reviews)
Food types: restaurant
Tags: Restaurant, Trendy, ❤️
Google summary: French-Asian dishes like blood sausage wontons & ginger pork belly, in a space with a vintage vibe.
Google Maps: https://maps.google.com/?cid=9530374725574136956&g_mp=CiVnb29nbGUubWFwcy5wbGFjZXMudjEuUGxhY2VzLkdldFBsYWNlEAIYBCAA
Website: https://leservan.fr/
Booking: https://thefork.fr/restaurant/sensation-r831294/?cc=24751-923"
Le Soufflé,"36 Rue du Mont Thabor, 75001 Paris, France",Paris,1er,,restaurant,,€€,4.7,4236,48.8664672,2.3264267,https://maps.google.com/?cid=17259246465247453084&g_mp=CiVnb29nbGUubWFwcy5wbGFjZXMudjEuUGxhY2VzLkdldFBsYWNlEAIYBCAA,http://www.lesouffle.fr/,https://bookings.zenchef.com/results?rid=361852&fullscreen=1&mini=0&pid=mapstr&primaryColor=FFC222&type=web,"Type: French Restaurant
Arrondissement: 1er
Price: €€
Google: 4.7 (4,236 reviews)
Food types: restaurant
Tags: Frenchie, Restaurant, Bistrot
Google summary: Sweet & savory soufflés with flavors like beef bourguignon & hazelnut, served in a tidy dining room.
Google Maps: https://maps.google.com/?cid=17259246465247453084&g_mp=CiVnb29nbGUubWFwcy5wbGFjZXMudjEuUGxhY2VzLkdldFBsYWNlEAIYBCAA
Website: http://www.lesouffle.fr/
Booking: https://bookings.zenchef.com/results?rid=361852&fullscreen=1&mini=0&pid=mapstr&primaryColor=FFC222&type=web"
Le Square Trousseau,"1 Rue Antoine Vollon, 75012 Paris, France",Paris,12e,,restaurant,,€€€,4,620,48.85021459999999,2.376449,https://maps.google.com/?cid=16920901166049746526&g_mp=CiVnb29nbGUubWFwcy5wbGFjZXMudjEuUGxhY2VzLkdldFBsYWNlEAIYBCAA,http://www.squaretrousseau.com/,,"Type: French Restaurant
Arrondissement: 12e
Price: €€€
Google: 4.0 (620 reviews)
Food types: restaurant
Tags: Frenchie, Restaurant
Google summary: Light-filled bistro with period features offering an all-day menu of traditional cuisine.
Google Maps: https://maps.google.com/?cid=16920901166049746526&g_mp=CiVnb29nbGUubWFwcy5wbGFjZXMudjEuUGxhY2VzLkdldFBsYWNlEAIYBCAA
Website: http://www.squaretrousseau.com/"
Le Syndicat,"51 Rue du Faubourg Saint-Denis, 75010 Paris, France",Paris,10e,,bar,,€€€,4.5,1692,48.8718271,2.353634399999999,https://maps.google.com/?cid=13748875782714009907&g_mp=CiVnb29nbGUubWFwcy5wbGFjZXMudjEuUGxhY2VzLkdldFBsYWNlEAIYBCAA,http://www.syndicatcocktailclub.com/,https://bookings.zenchef.com/results?rid=347818&fullscreen=1&mini=0&pid=mapstr&primaryColor=FFC222&type=web,"Type: Cocktail Bar
Arrondissement: 10e
Price: €€€
Google: 4.5 (1,692 reviews)
Food types: bar
Tags: Cocktail
Google Maps: https://maps.google.com/?cid=13748875782714009907&g_mp=CiVnb29nbGUubWFwcy5wbGFjZXMudjEuUGxhY2VzLkdldFBsYWNlEAIYBCAA
Website: http://www.syndicatcocktailclub.com/
Booking: https://bookings.zenchef.com/results?rid=347818&fullscreen=1&mini=0&pid=mapstr&primaryColor=FFC222&type=web"
Le Tagine,"13 Rue de Crussol, 75011 Paris, France",Paris,11e,,restaurant,,€€,4.3,813,48.8641807,2.3679156,https://maps.google.com/?cid=8672502279399682122&g_mp=CiVnb29nbGUubWFwcy5wbGFjZXMudjEuUGxhY2VzLkdldFBsYWNlEAIYBCAA,http://letagine.fr/,https://bookings.zenchef.com/results?rid=362264&fullscreen=1&mini=0&pid=mapstr&primaryColor=FFC222&type=web,"Type: Moroccan Restaurant
Arrondissement: 11e
Price: €€
Google: 4.3 (813 reviews)
Food types: restaurant
Tags: Couscous
Google summary: Classic Moroccan grills, couscous dishes & tagines at a cozy venue with tiled tables & lanterns.
Google Maps: https://maps.google.com/?cid=8672502279399682122&g_mp=CiVnb29nbGUubWFwcy5wbGFjZXMudjEuUGxhY2VzLkdldFBsYWNlEAIYBCAA
Website: http://letagine.fr/
Booking: https://bookings.zenchef.com/results?rid=362264&fullscreen=1&mini=0&pid=mapstr&primaryColor=FFC222&type=web"
Le Tricycle Store,"51 Rue de Paradis, 75010 Paris, France",Paris,10e,,restaurant,,,,,48.8755501,2.3492209,https://www.google.com/maps/search/?api=1&query=Le%20Tricycle%20Store%2C%20Paris%2C%20France,https://www.instagram.com/letricycle,,"Arrondissement: 10e
Food types: restaurant
Tags: Asian, Vegetarian, Restaurant, Vegan
Google Maps: https://www.google.com/maps/search/?api=1&query=Le%20Tricycle%20Store%2C%20Paris%2C%20France
Website: https://www.instagram.com/letricycle"
Le Verre Volé,"67 Rue de Lancry, 75010 Paris, France",Paris,10e,,restaurant,,,,,48.872848,2.36351,https://www.google.com/maps/search/?api=1&query=Le%20Verre%20Vol%C3%A9%2C%20Paris%2C%20France,http://www.leverrevole.fr/,,"Arrondissement: 10e
Food types: restaurant
Tags: Wine bar, Restaurant, ❤️
Google Maps: https://www.google.com/maps/search/?api=1&query=Le%20Verre%20Vol%C3%A9%2C%20Paris%2C%20France
Website: http://www.leverrevole.fr/"
Le Verre Volé Sur Mer,"53 Rue de Lancry, 75010 Paris, France",Paris,10e,,restaurant,,,,,48.87171,2.362222,https://www.google.com/maps/search/?api=1&query=Le%20Verre%20Vol%C3%A9%20Sur%20Mer%2C%20Paris%2C%20France,,https://bookings.zenchef.com/results?rid=364221&fullscreen=1&mini=0&pid=mapstr&primaryColor=FFC222&type=web,"Arrondissement: 10e
Food types: restaurant
Tags: Fish, Restaurant
Google Maps: https://www.google.com/maps/search/?api=1&query=Le%20Verre%20Vol%C3%A9%20Sur%20Mer%2C%20Paris%2C%20France
Booking: https://bookings.zenchef.com/results?rid=364221&fullscreen=1&mini=0&pid=mapstr&primaryColor=FFC222&type=web"
Le Vieux Crapaud,"16 Rue Lauriston, 75116 Paris, France",Paris,16e,,restaurant,,€€,4.5,393,48.8718386,2.2924522,https://maps.google.com/?cid=9338349377463934498&g_mp=CiVnb29nbGUubWFwcy5wbGFjZXMudjEuUGxhY2VzLkdldFBsYWNlEAIYBCAA,https://www.facebook.com/levieuxcrapaud/,https://bookings.zenchef.com/results?rid=377781&fullscreen=1&mini=0&pid=mapstr&primaryColor=FFC222&type=web,"Type: French Restaurant
Arrondissement: 16e
Price: €€
Google: 4.5 (393 reviews)
Food types: restaurant
Tags: Bistrot
Google Maps: https://maps.google.com/?cid=9338349377463934498&g_mp=CiVnb29nbGUubWFwcy5wbGFjZXMudjEuUGxhY2VzLkdldFBsYWNlEAIYBCAA
Website: https://www.facebook.com/levieuxcrapaud/
Booking: https://bookings.zenchef.com/results?rid=377781&fullscreen=1&mini=0&pid=mapstr&primaryColor=FFC222&type=web"
Le Voltaire - Restaurant et Brasserie Haut de Gamme,"Quai Voltaire, Paris, France",Paris,,,restaurant,,€€€€,4.3,522,48.85913249999999,2.330200899999999,https://maps.google.com/?cid=10508836296204151837&g_mp=CiVnb29nbGUubWFwcy5wbGFjZXMudjEuUGxhY2VzLkdldFBsYWNlEAIYBCAA,http://www.facebook.com/pages/Restaurant-Le-Voltaire/103437023055736,https://ib.guestonline.fr/instabook/bookings/8313/zB1TF8d,"Type: French Restaurant
Price: €€€€
Google: 4.3 (522 reviews)
Food types: restaurant
Tags: Bistrot, Gastro / higher end, Restaurant
Google summary: Traditional French cuisine served in a refined space with dark-wood paneling, or at terrace tables.
Google Maps: https://maps.google.com/?cid=10508836296204151837&g_mp=CiVnb29nbGUubWFwcy5wbGFjZXMudjEuUGxhY2VzLkdldFBsYWNlEAIYBCAA
Website: http://www.facebook.com/pages/Restaurant-Le-Voltaire/103437023055736
Booking: https://ib.guestonline.fr/instabook/bookings/8313/zB1TF8d"
Le grand Bol,"7 Rue de la Présentation, 75011 Paris, France",Paris,11e,,restaurant,,,,,48.8709429,2.3768752,https://www.google.com/maps/search/?api=1&query=Le%20grand%20Bol%2C%20Paris%2C%20France,http://le-grand-bol.business.site/,https://thefork.fr/restaurant/le-grand-bol-r594555/?cc=24751-923,"Arrondissement: 11e
Food types: restaurant
Tags: Asian, Restaurant
Google Maps: https://www.google.com/maps/search/?api=1&query=Le%20grand%20Bol%2C%20Paris%2C%20France
Website: http://le-grand-bol.business.site/
Booking: https://thefork.fr/restaurant/le-grand-bol-r594555/?cc=24751-923"
Les Amoureuses,"3 Rue des Tournelles, 75004 Paris, France",Paris,4e,,bar,,,4.9,328,48.853991,2.3672429,https://maps.google.com/?cid=9158249780378613467&g_mp=CiVnb29nbGUubWFwcy5wbGFjZXMudjEuUGxhY2VzLkdldFBsYWNlEAIYBCAA,https://instagram.com/lesamoureuses.bar?igshid=YmMyMTA2M2Y=,,"Type: Wine Bar
Arrondissement: 4e
Google: 4.9 (328 reviews)
Food types: bar
Tags: Wine bar
Google Maps: https://maps.google.com/?cid=9158249780378613467&g_mp=CiVnb29nbGUubWFwcy5wbGFjZXMudjEuUGxhY2VzLkdldFBsYWNlEAIYBCAA
Website: https://instagram.com/lesamoureuses.bar?igshid=YmMyMTA2M2Y="
Les Amoureuses BIS,"Rue des Tournelles, Paris, France",Paris,,,bar,,,5,17,48.8559602,2.3673309,https://maps.google.com/?cid=15247669445720412177&g_mp=CiVnb29nbGUubWFwcy5wbGFjZXMudjEuUGxhY2VzLkdldFBsYWNlEAIYBCAA,https://www.lesamoureuses.paris/,https://bookings.zenchef.com/results?rid=373833&fullscreen=1&mini=0&pid=mapstr&primaryColor=FFC222&type=web,"Type: Bar
Google: 5.0 (17 reviews)
Food types: bar
Tags: Wine bar
Google Maps: https://maps.google.com/?cid=15247669445720412177&g_mp=CiVnb29nbGUubWFwcy5wbGFjZXMudjEuUGxhY2VzLkdldFBsYWNlEAIYBCAA
Website: https://www.lesamoureuses.paris/
Booking: https://bookings.zenchef.com/results?rid=373833&fullscreen=1&mini=0&pid=mapstr&primaryColor=FFC222&type=web"
Les Arts Décoratifs,107 Rue de Rivoli Paris France,Paris,,,museum,,,,,48.86322,2.3333,https://www.google.com/maps/search/?api=1&query=Les%20Arts%20D%C3%A9coratifs%2C%20Paris%2C%20France,http://www.lesartsdecoratifs.fr/,,"Food types: museum
Tags: Museum
Google Maps: https://www.google.com/maps/search/?api=1&query=Les%20Arts%20D%C3%A9coratifs%2C%20Paris%2C%20France
Website: http://www.lesartsdecoratifs.fr/"
Les Bains Paris,"7 Rue du Bourg l'Abbé, 75003 Paris, France",Paris,3e,,lodging,,,,,48.8638281,2.3519345,https://www.google.com/maps/search/?api=1&query=Les%20Bains%20Paris%2C%20Paris%2C%20France,http://www.lesbains-paris.com/,,"Arrondissement: 3e
Food types: lodging
Tags: SH, Restaurant, Cocktail, Trendy, Dancing
Google Maps: https://www.google.com/maps/search/?api=1&query=Les%20Bains%20Paris%2C%20Paris%2C%20France
Website: http://www.lesbains-paris.com/"
Les Fous de l'Ile,"33 Rue des Deux Ponts, 75004 Paris, France",Paris,4e,,bar,,€€,4.4,1809,48.8518414,2.3565519,https://maps.google.com/?cid=15195169802769798841&g_mp=CiVnb29nbGUubWFwcy5wbGFjZXMudjEuUGxhY2VzLkdldFBsYWNlEAIYBCAA,http://www.lesfousdelile.com/,https://thefork.fr/restaurant/les-fous-de-l-ile-r824747/?cc=24751-923,"Type: French Restaurant
Arrondissement: 4e
Price: €€
Google: 4.4 (1,809 reviews)
Food types: bar
Tags: Bistrot, Restaurant
Google summary: Traditional cuisine in a relaxed, modern bistro decorated with chicken-related images & objects.
Google Maps: https://maps.google.com/?cid=15195169802769798841&g_mp=CiVnb29nbGUubWFwcy5wbGFjZXMudjEuUGxhY2VzLkdldFBsYWNlEAIYBCAA
Website: http://www.lesfousdelile.com/
Booking: https://thefork.fr/restaurant/les-fous-de-l-ile-r824747/?cc=24751-923"
Les Oeillets,"137 Rue Saint-Maur, 75011 Paris, France",Paris,11e,,bar,,,4.3,183,48.8659608,2.3770686,https://maps.google.com/?cid=9342812158351686247&g_mp=CiVnb29nbGUubWFwcy5wbGFjZXMudjEuUGxhY2VzLkdldFBsYWNlEAIYBCAA,https://www.lesoeillets139.com/,https://bookings.zenchef.com/results?rid=378741&fullscreen=1&mini=0&pid=mapstr&primaryColor=FFC222&type=web,"Type: Wine Bar
Arrondissement: 11e
Google: 4.3 (183 reviews)
Food types: bar
Tags: Restaurant, Wine bar
Google Maps: https://maps.google.com/?cid=9342812158351686247&g_mp=CiVnb29nbGUubWFwcy5wbGFjZXMudjEuUGxhY2VzLkdldFBsYWNlEAIYBCAA
Website: https://www.lesoeillets139.com/
Booking: https://bookings.zenchef.com/results?rid=378741&fullscreen=1&mini=0&pid=mapstr&primaryColor=FFC222&type=web"
Les Petites Mains,"14, avenue du Président Wilson, Paris 75116",Paris,16e,,restaurant,,,4,848,48.8654616,2.2961711,https://maps.google.com/?cid=402181507238756389&g_mp=CiVnb29nbGUubWFwcy5wbGFjZXMudjEuUGxhY2VzLkdldFBsYWNlEAIYBCAA,https://www.lespetitesmains.paris/?utm_source=mapstr&utm_medium=gmb_lpm,,"Type: Restaurant
Arrondissement: 16e
Google: 4.0 (848 reviews)
Food types: restaurant
Tags: Restaurant
Google summary: Mediterranean small plates served in a seasonal, open-air hub with a calm vibe & Eiffel Tower views.
Google Maps: https://maps.google.com/?cid=402181507238756389&g_mp=CiVnb29nbGUubWFwcy5wbGFjZXMudjEuUGxhY2VzLkdldFBsYWNlEAIYBCAA
Website: https://www.lespetitesmains.paris/?utm_source=mapstr&utm_medium=gmb_lpm"
Les Ptits Gros,"27 Av. Trudaine, 75009 Paris, France",Paris,9e,,restaurant,,€€,4.4,1067,48.8811753,2.343376,https://maps.google.com/?cid=9726893426749344995&g_mp=CiVnb29nbGUubWFwcy5wbGFjZXMudjEuUGxhY2VzLkdldFBsYWNlEAIYBCAA,https://www.lesptitsgros.com/,https://bookings.zenchef.com/results?rid=375226&fullscreen=1&mini=0&pid=mapstr&primaryColor=FFC222&type=web,"Type: French Restaurant
Arrondissement: 9e
Price: €€
Google: 4.4 (1,067 reviews)
Food types: restaurant
Tags: Bar
Google Maps: https://maps.google.com/?cid=9726893426749344995&g_mp=CiVnb29nbGUubWFwcy5wbGFjZXMudjEuUGxhY2VzLkdldFBsYWNlEAIYBCAA
Website: https://www.lesptitsgros.com/
Booking: https://bookings.zenchef.com/results?rid=375226&fullscreen=1&mini=0&pid=mapstr&primaryColor=FFC222&type=web"
Les Pères PoPulaires,"46 Rue de Buzenval, 75020 Paris, France",Paris,20e,,restaurant,,,,,48.8511345,2.4018248,https://www.google.com/maps/search/?api=1&query=Les%20P%C3%A8res%20PoPulaires%2C%20Paris%2C%20France,,,"Arrondissement: 20e
Food types: restaurant
Tags: Frenchie, Restaurant, Bistrot
Google Maps: https://www.google.com/maps/search/?api=1&query=Les%20P%C3%A8res%20PoPulaires%2C%20Paris%2C%20France"
Les enfants du marché,"Marché des, 39 Rue de Bretagne, 75003 Paris, France",Paris,3e,,restaurant,,,,,48.8629259,2.3621657,https://www.google.com/maps/search/?api=1&query=Les%20enfants%20du%20march%C3%A9%2C%20Paris%2C%20France,https://lesenfantsdumarche.fr/,,"Arrondissement: 3e
Food types: restaurant
Tags: Restaurant, Trendy
Google Maps: https://www.google.com/maps/search/?api=1&query=Les%20enfants%20du%20march%C3%A9%2C%20Paris%2C%20France
Website: https://lesenfantsdumarche.fr/"
Leven,"110 Rue Montmartre, 75002 Paris, France",Paris,2e,,restaurant,,,4.8,519,48.8672921,2.3440168,https://maps.google.com/?cid=16886171538475950557&g_mp=CiVnb29nbGUubWFwcy5wbGFjZXMudjEuUGxhY2VzLkdldFBsYWNlEAIYBCAA,https://linktr.ee/levenfoodeli,https://bookings.zenchef.com/results?rid=372963&fullscreen=1&mini=0&pid=mapstr&primaryColor=FFC222&type=web,"Type: Restaurant
Arrondissement: 2e
Google: 4.8 (519 reviews)
Food types: restaurant
Tags: Street food
Google Maps: https://maps.google.com/?cid=16886171538475950557&g_mp=CiVnb29nbGUubWFwcy5wbGFjZXMudjEuUGxhY2VzLkdldFBsYWNlEAIYBCAA
Website: https://linktr.ee/levenfoodeli
Booking: https://bookings.zenchef.com/results?rid=372963&fullscreen=1&mini=0&pid=mapstr&primaryColor=FFC222&type=web"
LiLi,"19 Avenue Kléber, 75116 Paris, France",Paris,16e,,restaurant,,€€€€,4.3,438,48.8707617,2.2931271,https://maps.google.com/?cid=10861293123036694371&g_mp=CiVnb29nbGUubWFwcy5wbGFjZXMudjEuUGxhY2VzLkdldFBsYWNlEAIYBCAA,https://www.liliparis.fr/,https://thefork.fr/restaurant/lili-the-peninsula-paris-r66961/?cc=24751-923,"Type: Chinese Restaurant
Arrondissement: 16e
Price: €€€€
Google: 4.3 (438 reviews)
Food types: restaurant
Tags: Chinese, Gastro / higher end, Restaurant
Google summary: Artfully presented Chinese plates served in an elaborately decorated space with a warm ambience.
Google Maps: https://maps.google.com/?cid=10861293123036694371&g_mp=CiVnb29nbGUubWFwcy5wbGFjZXMudjEuUGxhY2VzLkdldFBsYWNlEAIYBCAA
Website: https://www.liliparis.fr/
Booking: https://thefork.fr/restaurant/lili-the-peninsula-paris-r66961/?cc=24751-923"
Lissit,"48 Rue de la Folie Méricourt, 75011 Paris, France",Paris,11e,,restaurant,,,4.9,265,48.8638416,2.3721689,https://maps.google.com/?cid=16989440043625837637&g_mp=CiVnb29nbGUubWFwcy5wbGFjZXMudjEuUGxhY2VzLkdldFBsYWNlEAIYBCAA,https://www.barlissit.com/,https://bookings.zenchef.com/results?rid=374609&fullscreen=1&mini=0&pid=mapstr&primaryColor=FFC222&type=web,"Type: French Restaurant
Arrondissement: 11e
Google: 4.9 (265 reviews)
Food types: restaurant
Tags: Bistrot, Restaurant, Trendy, ❤️
Google Maps: https://maps.google.com/?cid=16989440043625837637&g_mp=CiVnb29nbGUubWFwcy5wbGFjZXMudjEuUGxhY2VzLkdldFBsYWNlEAIYBCAA
Website: https://www.barlissit.com/
Booking: https://bookings.zenchef.com/results?rid=374609&fullscreen=1&mini=0&pid=mapstr&primaryColor=FFC222&type=web"
Localino,"10 Rue de l'Odéon, 75006 Paris, France",Paris,6e,,restaurant,,,4.3,343,48.8510442,2.3385414,https://maps.google.com/?cid=11511762801246904887&g_mp=CiVnb29nbGUubWFwcy5wbGFjZXMudjEuUGxhY2VzLkdldFBsYWNlEAIYBCAA,,https://bookings.zenchef.com/results?rid=361519&fullscreen=1&mini=0&pid=mapstr&primaryColor=FFC222&type=web,"Type: Restaurant
Arrondissement: 6e
Google: 4.3 (343 reviews)
Food types: restaurant
Tags: Italian, Restaurant, Wine bar
Google Maps: https://maps.google.com/?cid=11511762801246904887&g_mp=CiVnb29nbGUubWFwcy5wbGFjZXMudjEuUGxhY2VzLkdldFBsYWNlEAIYBCAA
Booking: https://bookings.zenchef.com/results?rid=361519&fullscreen=1&mini=0&pid=mapstr&primaryColor=FFC222&type=web"
Lolo cave à manger,"12 Rue de Châteaudun, 75009 Paris, France",Paris,9e,,generic,,,4.3,252,48.8760122,2.3404517,https://maps.google.com/?cid=5247297473084994389&g_mp=CiVnb29nbGUubWFwcy5wbGFjZXMudjEuUGxhY2VzLkdldFBsYWNlEAIYBCAA,http://lolocaveamanger.fr/,,"Type: Restaurant
Arrondissement: 9e
Google: 4.3 (252 reviews)
Food types: generic
Tags: Trendy, Restaurant, Natural wine
Google summary: Snug restaurant offering natural wines, global bites & small plates, plus open-air dining.
Google Maps: https://maps.google.com/?cid=5247297473084994389&g_mp=CiVnb29nbGUubWFwcy5wbGFjZXMudjEuUGxhY2VzLkdldFBsYWNlEAIYBCAA
Website: http://lolocaveamanger.fr/"
Los Franchutes,"104 Boulevard Richard Lenoir, 75011 Paris, France",Paris,11e,,bar,,,,,48.8636046,2.3718581,https://www.google.com/maps/search/?api=1&query=Los%20Franchutes%2C%20Paris%2C%20France,https://www.facebook.com/losfranchutesbar/,https://www.privateaser.com/booking-widget/mapstr/venue/1980,"Arrondissement: 11e
Food types: bar
Tags: Restaurant, Argentinian, Bar
Google Maps: https://www.google.com/maps/search/?api=1&query=Los%20Franchutes%2C%20Paris%2C%20France
Website: https://www.facebook.com/losfranchutesbar/
Booking: https://www.privateaser.com/booking-widget/mapstr/venue/1980"
Lupicia,"40 Rue Bonaparte, 75006 Paris, France",Paris,6e,,generic,,,,,48.8547208,2.3336049,https://www.google.com/maps/search/?api=1&query=Lupicia%2C%20Paris%2C%20France,http://www.lupicia.fr/,,"Arrondissement: 6e
Food types: generic
Tags: Shopping
Google Maps: https://www.google.com/maps/search/?api=1&query=Lupicia%2C%20Paris%2C%20France
Website: http://www.lupicia.fr/"
L’Auberge Aveyronnaise,"40 Rue Gabriel Lamé, 75012 Paris, France",Paris,12e,,restaurant,,€€,4.5,4660,48.8348088,2.3862469,https://maps.google.com/?cid=17623375295315507893&g_mp=CiVnb29nbGUubWFwcy5wbGFjZXMudjEuUGxhY2VzLkdldFBsYWNlEAIYBCAA,http://auberge-aveyronnaise.paris/,,"Type: French Restaurant
Arrondissement: 12e
Price: €€
Google: 4.5 (4,660 reviews)
Food types: restaurant
Tags: Bistrot, Restaurant
Google summary: Classic regional French fare, plus cheeses & wines, in a longstanding, traditional restaurant.
Google Maps: https://maps.google.com/?cid=17623375295315507893&g_mp=CiVnb29nbGUubWFwcy5wbGFjZXMudjEuUGxhY2VzLkdldFBsYWNlEAIYBCAA
Website: http://auberge-aveyronnaise.paris/"
L’Avant Comptoir de la Terre,"3 Carr de l'Odéon, 75006 Paris, France",Paris,6e,,restaurant,,,,,48.8520358,2.3388124,https://www.google.com/maps/search/?api=1&query=L%E2%80%99Avant%20Comptoir%20de%20la%20Terre%2C%20Paris%2C%20France,https://camdeborde.com/les-restaurants/avant-comptoir-de-la-terre,,"Arrondissement: 6e
Food types: restaurant
Tags: Restaurant
Google Maps: https://www.google.com/maps/search/?api=1&query=L%E2%80%99Avant%20Comptoir%20de%20la%20Terre%2C%20Paris%2C%20France
Website: https://camdeborde.com/les-restaurants/avant-comptoir-de-la-terre"
L’italien de La Belle Époque,"36 Rue des Petits Champs, 75002 Paris, France",Paris,2e,,restaurant,,€€,3.7,1033,48.86678695678711,2.336488008499146,https://maps.google.com/?cid=17132008827808969732&g_mp=CiVnb29nbGUubWFwcy5wbGFjZXMudjEuUGxhY2VzLkdldFBsYWNlEAIYBCAA,https://www.restaurantmer-coquillageparis.com/,https://bookings.zenchef.com/results?rid=358500&fullscreen=1&mini=0&pid=mapstr&primaryColor=FFC222&type=web,"Type: Restaurant
Arrondissement: 2e
Price: €€
Google: 3.7 (1,033 reviews)
Food types: restaurant
Tags: Restaurant, Italian
Google summary: Traditional brasserie serving meat & fish dishes in a 1920s-style dining room or at sidewalk tables.
Google Maps: https://maps.google.com/?cid=17132008827808969732&g_mp=CiVnb29nbGUubWFwcy5wbGFjZXMudjEuUGxhY2VzLkdldFBsYWNlEAIYBCAA
Website: https://www.restaurantmer-coquillageparis.com/
Booking: https://bookings.zenchef.com/results?rid=358500&fullscreen=1&mini=0&pid=mapstr&primaryColor=FFC222&type=web"
L’éclair de Génie,"14 Rue Pavée, 75004 Paris, France",Paris,4e,,restaurant,,,,,48.8561874,2.3607075,https://www.google.com/maps/search/?api=1&query=L%E2%80%99%C3%A9clair%20de%20G%C3%A9nie%2C%20Paris%2C%20France,http://leclairdegenie.com/,,"Arrondissement: 4e
Food types: restaurant
Tags: Pastry
Google Maps: https://www.google.com/maps/search/?api=1&query=L%E2%80%99%C3%A9clair%20de%20G%C3%A9nie%2C%20Paris%2C%20France
Website: http://leclairdegenie.com/"
L’éclair de Génie,"32 Rue Notre Dame des Victoires, 75002 Paris, France",Paris,2e,,restaurant,,,,,48.86831189999999,2.3420312,https://www.google.com/maps/search/?api=1&query=L%E2%80%99%C3%A9clair%20de%20G%C3%A9nie%2C%20Paris%2C%20France,http://leclairdegenie.com/,,"Arrondissement: 2e
Food types: restaurant
Tags: Pastry
Google Maps: https://www.google.com/maps/search/?api=1&query=L%E2%80%99%C3%A9clair%20de%20G%C3%A9nie%2C%20Paris%2C%20France
Website: http://leclairdegenie.com/"
MORI YOSHIDA,"65 Avenue de Breteuil, 75007 Paris, France",Paris,7e,,restaurant,,,,,48.84797929999999,2.3122056,https://www.google.com/maps/search/?api=1&query=MORI%20YOSHIDA%2C%20Paris%2C%20France,http://www.moriyoshida.fr/,,"Arrondissement: 7e
Food types: restaurant
Tags: Frenchie, Japanese, Pastry
Google Maps: https://www.google.com/maps/search/?api=1&query=MORI%20YOSHIDA%2C%20Paris%2C%20France
Website: http://www.moriyoshida.fr/"
Ma Kitchen,"85 Rue d'Hauteville, 75010 Paris, France",Paris,10e,,restaurant,,,,,48.8769775,2.3512274,https://www.google.com/maps/search/?api=1&query=Ma%20Kitchen%2C%20Paris%2C%20France,http://pama-raw-food.com/,,"Arrondissement: 10e
Food types: restaurant
Tags: Healthy
Google Maps: https://www.google.com/maps/search/?api=1&query=Ma%20Kitchen%2C%20Paris%2C%20France
Website: http://pama-raw-food.com/"
Madonna,"Rue La Fayette, Paris, France",Paris,,,restaurant,,,4.5,2591,48.8750186,2.3413385,https://maps.google.com/?cid=947395790647410164&g_mp=CiVnb29nbGUubWFwcy5wbGFjZXMudjEuUGxhY2VzLkdldFBsYWNlEAIYBCAA,https://www.madonna-osteria.fr/,https://bookings.zenchef.com/results?rid=362703&fullscreen=1&mini=0&pid=mapstr&primaryColor=FFC222&type=web,"Type: Italian Restaurant
Google: 4.5 (2,591 reviews)
Food types: restaurant
Tags: ❤️, Italian
Google Maps: https://maps.google.com/?cid=947395790647410164&g_mp=CiVnb29nbGUubWFwcy5wbGFjZXMudjEuUGxhY2VzLkdldFBsYWNlEAIYBCAA
Website: https://www.madonna-osteria.fr/
Booking: https://bookings.zenchef.com/results?rid=362703&fullscreen=1&mini=0&pid=mapstr&primaryColor=FFC222&type=web"
Magma,"9 Rue Jean-Pierre Timbaud, 75011 Paris, France",Paris,11e,,restaurant,,,4.6,687,48.8651114,2.3672331,https://maps.google.com/?cid=12616132024001628538&g_mp=CiVnb29nbGUubWFwcy5wbGFjZXMudjEuUGxhY2VzLkdldFBsYWNlEAIYBCAA,,https://thefork.fr/restaurant/restaurant-magma-r821430/?cc=24751-923,"Type: French Restaurant
Arrondissement: 11e
Google: 4.6 (687 reviews)
Food types: restaurant
Tags: Frenchie, Restaurant
Google Maps: https://maps.google.com/?cid=12616132024001628538&g_mp=CiVnb29nbGUubWFwcy5wbGFjZXMudjEuUGxhY2VzLkdldFBsYWNlEAIYBCAA
Booking: https://thefork.fr/restaurant/restaurant-magma-r821430/?cc=24751-923"
Maisie Café.,"32 Rue du Mont Thabor, 75001 Paris, France",Paris,1er,,restaurant,,,,,48.8663956,2.3268352,https://www.google.com/maps/search/?api=1&query=Maisie%20Caf%C3%A9.%2C%20Paris%2C%20France,http://maisiecafe.com/,,"Arrondissement: 1er
Food types: restaurant
Tags: Vegetarian, Restaurant, Vegan
Google Maps: https://www.google.com/maps/search/?api=1&query=Maisie%20Caf%C3%A9.%2C%20Paris%2C%20France
Website: http://maisiecafe.com/"
Maison Baroche,"18 Rue Cadet, 75009 Paris, France",Paris,9e,,restaurant,,,4.5,60,48.8754593,2.3434249,https://maps.google.com/?cid=18236696355883521180&g_mp=CiVnb29nbGUubWFwcy5wbGFjZXMudjEuUGxhY2VzLkdldFBsYWNlEAIYBCAA,https://maisonbaroche.fr/,,"Type: Grocery Store
Arrondissement: 9e
Google: 4.5 (60 reviews)
Food types: restaurant
Tags: Frenchie
Google Maps: https://maps.google.com/?cid=18236696355883521180&g_mp=CiVnb29nbGUubWFwcy5wbGFjZXMudjEuUGxhY2VzLkdldFBsYWNlEAIYBCAA
Website: https://maisonbaroche.fr/"
Maison Européenne de la Photographie,"5/7 Rue de Fourcy, 75004 Paris, France",Paris,4e,,museum,,,,,48.85513599999999,2.3589251,https://www.google.com/maps/search/?api=1&query=Maison%20Europ%C3%A9enne%20de%20la%20Photographie%2C%20Paris%2C%20France,http://www.mep-fr.org/,,"Arrondissement: 4e
Food types: museum
Tags: Museum
Google Maps: https://www.google.com/maps/search/?api=1&query=Maison%20Europ%C3%A9enne%20de%20la%20Photographie%2C%20Paris%2C%20France
Website: http://www.mep-fr.org/"
Maison Fleuret Paris — The Baking School,"30 Rue des Saints-Pères, 75007 Paris, France",Paris,7e,,generic,,,4.7,188,48.85538864135742,2.330780506134033,https://maps.google.com/?cid=3159788000817443594&g_mp=CiVnb29nbGUubWFwcy5wbGFjZXMudjEuUGxhY2VzLkdldFBsYWNlEAIYBCAA,http://maisonfleuret.fr/,,"Type: Educational Institution
Arrondissement: 7e
Google: 4.7 (188 reviews)
Food types: generic
Tags: Cafe
Google Maps: https://maps.google.com/?cid=3159788000817443594&g_mp=CiVnb29nbGUubWFwcy5wbGFjZXMudjEuUGxhY2VzLkdldFBsYWNlEAIYBCAA
Website: http://maisonfleuret.fr/"
Maison François 1er,"64 Rue François 1er, 75008 Paris",Paris,8e,,restaurant,,,4.4,141,48.8701278,2.301795,https://maps.google.com/?cid=10187068009819630517&g_mp=CiVnb29nbGUubWFwcy5wbGFjZXMudjEuUGxhY2VzLkdldFBsYWNlEAIYBCAA,http://maisonfrancois1er.fr/,https://bookings.zenchef.com/results?rid=368221&fullscreen=1&mini=0&pid=mapstr&primaryColor=FFC222&type=web,"Type: Restaurant
Arrondissement: 8e
Google: 4.4 (141 reviews)
Food types: restaurant
Tags: Gastro / higher end, Restaurant
Google Maps: https://maps.google.com/?cid=10187068009819630517&g_mp=CiVnb29nbGUubWFwcy5wbGFjZXMudjEuUGxhY2VzLkdldFBsYWNlEAIYBCAA
Website: http://maisonfrancois1er.fr/
Booking: https://bookings.zenchef.com/results?rid=368221&fullscreen=1&mini=0&pid=mapstr&primaryColor=FFC222&type=web"
Maison Matcha Paris (Marais),"66 Rue du Temple, 75003 Paris, France",Paris,3e,,generic,,,4.5,466,48.8625974,2.3576336,https://maps.google.com/?cid=14323033512857465911&g_mp=CiVnb29nbGUubWFwcy5wbGFjZXMudjEuUGxhY2VzLkdldFBsYWNlEAIYBCAA,https://www.instagram.com/66.matcha?igsh=MWd5Nmo4OWxmanAwcg==&utm_source=qr,,"Type: Tea House
Arrondissement: 3e
Google: 4.5 (466 reviews)
Food types: generic
Tags: Cafe
Google Maps: https://maps.google.com/?cid=14323033512857465911&g_mp=CiVnb29nbGUubWFwcy5wbGFjZXMudjEuUGxhY2VzLkdldFBsYWNlEAIYBCAA
Website: https://www.instagram.com/66.matcha?igsh=MWd5Nmo4OWxmanAwcg==&utm_source=qr"
"Maison Mulot - Boulangerie, Pâtisserie Traiteur - Saint Germain des Prés","Rue Lobineau, Paris, France",Paris,,,restaurant,,€€€,3.9,1381,48.851821,2.336964999999999,https://maps.google.com/?cid=10032251211901541702&g_mp=CiVnb29nbGUubWFwcy5wbGFjZXMudjEuUGxhY2VzLkdldFBsYWNlEAIYBCAA,http://www.maison-mulot.com/,https://shop.maison-mulot.com/fr/,"Type: Bakery
Price: €€€
Google: 3.9 (1,381 reviews)
Food types: restaurant
Tags: Bakery
Google summary: Upscale patisserie with a few tables, featuring inventive macarons, baked goods & confectionery.
Google Maps: https://maps.google.com/?cid=10032251211901541702&g_mp=CiVnb29nbGUubWFwcy5wbGFjZXMudjEuUGxhY2VzLkdldFBsYWNlEAIYBCAA
Website: http://www.maison-mulot.com/
Booking: https://shop.maison-mulot.com/fr/"
Maison Nespresso,"Rue Vieille du Temple, 75004 Paris, France",Paris,4e,,cafe,,,4.9,501,48.85819244384766,2.357915639877319,https://maps.google.com/?cid=660584288009557644&g_mp=CiVnb29nbGUubWFwcy5wbGFjZXMudjEuUGxhY2VzLkdldFBsYWNlEAIYBCAA,https://www.nespresso.com/boutiques-fr/le-cafe,,"Type: Cafeteria
Arrondissement: 4e
Google: 4.9 (501 reviews)
Food types: cafe
Tags: Cafe, Concept-store
Google summary: International chain selling its own line of coffee, espresso makers & accessories for home brewing.
Google Maps: https://maps.google.com/?cid=660584288009557644&g_mp=CiVnb29nbGUubWFwcy5wbGFjZXMudjEuUGxhY2VzLkdldFBsYWNlEAIYBCAA
Website: https://www.nespresso.com/boutiques-fr/le-cafe"
Maison Sarah Lavoine,"6 Place des Victoires, 75002 Paris, France",Paris,2e,,shopping,,,3.8,107,48.8661652,2.3406885,https://maps.google.com/?cid=1253367801919911340&g_mp=CiVnb29nbGUubWFwcy5wbGFjZXMudjEuUGxhY2VzLkdldFBsYWNlEAIYBCAA,http://www.sarahlavoine.com/,,"Type: Home Goods Store
Arrondissement: 2e
Google: 3.8 (107 reviews)
Food types: shopping
Tags: Breakfast, Cafe, Shopping
Google Maps: https://maps.google.com/?cid=1253367801919911340&g_mp=CiVnb29nbGUubWFwcy5wbGFjZXMudjEuUGxhY2VzLkdldFBsYWNlEAIYBCAA
Website: http://www.sarahlavoine.com/"
Mamie Gâteaux,"66 Rue du Cherche-Midi, 75006 Paris, France",Paris,6e,,cafe,,€€,4.4,640,48.84854899999999,2.324403999999999,https://maps.google.com/?cid=9716282042673926265&g_mp=CiVnb29nbGUubWFwcy5wbGFjZXMudjEuUGxhY2VzLkdldFBsYWNlEAIYBCAA,http://www.mamie-gateaux.com/,,"Type: Tea House
Arrondissement: 6e
Price: €€
Google: 4.4 (640 reviews)
Food types: cafe
Tags: Pastry, Cafe
Google summary: Charming establishment known for its homemade cakes & pastries, plus a long selection of teas.
Google Maps: https://maps.google.com/?cid=9716282042673926265&g_mp=CiVnb29nbGUubWFwcy5wbGFjZXMudjEuUGxhY2VzLkdldFBsYWNlEAIYBCAA
Website: http://www.mamie-gateaux.com/"
Manteigaria - Fábrica de Pastéis de Nata France,"Rue Rambuteau, Paris, France",Paris,,,restaurant,,,4.9,8313,48.8609973,2.3543521,https://maps.google.com/?cid=10926278792634036015&g_mp=CiVnb29nbGUubWFwcy5wbGFjZXMudjEuUGxhY2VzLkdldFBsYWNlEAIYBCAA,https://manteigaria.com/fr/,,"Type: Pastry Shop
Google: 4.9 (8,313 reviews)
Food types: restaurant
Tags: Bakery
Google Maps: https://maps.google.com/?cid=10926278792634036015&g_mp=CiVnb29nbGUubWFwcy5wbGFjZXMudjEuUGxhY2VzLkdldFBsYWNlEAIYBCAA
Website: https://manteigaria.com/fr/"
Marcelle (Marlon),"159 Rue de Grenelle, 75007 Paris, France",Paris,7e,,"restaurant, brunch",,,,,48.8576783,2.306473399999999,https://www.google.com/maps/search/?api=1&query=Marcelle%20(Marlon)%2C%20Paris%2C%20France,http://www.restaurantmarcelle.fr/,https://deliveroo.fr/fr/menu/paris/saint-dominique/marlon,"Arrondissement: 7e
Food types: restaurant, brunch
Tags: Brunch, Restaurant
Google Maps: https://www.google.com/maps/search/?api=1&query=Marcelle%20(Marlon)%2C%20Paris%2C%20France
Website: http://www.restaurantmarcelle.fr/
Booking: https://deliveroo.fr/fr/menu/paris/saint-dominique/marlon"
Marché couvert des Enfants Rouges,"39 Rue de Bretagne, 75003 Paris, France",Paris,3e,,shopping,,,,,48.8629706,2.3621515,https://www.google.com/maps/search/?api=1&query=March%C3%A9%20couvert%20des%20Enfants%20Rouges%2C%20Paris%2C%20France,http://www.paris.fr/lieux/marche-couvert-des-enfants-rouges-5461,,"Arrondissement: 3e
Food types: shopping
Tags: Take away
Google Maps: https://www.google.com/maps/search/?api=1&query=March%C3%A9%20couvert%20des%20Enfants%20Rouges%2C%20Paris%2C%20France
Website: http://www.paris.fr/lieux/marche-couvert-des-enfants-rouges-5461"
Margaux,"10 Av. de New York, 75116 Paris, France",Paris,16e,,restaurant,,,4.7,1502,48.8641264,2.2989862,https://maps.google.com/?cid=13452062831568045297&g_mp=CiVnb29nbGUubWFwcy5wbGFjZXMudjEuUGxhY2VzLkdldFBsYWNlEAIYBCAA,https://www.restaurantmargaux.com/,https://thefork.fr/restaurant/margaux-r835079/?cc=24751-923,"Type: French Restaurant
Arrondissement: 16e
Google: 4.7 (1,502 reviews)
Food types: restaurant
Tags: Frenchie, Restaurant
Google Maps: https://maps.google.com/?cid=13452062831568045297&g_mp=CiVnb29nbGUubWFwcy5wbGFjZXMudjEuUGxhY2VzLkdldFBsYWNlEAIYBCAA
Website: https://www.restaurantmargaux.com/
Booking: https://thefork.fr/restaurant/margaux-r835079/?cc=24751-923"
Martin,"24 Boulevard du Temple, 75011 Paris, France",Paris,11e,,bar,,,,,48.864849,2.365981,https://www.google.com/maps/search/?api=1&query=Martin%2C%20Paris%2C%20France,http://bar-martin.fr/,,"Arrondissement: 11e
Food types: bar
Tags: Frenchie, Restaurant
Google Maps: https://www.google.com/maps/search/?api=1&query=Martin%2C%20Paris%2C%20France
Website: http://bar-martin.fr/"
Maslow,14 Quai de la Mégisserie Paris 75001,Paris,1er,,restaurant,,€€,4.9,18116,48.858243,2.344425,https://maps.google.com/?cid=9452558009354261089&g_mp=CiVnb29nbGUubWFwcy5wbGFjZXMudjEuUGxhY2VzLkdldFBsYWNlEAIYBCAA,https://maslow-restaurants.com/,https://maslow-restaurants.com/menu/,"Type: Vegetarian Restaurant
Arrondissement: 1er
Price: €€
Google: 4.9 (18,116 reviews)
Food types: restaurant
Tags: Restaurant, Vegetarian
Google Maps: https://maps.google.com/?cid=9452558009354261089&g_mp=CiVnb29nbGUubWFwcy5wbGFjZXMudjEuUGxhY2VzLkdldFBsYWNlEAIYBCAA
Website: https://maslow-restaurants.com/
Booking: https://maslow-restaurants.com/menu/"
Matcha Ochaya 無邪,"Rue René Boulanger, Paris, France",Paris,,,cafe,,€€,4.5,7840,48.868497,2.3622172,https://maps.google.com/?cid=2849146729808558953&g_mp=CiVnb29nbGUubWFwcy5wbGFjZXMudjEuUGxhY2VzLkdldFBsYWNlEAIYBCAA,https://instagram.com/matcha_ochaya?igshid=YmMyMTA2M2Y=,,"Type: Cafe
Price: €€
Google: 4.5 (7,840 reviews)
Food types: cafe
Tags: Dessert, Japanese
Google Maps: https://maps.google.com/?cid=2849146729808558953&g_mp=CiVnb29nbGUubWFwcy5wbGFjZXMudjEuUGxhY2VzLkdldFBsYWNlEAIYBCAA
Website: https://instagram.com/matcha_ochaya?igshid=YmMyMTA2M2Y="
Matcha Social Club,"39 Rue des Petits Champs, 75001 Paris, France",Paris,1er,,cafe,,€€,4.4,912,48.8667633,2.3362231,https://maps.google.com/?cid=10251627823958555519&g_mp=CiVnb29nbGUubWFwcy5wbGFjZXMudjEuUGxhY2VzLkdldFBsYWNlEAIYBCAA,http://www.matchasocialclub.com/,,"Type: Tea House
Arrondissement: 1er
Price: €€
Google: 4.4 (912 reviews)
Food types: cafe
Tags: Cafe
Google Maps: https://maps.google.com/?cid=10251627823958555519&g_mp=CiVnb29nbGUubWFwcy5wbGFjZXMudjEuUGxhY2VzLkdldFBsYWNlEAIYBCAA
Website: http://www.matchasocialclub.com/"
Merci,"111 Bd Beaumarchais, 75003 Paris, France",Paris,3e,,shopping,,,,,48.8608065,2.3669885,https://www.google.com/maps/search/?api=1&query=Merci%2C%20Paris%2C%20France,http://www.merci-merci.com/fr/,,"Arrondissement: 3e
Food types: shopping
Tags: Deco, SH, Design
Google Maps: https://www.google.com/maps/search/?api=1&query=Merci%2C%20Paris%2C%20France
Website: http://www.merci-merci.com/fr/"
Merci #2,"19 Rue de Richelieu, 75001 Paris, France",Paris,1er,,generic,,,,,48.8676817,2.3378996,https://www.google.com/maps/search/?api=1&query=Merci%20%232%2C%20Paris%2C%20France,https://merci-merci.com/,,"Arrondissement: 1er
Food types: generic
Tags: Fashion, Concept-store
Google Maps: https://www.google.com/maps/search/?api=1&query=Merci%20%232%2C%20Paris%2C%20France
Website: https://merci-merci.com/"
Micho,46 rue de Richelieu Paris 75001,Paris,1er,,restaurant,,,4.1,953,48.8660774230957,2.337152481079102,https://maps.google.com/?cid=12218413180469688842&g_mp=CiVnb29nbGUubWFwcy5wbGFjZXMudjEuUGxhY2VzLkdldFBsYWNlEAIYBCAA,http://michoparis.fr/,https://bookings.zenchef.com/results?rid=362583&fullscreen=1&mini=0&pid=mapstr&primaryColor=FFC222&type=web,"Type: Restaurant
Arrondissement: 1er
Google: 4.1 (953 reviews)
Food types: restaurant
Tags: Restaurant, Street food, Israeli
Google Maps: https://maps.google.com/?cid=12218413180469688842&g_mp=CiVnb29nbGUubWFwcy5wbGFjZXMudjEuUGxhY2VzLkdldFBsYWNlEAIYBCAA
Website: http://michoparis.fr/
Booking: https://bookings.zenchef.com/results?rid=362583&fullscreen=1&mini=0&pid=mapstr&primaryColor=FFC222&type=web"
"Mille & Un (Boulangerie, Pâtisserie, Salon de Thé)","32 Rue Saint-Placide, 75006 Paris, France",Paris,6e,,restaurant,,,4.5,1404,48.84865970000001,2.325478,https://maps.google.com/?cid=7890592480825157891&g_mp=CiVnb29nbGUubWFwcy5wbGFjZXMudjEuUGxhY2VzLkdldFBsYWNlEAIYBCAA,,,"Type: Bakery
Arrondissement: 6e
Google: 4.5 (1,404 reviews)
Food types: restaurant
Tags: Bakery, Korean
Google summary: Informal French-Korean bakery with outdoor tables showcasing creative pastries & cakes, plus bingsu.
Google Maps: https://maps.google.com/?cid=7890592480825157891&g_mp=CiVnb29nbGUubWFwcy5wbGFjZXMudjEuUGxhY2VzLkdldFBsYWNlEAIYBCAA"
Minh Chau,"10 Rue de la Verrerie, 75004 Paris, France",Paris,4e,,restaurant,,€,3.7,330,48.85725610000001,2.355156,https://maps.google.com/?cid=3620148272437483433&g_mp=CiVnb29nbGUubWFwcy5wbGFjZXMudjEuUGxhY2VzLkdldFBsYWNlEAIYBCAA,https://www.minhchau-paris.fr/contact,,"Type: Vietnamese Restaurant
Arrondissement: 4e
Price: €
Google: 3.7 (330 reviews)
Food types: restaurant
Tags: Vietnamiese, Restaurant
Google Maps: https://maps.google.com/?cid=3620148272437483433&g_mp=CiVnb29nbGUubWFwcy5wbGFjZXMudjEuUGxhY2VzLkdldFBsYWNlEAIYBCAA
Website: https://www.minhchau-paris.fr/contact"
Misu,"8 bis Rue Falguière, 75015 Paris, France",Paris,15e,,restaurant,,,4.8,457,48.8438106,2.3171654,https://maps.google.com/?cid=12824606989028339590&g_mp=CiVnb29nbGUubWFwcy5wbGFjZXMudjEuUGxhY2VzLkdldFBsYWNlEAIYBCAA,https://www.instagram.com/misu.paris?igsh=MTY2c3d0c2N3eGlzNQ==,https://bookings.zenchef.com/results?rid=364226&fullscreen=1&mini=0&pid=mapstr&primaryColor=FFC222&type=web,"Type: Korean Restaurant
Arrondissement: 15e
Google: 4.8 (457 reviews)
Food types: restaurant
Tags: Korean
Google Maps: https://maps.google.com/?cid=12824606989028339590&g_mp=CiVnb29nbGUubWFwcy5wbGFjZXMudjEuUGxhY2VzLkdldFBsYWNlEAIYBCAA
Website: https://www.instagram.com/misu.paris?igsh=MTY2c3d0c2N3eGlzNQ==
Booking: https://bookings.zenchef.com/results?rid=364226&fullscreen=1&mini=0&pid=mapstr&primaryColor=FFC222&type=web"
Miznon,"37 Quai de Valmy, 75010 Paris, France",Paris,10e,,restaurant,,,4.3,759,48.8691925,2.366401,https://maps.google.com/?cid=15522443952410790719&g_mp=CiVnb29nbGUubWFwcy5wbGFjZXMudjEuUGxhY2VzLkdldFBsYWNlEAIYBCAA,https://www.facebook.com/miznonparis/,,"Type: Restaurant
Arrondissement: 10e
Google: 4.3 (759 reviews)
Food types: restaurant
Tags: Street food
Google Maps: https://maps.google.com/?cid=15522443952410790719&g_mp=CiVnb29nbGUubWFwcy5wbGFjZXMudjEuUGxhY2VzLkdldFBsYWNlEAIYBCAA
Website: https://www.facebook.com/miznonparis/"
Mmmozza,57 Rue de Bretagne Paris France,Paris,,,restaurant,,,4.6,474,48.8639,2.3606,https://maps.google.com/?cid=12343074101628899369&g_mp=CiVnb29nbGUubWFwcy5wbGFjZXMudjEuUGxhY2VzLkdldFBsYWNlEAIYBCAA,https://instagram.com/mmmozza_paris?igshid=YmMyMTA2M2Y=,,"Type: Grocery Store
Google: 4.6 (474 reviews)
Food types: restaurant
Tags: Restaurant, Italian
Google Maps: https://maps.google.com/?cid=12343074101628899369&g_mp=CiVnb29nbGUubWFwcy5wbGFjZXMudjEuUGxhY2VzLkdldFBsYWNlEAIYBCAA
Website: https://instagram.com/mmmozza_paris?igshid=YmMyMTA2M2Y="
Mojju,"4 Rue de l'Exposition, 75007 Paris, France",Paris,7e,,restaurant,,,4.5,241,48.8576399,2.3029927,https://maps.google.com/?cid=805011685251304645&g_mp=CiVnb29nbGUubWFwcy5wbGFjZXMudjEuUGxhY2VzLkdldFBsYWNlEAIYBCAA,https://www.mojju-restaurant.com/,https://thefork.fr/restaurant/mojju-r815113/?cc=24751-923,"Type: Korean Restaurant
Arrondissement: 7e
Google: 4.5 (241 reviews)
Food types: restaurant
Tags: ❤️, Restaurant, Korean
Google Maps: https://maps.google.com/?cid=805011685251304645&g_mp=CiVnb29nbGUubWFwcy5wbGFjZXMudjEuUGxhY2VzLkdldFBsYWNlEAIYBCAA
Website: https://www.mojju-restaurant.com/
Booking: https://thefork.fr/restaurant/mojju-r815113/?cc=24751-923"
Mokochaya,"11 Rue Saint-Bernard, 75011 Paris, France",Paris,11e,,cafe,,,4.5,90,48.8518895,2.3816961,https://maps.google.com/?cid=7110432262837054624&g_mp=CiVnb29nbGUubWFwcy5wbGFjZXMudjEuUGxhY2VzLkdldFBsYWNlEAIYBCAA,https://mokochaya.com/,,"Type: Cafe
Arrondissement: 11e
Google: 4.5 (90 reviews)
Food types: cafe
Tags: ❤️, Restaurant, Trendy
Google Maps: https://maps.google.com/?cid=7110432262837054624&g_mp=CiVnb29nbGUubWFwcy5wbGFjZXMudjEuUGxhY2VzLkdldFBsYWNlEAIYBCAA
Website: https://mokochaya.com/"
Mokonuts Cafe and Bakery,"5 Rue Saint-Bernard, 75011 Paris, France",Paris,11e,,restaurant,,,,,48.8507906,2.3813834,https://www.google.com/maps/search/?api=1&query=Mokonuts%20Cafe%20and%20Bakery%2C%20Paris%2C%20France,https://www.facebook.com/Mokonuts,https://www.mokonuts.com/le-menu,"Arrondissement: 11e
Food types: restaurant
Tags: Restaurant, Breakfast, Trendy
Google Maps: https://www.google.com/maps/search/?api=1&query=Mokonuts%20Cafe%20and%20Bakery%2C%20Paris%2C%20France
Website: https://www.facebook.com/Mokonuts
Booking: https://www.mokonuts.com/le-menu"
Mon Oncle le Vigneron,"71 Rue Rebeval, 75019 Paris, France",Paris,19e,,shopping,,,4.7,108,48.8747394,2.3812716,https://maps.google.com/?cid=17244410671266319211&g_mp=CiVnb29nbGUubWFwcy5wbGFjZXMudjEuUGxhY2VzLkdldFBsYWNlEAIYBCAA,https://www.facebook.com/391827634216892,,"Type: Restaurant
Arrondissement: 19e
Google: 4.7 (108 reviews)
Food types: shopping
Tags: Restaurant, Wine bar
Google Maps: https://maps.google.com/?cid=17244410671266319211&g_mp=CiVnb29nbGUubWFwcy5wbGFjZXMudjEuUGxhY2VzLkdldFBsYWNlEAIYBCAA
Website: https://www.facebook.com/391827634216892"
Monnaie de Paris,"11 Quai de Conti, 75006 Paris, France",Paris,6e,,museum,,,,,48.85667489999999,2.3390381,https://www.google.com/maps/search/?api=1&query=Monnaie%20de%20Paris%2C%20Paris%2C%20France,http://www.monnaiedeparis.fr/,,"Arrondissement: 6e
Food types: museum
Tags: Museum
Google Maps: https://www.google.com/maps/search/?api=1&query=Monnaie%20de%20Paris%2C%20Paris%2C%20France
Website: http://www.monnaiedeparis.fr/"
Montezuma café,"15 Rue Notre Dame des Victoires, 75002 Paris, France",Paris,2e,,bar,,,4.7,237,48.8682309,2.3416915,https://maps.google.com/?cid=8151586915699572395&g_mp=CiVnb29nbGUubWFwcy5wbGFjZXMudjEuUGxhY2VzLkdldFBsYWNlEAIYBCAA,http://instagram.com/montezuma.cafe/,,"Type: Wine Bar
Arrondissement: 2e
Google: 4.7 (237 reviews)
Food types: bar
Tags: Bar, Dancing
Google Maps: https://maps.google.com/?cid=8151586915699572395&g_mp=CiVnb29nbGUubWFwcy5wbGFjZXMudjEuUGxhY2VzLkdldFBsYWNlEAIYBCAA
Website: http://instagram.com/montezuma.cafe/"
Mr.T,"38 Rue de Saintonge, 75003 Paris, France",Paris,3e,,restaurant,,,,,48.8626707,2.36368,https://www.google.com/maps/search/?api=1&query=Mr.T%2C%20Paris%2C%20France,http://www.mrt-restaurant.fr/,https://bookings.zenchef.com/results?rid=351813&fullscreen=1&mini=0&pid=mapstr&primaryColor=FFC222&type=web,"Arrondissement: 3e
Food types: restaurant
Tags: Frenchie, Asian, Mexican, ❤️, Trendy
Google Maps: https://www.google.com/maps/search/?api=1&query=Mr.T%2C%20Paris%2C%20France
Website: http://www.mrt-restaurant.fr/
Booking: https://bookings.zenchef.com/results?rid=351813&fullscreen=1&mini=0&pid=mapstr&primaryColor=FFC222&type=web"
Mulino Mulé,"25 Rue Sainte-Marthe, 75010 Paris, Francia",Paris,10e,,shopping,,,4.7,381,48.874196,2.3723359,https://maps.google.com/?cid=12165723843615821378&g_mp=CiVnb29nbGUubWFwcy5wbGFjZXMudjEuUGxhY2VzLkdldFBsYWNlEAIYBCAA,http://www.cedriccasanova.com/,https://bookings.zenchef.com/results?rid=353468&fullscreen=1&mini=0&pid=mapstr&primaryColor=FFC222&type=web,"Type: Italian Restaurant
Arrondissement: 10e
Google: 4.7 (381 reviews)
Food types: shopping
Tags: Restaurant, Italian
Google Maps: https://maps.google.com/?cid=12165723843615821378&g_mp=CiVnb29nbGUubWFwcy5wbGFjZXMudjEuUGxhY2VzLkdldFBsYWNlEAIYBCAA
Website: http://www.cedriccasanova.com/
Booking: https://bookings.zenchef.com/results?rid=353468&fullscreen=1&mini=0&pid=mapstr&primaryColor=FFC222&type=web"
Musee National Picasso,5 Rue de Thorigny Paris France,Paris,,,museum,,,,,48.8597,2.36268,https://www.google.com/maps/search/?api=1&query=Musee%20National%20Picasso%2C%20Paris%2C%20France,http://www.museepicassoparis.fr,,"Food types: museum
Tags: Museum
Google Maps: https://www.google.com/maps/search/?api=1&query=Musee%20National%20Picasso%2C%20Paris%2C%20France
Website: http://www.museepicassoparis.fr"
Musee d'Art Moderne - Palais de Tokyo,Avenue de New-York 75116 Paris France,Paris,16e,,museum,,,,,48.8646,2.2956,https://www.google.com/maps/search/?api=1&query=Musee%20d'Art%20Moderne%20-%20Palais%20de%20Tokyo%2C%20Paris%2C%20France,http://www.mam.paris.fr,,"Arrondissement: 16e
Food types: museum
Tags: Museum
Google Maps: https://www.google.com/maps/search/?api=1&query=Musee%20d'Art%20Moderne%20-%20Palais%20de%20Tokyo%2C%20Paris%2C%20France
Website: http://www.mam.paris.fr"
Musee de l'Orangerie,Place de la Concorde 75008 Paris France,Paris,8e,,museum,,,,,48.86379,2.32263,https://www.google.com/maps/search/?api=1&query=Musee%20de%20l'Orangerie%2C%20Paris%2C%20France,http://www.musee-orangerie.fr,,"Arrondissement: 8e
Food types: museum
Tags: Museum
Google Maps: https://www.google.com/maps/search/?api=1&query=Musee%20de%20l'Orangerie%2C%20Paris%2C%20France
Website: http://www.musee-orangerie.fr"
Musee du Quai Branly,7 Quai Branly 75007 Paris France,Paris,7e,,museum,,,,,48.86154,2.29758,https://www.google.com/maps/search/?api=1&query=Musee%20du%20Quai%20Branly%2C%20Paris%2C%20France,http://www.quaibranly.fr,,"Arrondissement: 7e
Food types: museum
Tags: Museum
Google Maps: https://www.google.com/maps/search/?api=1&query=Musee%20du%20Quai%20Branly%2C%20Paris%2C%20France
Website: http://www.quaibranly.fr"
Musée Zadkine,"100bis Rue d'Assas, 75006 Paris, France",Paris,6e,,museum,,,,,48.8430863,2.3340055,https://www.google.com/maps/search/?api=1&query=Mus%C3%A9e%20Zadkine%2C%20Paris%2C%20France,http://www.zadkine.paris.fr/,,"Arrondissement: 6e
Food types: museum
Tags: Museum
Google Maps: https://www.google.com/maps/search/?api=1&query=Mus%C3%A9e%20Zadkine%2C%20Paris%2C%20France
Website: http://www.zadkine.paris.fr/"
Musée de la Chasse et de la Nature,62 Rue des Archives 75003 Paris France,Paris,3e,,museum,,,4.5,2452,48.86149,2.35861,https://maps.google.com/?cid=9283645651994521942&g_mp=CiVnb29nbGUubWFwcy5wbGFjZXMudjEuUGxhY2VzLkdldFBsYWNlEAIYBCAA,http://www.chassenature.org,,"Type: Art museum
Arrondissement: 3e
Google: 4.5 (2,452 reviews)
Food types: museum
Tags: Museum, Restaurant, Unusual
Google summary: Hunting & nature museum in 2 17th/18th-century mansions, housing artworks & various stuffed animals.
Google Maps: https://maps.google.com/?cid=9283645651994521942&g_mp=CiVnb29nbGUubWFwcy5wbGFjZXMudjEuUGxhY2VzLkdldFBsYWNlEAIYBCAA
Website: http://www.chassenature.org"
Musée de la Vie romantique,"16 Rue Chaptal, 75009 Paris, France",Paris,9e,,museum,,,,,48.8810917,2.3335524,https://www.google.com/maps/search/?api=1&query=Mus%C3%A9e%20de%20la%20Vie%20romantique%2C%20Paris%2C%20France,http://www.vie-romantique.paris.fr/,,"Arrondissement: 9e
Food types: museum
Tags: Museum
Google Maps: https://www.google.com/maps/search/?api=1&query=Mus%C3%A9e%20de%20la%20Vie%20romantique%2C%20Paris%2C%20France
Website: http://www.vie-romantique.paris.fr/"
Musée du Luxembourg,"19 Rue de Vaugirard, 75006 Paris, France",Paris,6e,,museum,,,,,48.8489006,2.3340782,https://www.google.com/maps/search/?api=1&query=Mus%C3%A9e%20du%20Luxembourg%2C%20Paris%2C%20France,https://museeduluxembourg.fr/,,"Arrondissement: 6e
Food types: museum
Tags: Museum
Google Maps: https://www.google.com/maps/search/?api=1&query=Mus%C3%A9e%20du%20Luxembourg%2C%20Paris%2C%20France
Website: https://museeduluxembourg.fr/"
NAKATANI RESTAURANT,"27 Rue Pierre Leroux, 75007 Paris, France",Paris,7e,,restaurant,,,4.6,235,48.848413,2.319595,https://maps.google.com/?cid=4806012346561630813&g_mp=CiVnb29nbGUubWFwcy5wbGFjZXMudjEuUGxhY2VzLkdldFBsYWNlEAIYBCAA,http://www.restaurant-nakatani.com/,https://thefork.fr/restaurant/nakatani-r60859/?cc=24751-923,"Type: Fine Dining Restaurant
Arrondissement: 7e
Google: 4.6 (235 reviews)
Food types: restaurant
Tags: Japanese, Restaurant, Gastro / higher end
Google summary: Polished eatery offering gourmet fixed-price lunch & dinner menus, plus a robust wine list.
Google Maps: https://maps.google.com/?cid=4806012346561630813&g_mp=CiVnb29nbGUubWFwcy5wbGFjZXMudjEuUGxhY2VzLkdldFBsYWNlEAIYBCAA
Website: http://www.restaurant-nakatani.com/
Booking: https://thefork.fr/restaurant/nakatani-r60859/?cc=24751-923"
NHOME,"41 Rue de Montpensier, 75001 Paris, France",Paris,1er,,restaurant,,,4.7,259,48.86600419999999,2.337279,https://maps.google.com/?cid=4706471728891795741&g_mp=CiVnb29nbGUubWFwcy5wbGFjZXMudjEuUGxhY2VzLkdldFBsYWNlEAIYBCAA,https://nhomeparis.com/,https://thefork.fr/restaurant/nhome-r801617/?cc=24751-923,"Type: Fine Dining Restaurant
Arrondissement: 1er
Google: 4.7 (259 reviews)
Food types: restaurant
Tags: Restaurant, Gastro / higher end
Google Maps: https://maps.google.com/?cid=4706471728891795741&g_mp=CiVnb29nbGUubWFwcy5wbGFjZXMudjEuUGxhY2VzLkdldFBsYWNlEAIYBCAA
Website: https://nhomeparis.com/
Booking: https://thefork.fr/restaurant/nhome-r801617/?cc=24751-923"
NOMOS,"France, 15 Rue André del Sarte, 75018 Paris, France",Paris,18e,,restaurant,,,,,48.88571189999999,2.345925799999999,https://www.google.com/maps/search/?api=1&query=NOMOS%2C%20Paris%2C%20France,https://www.facebook.com/linkrestaurantparis,,"Arrondissement: 18e
Food types: restaurant
Tags: Restaurant
Google Maps: https://www.google.com/maps/search/?api=1&query=NOMOS%2C%20Paris%2C%20France
Website: https://www.facebook.com/linkrestaurantparis"
Nana,"10 R. Bréguet, 75011 Paris, France",Paris,11e,,restaurant,,,,,48.8567277,2.3720465,https://www.google.com/maps/search/?api=1&query=Nana%2C%20Paris%2C%20France,http://nanaparis.com,,"Arrondissement: 11e
Food types: restaurant
Tags: Restaurant, Trendy
Google Maps: https://www.google.com/maps/search/?api=1&query=Nana%2C%20Paris%2C%20France
Website: http://nanaparis.com"
Neni Paris,"12 Bd de Denain, 75010 Paris, France",Paris,10e,,restaurant,,,4.4,563,48.8795258,2.354939799999999,https://maps.google.com/?cid=11015449668276958082&g_mp=CiVnb29nbGUubWFwcy5wbGFjZXMudjEuUGxhY2VzLkdldFBsYWNlEAIYBCAA,http://www.neniparis.fr/fr/site.php,https://bookings.zenchef.com/results?rid=364022&pid=mapstr,"Type: Restaurant
Arrondissement: 10e
Google: 4.4 (563 reviews)
Food types: restaurant
Tags: Restaurant, Israeli
Google summary: Stylish, artful hangout with a relaxed vibe spotlighting Middle Eastern-influenced cuisine.
Google Maps: https://maps.google.com/?cid=11015449668276958082&g_mp=CiVnb29nbGUubWFwcy5wbGFjZXMudjEuUGxhY2VzLkdldFBsYWNlEAIYBCAA
Website: http://www.neniparis.fr/fr/site.php
Booking: https://bookings.zenchef.com/results?rid=364022&pid=mapstr"
Noglu,"15 Rue Basfroi, 75011 Paris, France",Paris,11e,,restaurant,,€€,4,807,48.8544251,2.379604499999999,https://maps.google.com/?cid=17341999347328439457&g_mp=CiVnb29nbGUubWFwcy5wbGFjZXMudjEuUGxhY2VzLkdldFBsYWNlEAIYBCAA,https://www.noglu.fr/,https://thefork.fr/restaurant/noglu-r818894/?cc=24751-923,"Type: Restaurant
Arrondissement: 11e
Price: €€
Google: 4.0 (807 reviews)
Food types: restaurant
Tags: Glutenfree, Restaurant, Healthy, Pastry
Google Maps: https://maps.google.com/?cid=17341999347328439457&g_mp=CiVnb29nbGUubWFwcy5wbGFjZXMudjEuUGxhY2VzLkdldFBsYWNlEAIYBCAA
Website: https://www.noglu.fr/
Booking: https://thefork.fr/restaurant/noglu-r818894/?cc=24751-923"
Noir - Coffee Shop & Torréfacteur,"9 Rue de Luynes, 75007 Paris, France",Paris,7e,,cafe,,,4.3,825,48.8548469543457,2.326366901397705,https://maps.google.com/?cid=8076754717650857084&g_mp=CiVnb29nbGUubWFwcy5wbGFjZXMudjEuUGxhY2VzLkdldFBsYWNlEAIYBCAA,http://noirbarista.com/,,"Type: Coffee Shop
Arrondissement: 7e
Google: 4.3 (825 reviews)
Food types: cafe
Tags: Cafe
Google Maps: https://maps.google.com/?cid=8076754717650857084&g_mp=CiVnb29nbGUubWFwcy5wbGFjZXMudjEuUGxhY2VzLkdldFBsYWNlEAIYBCAA
Website: http://noirbarista.com/"
Nolinski Paris,"16 Av. de l'Opéra, 75001 Paris, France",Paris,1er,,"lodging, hotel",,,4.5,505,48.8654726,2.3348535,https://maps.google.com/?cid=17592771650835775485&g_mp=CiVnb29nbGUubWFwcy5wbGFjZXMudjEuUGxhY2VzLkdldFBsYWNlEAIYBCAA,http://nolinskiparis.com/,http://www.opentable.fr/r/nolinski-paris?ref=17374,"Type: Hotel
Arrondissement: 1er
Google: 4.5 (505 reviews)
Food types: lodging, hotel
Tags: Hotel / BB, Gastro / higher end, Restaurant
Google summary: Chic rooms & suites in a polished hotel featuring 3 restaurant/bars, plus a spa with an indoor pool.
Google Maps: https://maps.google.com/?cid=17592771650835775485&g_mp=CiVnb29nbGUubWFwcy5wbGFjZXMudjEuUGxhY2VzLkdldFBsYWNlEAIYBCAA
Website: http://nolinskiparis.com/
Booking: http://www.opentable.fr/r/nolinski-paris?ref=17374"
Nubio,"4 Rue Paul Bert, 75011 Paris, France",Paris,11e,,shopping,,,,,48.8511855,2.3845735,https://maps.google.com/?cid=12610645211511056857&g_mp=CiVnb29nbGUubWFwcy5wbGFjZXMudjEuUGxhY2VzLkdldFBsYWNlEAIYBCAA,https://concept-store-atelier-nubio.business.site/,,"Arrondissement: 11e
Food types: shopping
Tags: Healthy
Google Maps: https://maps.google.com/?cid=12610645211511056857&g_mp=CiVnb29nbGUubWFwcy5wbGFjZXMudjEuUGxhY2VzLkdldFBsYWNlEAIYBCAA
Website: https://concept-store-atelier-nubio.business.site/"
OGATA Paris,"Rue Debelleyme, Paris, France",Paris,,,shopping,,,4.2,614,48.8609789,2.363510499999999,https://maps.google.com/?cid=11103538482425309555&g_mp=CiVnb29nbGUubWFwcy5wbGFjZXMudjEuUGxhY2VzLkdldFBsYWNlEAIYBCAA,https://ogata.com/paris/,http://www.opentable.fr/r/ogata-paris?ref=17374,"Type: Japanese Restaurant
Google: 4.2 (614 reviews)
Food types: shopping
Tags: Bar, Pastry, Japanese, Cafe
Google Maps: https://maps.google.com/?cid=11103538482425309555&g_mp=CiVnb29nbGUubWFwcy5wbGFjZXMudjEuUGxhY2VzLkdldFBsYWNlEAIYBCAA
Website: https://ogata.com/paris/
Booking: http://www.opentable.fr/r/ogata-paris?ref=17374"
ONOUL Coffee Shop & Korean products,"Rue Gramme, Paris, France",Paris,,,cafe,,,4.8,598,48.84520721435547,2.295214176177979,https://maps.google.com/?cid=551506213427462997&g_mp=CiVnb29nbGUubWFwcy5wbGFjZXMudjEuUGxhY2VzLkdldFBsYWNlEAIYBCAA,https://www.instagram.com/onoul_paris/,,"Type: Coffee Shop
Google: 4.8 (598 reviews)
Food types: cafe
Tags: Cafe, Korean
Google Maps: https://maps.google.com/?cid=551506213427462997&g_mp=CiVnb29nbGUubWFwcy5wbGFjZXMudjEuUGxhY2VzLkdldFBsYWNlEAIYBCAA
Website: https://www.instagram.com/onoul_paris/"
OOBATZ,"4bis Av. Jean Aicard, 75011 Paris, France",Paris,11e,,restaurant,,,4.5,420,48.8652926,2.3810814,https://maps.google.com/?cid=10098685587554175031&g_mp=CiVnb29nbGUubWFwcy5wbGFjZXMudjEuUGxhY2VzLkdldFBsYWNlEAIYBCAA,https://oobatz.fr/,,"Type: Pizza Restaurant
Arrondissement: 11e
Google: 4.5 (420 reviews)
Food types: restaurant
Tags: Pizza, Restaurant
Google Maps: https://maps.google.com/?cid=10098685587554175031&g_mp=CiVnb29nbGUubWFwcy5wbGFjZXMudjEuUGxhY2VzLkdldFBsYWNlEAIYBCAA
Website: https://oobatz.fr/"
Ojii,"6 Rue Perronet, 75007 Paris, France",Paris,7e,,restaurant,,,4.5,242,48.8553651,2.3304414,https://maps.google.com/?cid=10069997616376840727&g_mp=CiVnb29nbGUubWFwcy5wbGFjZXMudjEuUGxhY2VzLkdldFBsYWNlEAIYBCAA,https://www.ojii.fr/,http://www.opentable.fr/r/ojii-paris?ref=17374,"Type: Japanese Restaurant
Arrondissement: 7e
Google: 4.5 (242 reviews)
Food types: restaurant
Tags: Asian, Gastro / higher end, Japanese
Google Maps: https://maps.google.com/?cid=10069997616376840727&g_mp=CiVnb29nbGUubWFwcy5wbGFjZXMudjEuUGxhY2VzLkdldFBsYWNlEAIYBCAA
Website: https://www.ojii.fr/
Booking: http://www.opentable.fr/r/ojii-paris?ref=17374"
Olive Chicken,"6 Rue Poinsot, 75014 Paris, France",Paris,14e,,restaurant,,€€,4.4,732,48.8409518,2.3233777,https://maps.google.com/?cid=17019879004737710620&g_mp=CiVnb29nbGUubWFwcy5wbGFjZXMudjEuUGxhY2VzLkdldFBsYWNlEAIYBCAA,https://instagram.com/olivechicken_paris?igshid=YmMyMTA2M2Y=,,"Type: Chicken Restaurant
Arrondissement: 14e
Price: €€
Google: 4.4 (732 reviews)
Food types: restaurant
Tags: Restaurant, Korean
Google Maps: https://maps.google.com/?cid=17019879004737710620&g_mp=CiVnb29nbGUubWFwcy5wbGFjZXMudjEuUGxhY2VzLkdldFBsYWNlEAIYBCAA
Website: https://instagram.com/olivechicken_paris?igshid=YmMyMTA2M2Y="
On Restaurant,"39 Rue Saint-Roch, 75001 Paris, France",Paris,1er,,restaurant,,,4.8,205,48.8656064,2.3324188,https://maps.google.com/?cid=17354233080811267738&g_mp=CiVnb29nbGUubWFwcy5wbGFjZXMudjEuUGxhY2VzLkdldFBsYWNlEAIYBCAA,https://www.instagram.com/on_resto/,,"Type: Korean Restaurant
Arrondissement: 1er
Google: 4.8 (205 reviews)
Food types: restaurant
Tags: Korean, Restaurant
Google Maps: https://maps.google.com/?cid=17354233080811267738&g_mp=CiVnb29nbGUubWFwcy5wbGFjZXMudjEuUGxhY2VzLkdldFBsYWNlEAIYBCAA
Website: https://www.instagram.com/on_resto/"
Onii-San - Izakaya ,82 Rue des Archives Paris 75003,Paris,3e,,restaurant,,,4.1,758,48.86307045508935,2.360397790059537,https://maps.google.com/?cid=4294208365302536734&g_mp=CiVnb29nbGUubWFwcy5wbGFjZXMudjEuUGxhY2VzLkdldFBsYWNlEAIYBCAA,https://www.onii-san.fr/,https://bookings.zenchef.com/results?rid=354548&fullscreen=1&mini=0&pid=mapstr&primaryColor=FFC222&type=web,"Type: Japanese Restaurant
Arrondissement: 3e
Google: 4.1 (758 reviews)
Food types: restaurant
Tags: Japanese, Restaurant, Trendy
Google Maps: https://maps.google.com/?cid=4294208365302536734&g_mp=CiVnb29nbGUubWFwcy5wbGFjZXMudjEuUGxhY2VzLkdldFBsYWNlEAIYBCAA
Website: https://www.onii-san.fr/
Booking: https://bookings.zenchef.com/results?rid=354548&fullscreen=1&mini=0&pid=mapstr&primaryColor=FFC222&type=web"
Oryza Lab Paris,"Rue Guichard, Paris, France",Paris,,,generic,,,,,48.86395,2.277365,https://www.google.com/maps/search/?api=1&query=Oryza%20Lab%20Paris%2C%20Paris%2C%20France,https://www.oryzalab.com/,,"Food types: generic
Tags: Beauty
Google Maps: https://www.google.com/maps/search/?api=1&query=Oryza%20Lab%20Paris%2C%20Paris%2C%20France
Website: https://www.oryzalab.com/"
Osteria Ferrara,"7 Rue du Dahomey, 75011 Paris, France",Paris,11e,,restaurant,,,,,48.851282,2.383292,https://www.google.com/maps/search/?api=1&query=Osteria%20Ferrara%2C%20Paris%2C%20France,http://www.osteriaferrara.com/,https://bookings.zenchef.com/results?rid=352382&fullscreen=1&mini=0&pid=mapstr&primaryColor=FFC222&type=web,"Arrondissement: 11e
Food types: restaurant
Tags: Restaurant, Italian
Google Maps: https://www.google.com/maps/search/?api=1&query=Osteria%20Ferrara%2C%20Paris%2C%20France
Website: http://www.osteriaferrara.com/
Booking: https://bookings.zenchef.com/results?rid=352382&fullscreen=1&mini=0&pid=mapstr&primaryColor=FFC222&type=web"
PIN-PAN,"79 Rue Taitbout, 75009 Paris, France",Paris,9e,,restaurant,,,4.8,68,48.876635,2.3353161,https://maps.google.com/?cid=5300444021418335154&g_mp=CiVnb29nbGUubWFwcy5wbGFjZXMudjEuUGxhY2VzLkdldFBsYWNlEAIYBCAA,https://pin-pan.site.bykomdab.com/,,"Type: Argentinian Restaurant
Arrondissement: 9e
Google: 4.8 (68 reviews)
Food types: restaurant
Tags: Pizza, Restaurant
Google Maps: https://maps.google.com/?cid=5300444021418335154&g_mp=CiVnb29nbGUubWFwcy5wbGFjZXMudjEuUGxhY2VzLkdldFBsYWNlEAIYBCAA
Website: https://pin-pan.site.bykomdab.com/"
"Palais Galliera, The City of Paris Fashion Museum",10 Avenue Pierre 1er de Serbie Paris France,Paris,,,museum,,,,,48.86566,2.29667,https://www.google.com/maps/search/?api=1&query=Palais%20Galliera%2C%20The%20City%20of%20Paris%20Fashion%20Museum%2C%20Paris%2C%20France,http://www.palaisgalliera.paris.fr/,,"Food types: museum
Tags: Museum
Google Maps: https://www.google.com/maps/search/?api=1&query=Palais%20Galliera%2C%20The%20City%20of%20Paris%20Fashion%20Museum%2C%20Paris%2C%20France
Website: http://www.palaisgalliera.paris.fr/"
Paperboy Paris,"137 Rue Amelot, 75011 Paris, France",Paris,11e,,"restaurant, brunch",,€€,4.4,1066,48.8646675,2.3665318,https://maps.google.com/?cid=1924118550996567914&g_mp=CiVnb29nbGUubWFwcy5wbGFjZXMudjEuUGxhY2VzLkdldFBsYWNlEAIYBCAA,http://www.facebook.com/PaperBoyParis,,"Type: Brunch Restaurant
Arrondissement: 11e
Price: €€
Google: 4.4 (1,066 reviews)
Food types: restaurant, brunch
Tags: Brunch
Google summary: Homemade sandwiches & unique brunch bites featured in a compact joint with outdoor seating.
Google Maps: https://maps.google.com/?cid=1924118550996567914&g_mp=CiVnb29nbGUubWFwcy5wbGFjZXMudjEuUGxhY2VzLkdldFBsYWNlEAIYBCAA
Website: http://www.facebook.com/PaperBoyParis"
Parcelles,"13 Rue Chapon, 75003 Paris, France",Paris,3e,,restaurant,,,4.5,477,48.8630868,2.3565614,https://maps.google.com/?cid=12086924999685936275&g_mp=CiVnb29nbGUubWFwcy5wbGFjZXMudjEuUGxhY2VzLkdldFBsYWNlEAIYBCAA,https://www.parcelles-paris.fr/,,"Type: French Restaurant
Arrondissement: 3e
Google: 4.5 (477 reviews)
Food types: restaurant
Tags: Restaurant
Google Maps: https://maps.google.com/?cid=12086924999685936275&g_mp=CiVnb29nbGUubWFwcy5wbGFjZXMudjEuUGxhY2VzLkdldFBsYWNlEAIYBCAA
Website: https://www.parcelles-paris.fr/"
Paris Hanoï,"74 Rue de Charonne, 75011 Paris, France",Paris,11e,,restaurant,,,,,48.8534502,2.3800439,https://www.google.com/maps/search/?api=1&query=Paris%20Hano%C3%AF%2C%20Paris%2C%20France,http://www.parishanoi.fr/,,"Arrondissement: 11e
Food types: restaurant
Tags: Vietnamiese, Restaurant
Google Maps: https://www.google.com/maps/search/?api=1&query=Paris%20Hano%C3%AF%2C%20Paris%2C%20France
Website: http://www.parishanoi.fr/"
Paris-Boca,"Rue Pierre Fontaine, Paris, France",Paris,,,restaurant,,,4.7,840,48.8826,2.3336,https://maps.google.com/?cid=15187808464290341344&g_mp=CiVnb29nbGUubWFwcy5wbGFjZXMudjEuUGxhY2VzLkdldFBsYWNlEAIYBCAA,https://parisboca.fr/,https://module.lafourchette.com/en_GB/module/709777-c63e5#/4555249/pdh,"Type: Pizza Restaurant
Google: 4.7 (840 reviews)
Food types: restaurant
Tags: Argentinian, Restaurant
Google summary: Compact, trendy restaurant offering pizzas & cocktails, plus a take-out option.
Google Maps: https://maps.google.com/?cid=15187808464290341344&g_mp=CiVnb29nbGUubWFwcy5wbGFjZXMudjEuUGxhY2VzLkdldFBsYWNlEAIYBCAA
Website: https://parisboca.fr/
Booking: https://module.lafourchette.com/en_GB/module/709777-c63e5#/4555249/pdh"
Parisik,37 Rue des Dames Paris 75017,Paris,17e,,restaurant,,,4.9,729,48.8841289,2.3234278,https://maps.google.com/?cid=12737533707296645573&g_mp=CiVnb29nbGUubWFwcy5wbGFjZXMudjEuUGxhY2VzLkdldFBsYWNlEAIYBCAA,http://www.baprepascoreen.com/,https://bookings.zenchef.com/results?rid=362479&fullscreen=1&mini=0&pid=mapstr&primaryColor=FFC222&type=web,"Type: Korean Restaurant
Arrondissement: 17e
Google: 4.9 (729 reviews)
Food types: restaurant
Tags: Korean, Restaurant
Google Maps: https://maps.google.com/?cid=12737533707296645573&g_mp=CiVnb29nbGUubWFwcy5wbGFjZXMudjEuUGxhY2VzLkdldFBsYWNlEAIYBCAA
Website: http://www.baprepascoreen.com/
Booking: https://bookings.zenchef.com/results?rid=362479&fullscreen=1&mini=0&pid=mapstr&primaryColor=FFC222&type=web"
Partage Café,"Rue Lecourbe, Paris, France",Paris,,,cafe,,,4.7,950,48.8441162109375,2.308266162872314,https://maps.google.com/?cid=4259627382707057014&g_mp=CiVnb29nbGUubWFwcy5wbGFjZXMudjEuUGxhY2VzLkdldFBsYWNlEAIYBCAA,https://partagecafe.business.site/?utm_source=gmb&utm_medium=referral,,"Type: Coffee Shop
Google: 4.7 (950 reviews)
Food types: cafe
Tags: Cafe
Google summary: Warm coffee shop highlighting weekend brunch, sandwiches & baked goods like scones & carrot cake.
Google Maps: https://maps.google.com/?cid=4259627382707057014&g_mp=CiVnb29nbGUubWFwcy5wbGFjZXMudjEuUGxhY2VzLkdldFBsYWNlEAIYBCAA
Website: https://partagecafe.business.site/?utm_source=gmb&utm_medium=referral"
Partisan Café Artisanal,"36 Rue de Turbigo, 75003 Paris, Frankrijk",Paris,3e,,cafe,,€€,4.3,1790,48.86464710000001,2.3530946,https://maps.google.com/?cid=3403590225789894853&g_mp=CiVnb29nbGUubWFwcy5wbGFjZXMudjEuUGxhY2VzLkdldFBsYWNlEAIYBCAA,http://www.parispartisancafe.com,,"Type: Coffee Shop
Arrondissement: 3e
Price: €€
Google: 4.3 (1,790 reviews)
Food types: cafe
Tags: Cafe
Google Maps: https://maps.google.com/?cid=3403590225789894853&g_mp=CiVnb29nbGUubWFwcy5wbGFjZXMudjEuUGxhY2VzLkdldFBsYWNlEAIYBCAA
Website: http://www.parispartisancafe.com"
Passage 53,"53 Passage des Panoramas, 75002 Paris, France",Paris,2e,,restaurant,,,,,48.87117199999999,2.341695,https://www.google.com/maps/search/?api=1&query=Passage%2053%2C%20Paris%2C%20France,http://www.latabledu53.com/,,"Arrondissement: 2e
Food types: restaurant
Tags: Frenchie, Restaurant, Gastro / higher end
Google Maps: https://www.google.com/maps/search/?api=1&query=Passage%2053%2C%20Paris%2C%20France
Website: http://www.latabledu53.com/"
Passerina,"44 Rue Traversière, 75012 Paris, France",Paris,12e,,generic,,,4.6,65,48.84932,2.37496,https://maps.google.com/?cid=12709504156637279207&g_mp=CiVnb29nbGUubWFwcy5wbGFjZXMudjEuUGxhY2VzLkdldFBsYWNlEAIYBCAA,,,"Type: Restaurant
Arrondissement: 12e
Google: 4.6 (65 reviews)
Food types: generic
Tags: Wine bar, Restaurant
Google Maps: https://maps.google.com/?cid=12709504156637279207&g_mp=CiVnb29nbGUubWFwcy5wbGFjZXMudjEuUGxhY2VzLkdldFBsYWNlEAIYBCAA"
Passerini,"65 Rue Traversière, 75012 Paris, France",Paris,12e,,restaurant,,,,,48.8494184,2.3748206,https://www.google.com/maps/search/?api=1&query=Passerini%2C%20Paris%2C%20France,http://passerini.paris/,https://bookings.zenchef.com/results?rid=352551&fullscreen=1&mini=0&pid=mapstr&primaryColor=FFC222&type=web,"Arrondissement: 12e
Food types: restaurant
Tags: Restaurant, Trendy, Italian
Google Maps: https://www.google.com/maps/search/?api=1&query=Passerini%2C%20Paris%2C%20France
Website: http://passerini.paris/
Booking: https://bookings.zenchef.com/results?rid=352551&fullscreen=1&mini=0&pid=mapstr&primaryColor=FFC222&type=web"
Patine Bistrot,"16 Rue la Vacquerie, 75011 Paris, France",Paris,11e,,restaurant,,,4.9,109,48.8583587,2.3849892,https://maps.google.com/?cid=4321861797129807666&g_mp=CiVnb29nbGUubWFwcy5wbGFjZXMudjEuUGxhY2VzLkdldFBsYWNlEAIYBCAA,https://www.patine-bistrot.fr/,,"Type: French Restaurant
Arrondissement: 11e
Google: 4.9 (109 reviews)
Food types: restaurant
Tags: ❤️, Frenchie, Restaurant
Google Maps: https://maps.google.com/?cid=4321861797129807666&g_mp=CiVnb29nbGUubWFwcy5wbGFjZXMudjEuUGxhY2VzLkdldFBsYWNlEAIYBCAA
Website: https://www.patine-bistrot.fr/"
Patsy,"26 Rue Bergère, 75009 Paris, France",Paris,9e,,restaurant,,,4.9,161,48.8725168,2.3446353,https://maps.google.com/?cid=13453863671297659258&g_mp=CiVnb29nbGUubWFwcy5wbGFjZXMudjEuUGxhY2VzLkdldFBsYWNlEAIYBCAA,https://restaurant-patsy.com/,,"Type: Restaurant
Arrondissement: 9e
Google: 4.9 (161 reviews)
Food types: restaurant
Tags: ❤️, Bistrot, Trendy, Restaurant
Google Maps: https://maps.google.com/?cid=13453863671297659258&g_mp=CiVnb29nbGUubWFwcy5wbGFjZXMudjEuUGxhY2VzLkdldFBsYWNlEAIYBCAA
Website: https://restaurant-patsy.com/"
Paul Chêne,"123 Rue Lauriston, 75116 Paris, France",Paris,16e,,restaurant,,€€,4.5,674,48.8657376,2.285838,https://maps.google.com/?cid=16760174407518908822&g_mp=CiVnb29nbGUubWFwcy5wbGFjZXMudjEuUGxhY2VzLkdldFBsYWNlEAIYBCAA,http://www.paulchene.com/,https://bookings.zenchef.com/results?rid=360248&fullscreen=1&mini=0&pid=mapstr&primaryColor=FFC222&type=web,"Type: French Restaurant
Arrondissement: 16e
Price: €€
Google: 4.5 (674 reviews)
Food types: restaurant
Tags: Frenchie, Restaurant, Bistrot
Google summary: Bistro classics with a modern twist, plus cognac & fine wines, at a neighborhood institution.
Google Maps: https://maps.google.com/?cid=16760174407518908822&g_mp=CiVnb29nbGUubWFwcy5wbGFjZXMudjEuUGxhY2VzLkdldFBsYWNlEAIYBCAA
Website: http://www.paulchene.com/
Booking: https://bookings.zenchef.com/results?rid=360248&fullscreen=1&mini=0&pid=mapstr&primaryColor=FFC222&type=web"
Paul Chêne Cherche Midi,"79 Rue du Cherche-Midi, 75006 Paris, France",Paris,6e,,restaurant,,€€,4.4,162,48.84772880000001,2.323308,https://maps.google.com/?cid=5627152388365986600&g_mp=CiVnb29nbGUubWFwcy5wbGFjZXMudjEuUGxhY2VzLkdldFBsYWNlEAIYBCAA,http://paulchene-cherchemidi.fr/,https://bookings.zenchef.com/results?rid=361192&fullscreen=1&mini=0&pid=mapstr&primaryColor=FFC222&type=web,"Type: French Restaurant
Arrondissement: 6e
Price: €€
Google: 4.4 (162 reviews)
Food types: restaurant
Tags: Restaurant, Bistrot
Google Maps: https://maps.google.com/?cid=5627152388365986600&g_mp=CiVnb29nbGUubWFwcy5wbGFjZXMudjEuUGxhY2VzLkdldFBsYWNlEAIYBCAA
Website: http://paulchene-cherchemidi.fr/
Booking: https://bookings.zenchef.com/results?rid=361192&fullscreen=1&mini=0&pid=mapstr&primaryColor=FFC222&type=web"
Peco Peco,"47 Rue Jean-Baptiste Pigalle, 75009 Paris, France",Paris,9e,,restaurant,,,,,48.880232,2.334629,https://www.google.com/maps/search/?api=1&query=Peco%20Peco%2C%20Paris%2C%20France,http://www.pecopeco.fr/,https://bookings.zenchef.com/results?rid=349322&fullscreen=1&mini=0&pid=mapstr&primaryColor=FFC222&type=web,"Arrondissement: 9e
Food types: restaurant
Tags: Japanese, Restaurant
Google Maps: https://www.google.com/maps/search/?api=1&query=Peco%20Peco%2C%20Paris%2C%20France
Website: http://www.pecopeco.fr/
Booking: https://bookings.zenchef.com/results?rid=349322&fullscreen=1&mini=0&pid=mapstr&primaryColor=FFC222&type=web"
Pedzouille L'étable,"66 Rue du Faubourg Poissonnière, 75010 Paris, France",Paris,10e,,restaurant,,,,,48.87613,2.3485288,https://www.google.com/maps/search/?api=1&query=Pedzouille%20L'%C3%A9table%2C%20Paris%2C%20France,http://www.pedzouille.fr/,https://bookings.zenchef.com/results?rid=356311&fullscreen=1&mini=0&pid=mapstr&primaryColor=FFC222&type=web,"Arrondissement: 10e
Food types: restaurant
Tags: Frenchie, Restaurant, Meat
Google Maps: https://www.google.com/maps/search/?api=1&query=Pedzouille%20L'%C3%A9table%2C%20Paris%2C%20France
Website: http://www.pedzouille.fr/
Booking: https://bookings.zenchef.com/results?rid=356311&fullscreen=1&mini=0&pid=mapstr&primaryColor=FFC222&type=web"
Pepite Cookie - Paris 4 - Temple,"13 Rue du Temple, 75004 Paris, France",Paris,4e,,cafe,,,4.8,211,48.8625974,2.3576336,https://maps.google.com/?cid=13468965098567512193&g_mp=CiVnb29nbGUubWFwcy5wbGFjZXMudjEuUGxhY2VzLkdldFBsYWNlEAIYBCAA,https://pepite-cookie.fr/,,"Type: Bakery
Arrondissement: 4e
Google: 4.8 (211 reviews)
Food types: cafe
Tags: Bakery
Google Maps: https://maps.google.com/?cid=13468965098567512193&g_mp=CiVnb29nbGUubWFwcy5wbGFjZXMudjEuUGxhY2VzLkdldFBsYWNlEAIYBCAA
Website: https://pepite-cookie.fr/"
Persil et Mimosa,"Passage de la Bonne Graine, 75011 Paris, France",Paris,11e,,cafe,,,,,48.85197220000001,2.3770407,https://www.google.com/maps/search/?api=1&query=Persil%20et%20Mimosa%2C%20Paris%2C%20France,,,"Arrondissement: 11e
Food types: cafe
Tags: Healthy
Google Maps: https://www.google.com/maps/search/?api=1&query=Persil%20et%20Mimosa%2C%20Paris%2C%20France"
Petit Prince,"18 Rue des Quatre Vents, 75006 Paris, France",Paris,6e,,generic,,,,,48.8518507,2.3375909,https://www.google.com/maps/search/?api=1&query=Petit%20Prince%2C%20Paris%2C%20France,,https://thefork.fr/restaurant/chez-prince-le-restaurant-r814277/?cc=24751-923,"Arrondissement: 6e
Food types: generic
Tags: Dancing
Google Maps: https://www.google.com/maps/search/?api=1&query=Petit%20Prince%2C%20Paris%2C%20France
Booking: https://thefork.fr/restaurant/chez-prince-le-restaurant-r814277/?cc=24751-923"
Pierro par Pierre Gagnaire,"44 Rue du Bac, 75007 Paris, France",Paris,7e,,restaurant,,,4.4,263,48.8566934,2.3267091,https://maps.google.com/?cid=4430642939950905436&g_mp=CiVnb29nbGUubWFwcy5wbGFjZXMudjEuUGxhY2VzLkdldFBsYWNlEAIYBCAA,https://www.pierregagnaire.com/restaurants/piero-paris,https://thefork.fr/restaurant/piero-tt-r658801/?cc=24751-923,"Type: Restaurant
Arrondissement: 7e
Google: 4.4 (263 reviews)
Food types: restaurant
Tags: Italian, Restaurant
Google summary: Warm, upscale bistro with marble tables featuring northern Italian cuisine by an acclaimed chef.
Google Maps: https://maps.google.com/?cid=4430642939950905436&g_mp=CiVnb29nbGUubWFwcy5wbGFjZXMudjEuUGxhY2VzLkdldFBsYWNlEAIYBCAA
Website: https://www.pierregagnaire.com/restaurants/piero-paris
Booking: https://thefork.fr/restaurant/piero-tt-r658801/?cc=24751-923"
Pink Koï,"8 Rue Coquillière, 75001 Paris, France",Paris,1er,,restaurant,,,4.5,2212,48.86360168457031,2.343659639358521,https://maps.google.com/?cid=17657903252065710465&g_mp=CiVnb29nbGUubWFwcy5wbGFjZXMudjEuUGxhY2VzLkdldFBsYWNlEAIYBCAA,http://pinkkoi.fr/,https://thefork.fr/restaurant/pink-koi-r835089/?cc=24751-923,"Type: Japanese Restaurant
Arrondissement: 1er
Google: 4.5 (2,212 reviews)
Food types: restaurant
Tags: Restaurant, Japanese
Google Maps: https://maps.google.com/?cid=17657903252065710465&g_mp=CiVnb29nbGUubWFwcy5wbGFjZXMudjEuUGxhY2VzLkdldFBsYWNlEAIYBCAA
Website: http://pinkkoi.fr/
Booking: https://thefork.fr/restaurant/pink-koi-r835089/?cc=24751-923"
Point Éphémère - Brunch Vinyles,"200 Quai de Valmy, 75010 Paris, France",Paris,10e,,"restaurant, brunch",,,,,48.8814422,2.3684356,https://www.google.com/maps/search/?api=1&query=Point%20%C3%89ph%C3%A9m%C3%A8re%20-%20Brunch%20Vinyles%2C%20Paris%2C%20France,https://pointephemere.org/,https://bookings.zenchef.com/results?rid=354115&fullscreen=1&mini=0&pid=mapstr&primaryColor=FFC222&type=web,"Arrondissement: 10e
Food types: restaurant, brunch
Tags: Brunch, Dancing
Google Maps: https://www.google.com/maps/search/?api=1&query=Point%20%C3%89ph%C3%A9m%C3%A8re%20-%20Brunch%20Vinyles%2C%20Paris%2C%20France
Website: https://pointephemere.org/
Booking: https://bookings.zenchef.com/results?rid=354115&fullscreen=1&mini=0&pid=mapstr&primaryColor=FFC222&type=web"
Poissonnerie EBISU,"30 34 Rue du Chemin Vert, 75011 Paris, France",Paris,11e,,shopping,,,4.5,246,48.85836159999999,2.3727833,https://maps.google.com/?cid=4553510804648077163&g_mp=CiVnb29nbGUubWFwcy5wbGFjZXMudjEuUGxhY2VzLkdldFBsYWNlEAIYBCAA,https://www.facebook.com/poissonnerie.ebisu.9?ref=bookmarks,,"Type: Food Store
Arrondissement: 11e
Google: 4.5 (246 reviews)
Food types: shopping
Tags: Japanese, Fish, Restaurant
Google Maps: https://maps.google.com/?cid=4553510804648077163&g_mp=CiVnb29nbGUubWFwcy5wbGFjZXMudjEuUGxhY2VzLkdldFBsYWNlEAIYBCAA
Website: https://www.facebook.com/poissonnerie.ebisu.9?ref=bookmarks"
Popine Ménilmontant,"108 Bd de Ménilmontant, 75020 Paris, France",Paris,20e,,restaurant,,€€,4.3,1642,48.8654385,2.3849919,https://maps.google.com/?cid=8916270957093783891&g_mp=CiVnb29nbGUubWFwcy5wbGFjZXMudjEuUGxhY2VzLkdldFBsYWNlEAIYBCAA,http://popine-paris.fr/,,"Type: Pizza Restaurant
Arrondissement: 20e
Price: €€
Google: 4.3 (1,642 reviews)
Food types: restaurant
Tags: Restaurant, Pizza, Italian
Google summary: Classic & creative Neapolitan pizzas, with vegetarian options, in a chic space with sidewalk tables.
Google Maps: https://maps.google.com/?cid=8916270957093783891&g_mp=CiVnb29nbGUubWFwcy5wbGFjZXMudjEuUGxhY2VzLkdldFBsYWNlEAIYBCAA
Website: http://popine-paris.fr/"
Porte 12,"12 Rue des Messageries, 75010 Paris, France",Paris,10e,,restaurant,,,,,48.8764397,2.3497817,https://www.google.com/maps/search/?api=1&query=Porte%2012%2C%20Paris%2C%20France,http://www.porte12.com/,,"Arrondissement: 10e
Food types: restaurant
Tags: Restaurant, Gastro / higher end, Trendy
Google Maps: https://www.google.com/maps/search/?api=1&query=Porte%2012%2C%20Paris%2C%20France
Website: http://www.porte12.com/"
Pottoka,"4 Rue de l'Exposition, 75007 Paris, France",Paris,7e,,restaurant,,,,,48.8581265,2.302567799999999,https://www.google.com/maps/search/?api=1&query=Pottoka%2C%20Paris%2C%20France,http://www.pottoka.fr/,https://pottoka.fr/carte-pottoka/Menu-pottoka-fr.pdf,"Arrondissement: 7e
Food types: restaurant
Tags: Frenchie, Restaurant
Google Maps: https://www.google.com/maps/search/?api=1&query=Pottoka%2C%20Paris%2C%20France
Website: http://www.pottoka.fr/
Booking: https://pottoka.fr/carte-pottoka/Menu-pottoka-fr.pdf"
Pouliche - Amandine Chaignot,"11 Rue d'Enghien, 75010 Paris, France",Paris,10e,,restaurant,,€€€,4.6,2726,48.8719347,2.3513538,https://maps.google.com/?cid=14974205681606584309&g_mp=CiVnb29nbGUubWFwcy5wbGFjZXMudjEuUGxhY2VzLkdldFBsYWNlEAIYBCAA,https://poulicheparis.com/,https://bookings.zenchef.com/results?rid=353381&prescriber_id=20117&prescriber_name=MAPSTR&pid=mapstr,"Type: French Restaurant
Arrondissement: 10e
Price: €€€
Google: 4.6 (2,726 reviews)
Food types: restaurant
Tags: Restaurant, Healthy, Vegetarian
Google summary: A thoughtfully sourced fixed-price menu is served with cocktails & wine at this chic, artful bistro.
Google Maps: https://maps.google.com/?cid=14974205681606584309&g_mp=CiVnb29nbGUubWFwcy5wbGFjZXMudjEuUGxhY2VzLkdldFBsYWNlEAIYBCAA
Website: https://poulicheparis.com/
Booking: https://bookings.zenchef.com/results?rid=353381&prescriber_id=20117&prescriber_name=MAPSTR&pid=mapstr"
Pâtisserie GINKO,"33 Rue des Alouettes, Paris 75019",Paris,19e,,restaurant,,,4.8,410,48.8783258,2.3854085,https://maps.google.com/?cid=13149614527154989994&g_mp=CiVnb29nbGUubWFwcy5wbGFjZXMudjEuUGxhY2VzLkdldFBsYWNlEAIYBCAA,http://patisserieginko.com/,https://patisserieginko.com/click-collect/,"Type: Pastry Shop
Arrondissement: 19e
Google: 4.8 (410 reviews)
Food types: restaurant
Tags: Bakery
Google Maps: https://maps.google.com/?cid=13149614527154989994&g_mp=CiVnb29nbGUubWFwcy5wbGFjZXMudjEuUGxhY2VzLkdldFBsYWNlEAIYBCAA
Website: http://patisserieginko.com/
Booking: https://patisserieginko.com/click-collect/"
Pâtisserie Viennoise,"8 Rue de l'École de Médecine, 75006 Paris, France",Paris,6e,,"bakery, pastry-shop, generic",,€,4.2,607,48.8508415,2.3414616,https://maps.google.com/?cid=7160967139526024869&g_mp=CiVnb29nbGUubWFwcy5wbGFjZXMudjEuUGxhY2VzLkdldFBsYWNlEAIYBCAA,www.patisserieviennoise.co.uk,,"Type: Pastry Shop
Arrondissement: 6e
Price: €
Google: 4.2 (607 reviews)
Food types: bakery, pastry-shop, generic
Tags: bootstrap, pastry, Cafe, Bakery
Google Maps: https://maps.google.com/?cid=7160967139526024869&g_mp=CiVnb29nbGUubWFwcy5wbGFjZXMudjEuUGxhY2VzLkdldFBsYWNlEAIYBCAA
Website: www.patisserieviennoise.co.uk"
Pâtisserie Viennoise,"8 Rue de l&#39;École de Médecine, 75006 Paris, France",Paris,,,,,,,,,,https://www.google.com/maps/search/?api=1&query=P%C3%A2tisserie%20Viennoise%2C%20Paris%2C%20France,,,Google Maps: https://www.google.com/maps/search/?api=1&query=P%C3%A2tisserie%20Viennoise%2C%20Paris%2C%20France
Quartier Latin - Restaurant Pizzeria,"1 Rue Mouffetard, Paris 75005",Paris,5e,,restaurant,,€€,4.8,1931,48.8421919,2.3497802,https://maps.google.com/?cid=615285628419235429&g_mp=CiVnb29nbGUubWFwcy5wbGFjZXMudjEuUGxhY2VzLkdldFBsYWNlEAIYBCAA,https://www.restaurant-quartierlatin.fr/,https://thefork.fr/restaurant/le-quartier-latin-r736047/?cc=24751-923,"Type: Pizza Restaurant
Arrondissement: 5e
Price: €€
Google: 4.8 (1,931 reviews)
Food types: restaurant
Tags: Pizza, Restaurant
Google Maps: https://maps.google.com/?cid=615285628419235429&g_mp=CiVnb29nbGUubWFwcy5wbGFjZXMudjEuUGxhY2VzLkdldFBsYWNlEAIYBCAA
Website: https://www.restaurant-quartierlatin.fr/
Booking: https://thefork.fr/restaurant/le-quartier-latin-r736047/?cc=24751-923"
Quelque Part... La Matière - Boutique Pâtisserie Paris,"48 Rue du Faubourg Montmartre, 75009 Paris, France",Paris,9e,,"generic, brunch",,,4.5,175,48.8745251,2.3417187,https://maps.google.com/?cid=100139549620925402&g_mp=CiVnb29nbGUubWFwcy5wbGFjZXMudjEuUGxhY2VzLkdldFBsYWNlEAIYBCAA,https://lamatiere.quelquepart.net/,https://bookings.zenchef.com/results?rid=367765&fullscreen=1&mini=0&pid=mapstr&primaryColor=FFC222&type=web,"Type: Pastry Shop
Arrondissement: 9e
Google: 4.5 (175 reviews)
Food types: generic, brunch
Tags: Bakery, Brunch
Google Maps: https://maps.google.com/?cid=100139549620925402&g_mp=CiVnb29nbGUubWFwcy5wbGFjZXMudjEuUGxhY2VzLkdldFBsYWNlEAIYBCAA
Website: https://lamatiere.quelquepart.net/
Booking: https://bookings.zenchef.com/results?rid=367765&fullscreen=1&mini=0&pid=mapstr&primaryColor=FFC222&type=web"
Quinsou,"33 Rue de l'Abbé Grégoire, 75006 Paris, France",Paris,6e,,restaurant,,€€€€,4.4,412,48.8476946,2.3254803,https://maps.google.com/?cid=17673559145921728318&g_mp=CiVnb29nbGUubWFwcy5wbGFjZXMudjEuUGxhY2VzLkdldFBsYWNlEAIYBCAA,https://quinsou.business.site/,https://thefork.fr/restaurant/quinsou-r824305/?cc=24751-923,"Type: Fine Dining Restaurant
Arrondissement: 6e
Price: €€€€
Google: 4.4 (412 reviews)
Food types: restaurant
Tags: Frenchie, Restaurant, Gastro / higher end
Google summary: Innovative, artfully presented French-inspired dishes with wine pairings in a stylish setting.
Google Maps: https://maps.google.com/?cid=17673559145921728318&g_mp=CiVnb29nbGUubWFwcy5wbGFjZXMudjEuUGxhY2VzLkdldFBsYWNlEAIYBCAA
Website: https://quinsou.business.site/
Booking: https://thefork.fr/restaurant/quinsou-r824305/?cc=24751-923"
REYNA,"41 Rue de Montreuil, 75011 Paris, France",Paris,11e,,restaurant,,,4.6,761,48.85049790000001,2.3879234,https://maps.google.com/?cid=674115589850623613&g_mp=CiVnb29nbGUubWFwcy5wbGFjZXMudjEuUGxhY2VzLkdldFBsYWNlEAIYBCAA,https://www.reyna.paris/,https://bookings.zenchef.com/results?rid=357947&fullscreen=1&mini=0&pid=mapstr&primaryColor=FFC222&type=web,"Type: Asian Fusion Restaurant
Arrondissement: 11e
Google: 4.6 (761 reviews)
Food types: restaurant
Tags: Restaurant, Korean
Google Maps: https://maps.google.com/?cid=674115589850623613&g_mp=CiVnb29nbGUubWFwcy5wbGFjZXMudjEuUGxhY2VzLkdldFBsYWNlEAIYBCAA
Website: https://www.reyna.paris/
Booking: https://bookings.zenchef.com/results?rid=357947&fullscreen=1&mini=0&pid=mapstr&primaryColor=FFC222&type=web"
Racines,"8 Passage des Panoramas, 75002 Paris, France",Paris,2e,,restaurant,,,,,48.87125160000001,2.3418543,https://www.google.com/maps/search/?api=1&query=Racines%2C%20Paris%2C%20France,http://www.racinesparis.com/,https://racines.superbexperience.com/reserve/experience,"Arrondissement: 2e
Food types: restaurant
Tags: Frenchie, Restaurant, ❤️, Trendy
Google Maps: https://www.google.com/maps/search/?api=1&query=Racines%2C%20Paris%2C%20France
Website: http://www.racinesparis.com/
Booking: https://racines.superbexperience.com/reserve/experience"
Racines Des Prés,"1 Rue de Gribeauval, 75007 Paris, France",Paris,7e,,restaurant,,€€,4.6,405,48.8561191,2.3270644,https://maps.google.com/?cid=12221058701971630718&g_mp=CiVnb29nbGUubWFwcy5wbGFjZXMudjEuUGxhY2VzLkdldFBsYWNlEAIYBCAA,http://www.racinesdespres.com/,https://bookings.zenchef.com/results?rid=353535&fullscreen=1&mini=0&pid=mapstr&primaryColor=FFC222&type=web,"Type: Restaurant
Arrondissement: 7e
Price: €€
Google: 4.6 (405 reviews)
Food types: restaurant
Tags: Restaurant, Bistrot
Google summary: Contemporary outfit with an open kitchen serving creatively presented seasonal cuisine.
Google Maps: https://maps.google.com/?cid=12221058701971630718&g_mp=CiVnb29nbGUubWFwcy5wbGFjZXMudjEuUGxhY2VzLkdldFBsYWNlEAIYBCAA
Website: http://www.racinesdespres.com/
Booking: https://bookings.zenchef.com/results?rid=353535&fullscreen=1&mini=0&pid=mapstr&primaryColor=FFC222&type=web"
Rap épicerie,"4 Rue Flechier, 75009 Paris, France",Paris,9e,,shopping,,,,,48.8765783,2.339409,https://www.google.com/maps/search/?api=1&query=Rap%20%C3%A9picerie%2C%20Paris%2C%20France,http://www.rapparis.fr/,,"Arrondissement: 9e
Food types: shopping
Tags: Italian
Google Maps: https://www.google.com/maps/search/?api=1&query=Rap%20%C3%A9picerie%2C%20Paris%2C%20France
Website: http://www.rapparis.fr/"
Red Sauce - Restaurant italo-américain,"9 Cour des Petites Écuries, 75010 Paris",Paris,10e,,restaurant,,,4.8,5434,48.8726255,2.3523166,https://maps.google.com/?cid=2810451158092003016&g_mp=CiVnb29nbGUubWFwcy5wbGFjZXMudjEuUGxhY2VzLkdldFBsYWNlEAIYBCAA,https://www.redsauce.fr/,https://bookings.zenchef.com/results?rid=376055&fullscreen=1&mini=0&pid=mapstr&primaryColor=FFC222&type=web,"Type: Italian Restaurant
Arrondissement: 10e
Google: 4.8 (5,434 reviews)
Food types: restaurant
Tags: ❤️, Restaurant
Google Maps: https://maps.google.com/?cid=2810451158092003016&g_mp=CiVnb29nbGUubWFwcy5wbGFjZXMudjEuUGxhY2VzLkdldFBsYWNlEAIYBCAA
Website: https://www.redsauce.fr/
Booking: https://bookings.zenchef.com/results?rid=376055&fullscreen=1&mini=0&pid=mapstr&primaryColor=FFC222&type=web"
Reformation Pilates Saint Sulpice,"Rue Bonaparte, Paris, France",Paris,,,generic,,,,,48.8534754,2.3333599,https://www.google.com/maps/search/?api=1&query=Reformation%20Pilates%20Saint%20Sulpice%2C%20Paris%2C%20France,https://www.booking.com/hotel/fr/vieux-colombier.html?aid=1484057,,"Food types: generic
Tags: Sport
Google Maps: https://www.google.com/maps/search/?api=1&query=Reformation%20Pilates%20Saint%20Sulpice%2C%20Paris%2C%20France
Website: https://www.booking.com/hotel/fr/vieux-colombier.html?aid=1484057"
Restaurant A.T,"4bis Rue du Cardinal Lemoine, 75005 Paris, France",Paris,5e,,restaurant,,€€€€,4.7,597,48.84967229999999,2.3544485,https://maps.google.com/?cid=1886289038401998335&g_mp=CiVnb29nbGUubWFwcy5wbGFjZXMudjEuUGxhY2VzLkdldFBsYWNlEAIYBCAA,http://www.atsushitanaka.com/,,"Type: Fine Dining Restaurant
Arrondissement: 5e
Price: €€€€
Google: 4.7 (597 reviews)
Food types: restaurant
Tags: Restaurant, Gastro / higher end
Google summary: Minimalist space for strikingly presented set menus of contemporary Japanese-inspired dishes.
Google Maps: https://maps.google.com/?cid=1886289038401998335&g_mp=CiVnb29nbGUubWFwcy5wbGFjZXMudjEuUGxhY2VzLkdldFBsYWNlEAIYBCAA
Website: http://www.atsushitanaka.com/"
Restaurant Alan Geaam,"19 Rue Lauriston, 75016 Paris, France",Paris,16e,,restaurant,,€€€€,4.8,1120,48.8714325,2.2924576,https://maps.google.com/?cid=13333900603047881157&g_mp=CiVnb29nbGUubWFwcy5wbGFjZXMudjEuUGxhY2VzLkdldFBsYWNlEAIYBCAA,http://www.alangeaam.fr/,https://bookings.zenchef.com/results?rid=374696&fullscreen=1&mini=0&pid=mapstr&primaryColor=FFC222&type=web,"Type: Fine Dining Restaurant
Arrondissement: 16e
Price: €€€€
Google: 4.8 (1,120 reviews)
Food types: restaurant
Tags: Gastro / higher end, Libanese
Google summary: Imaginative, Lebanese-inflected French cuisine, plus wine pairings, in a sleek, understated space.
Google Maps: https://maps.google.com/?cid=13333900603047881157&g_mp=CiVnb29nbGUubWFwcy5wbGFjZXMudjEuUGxhY2VzLkdldFBsYWNlEAIYBCAA
Website: http://www.alangeaam.fr/
Booking: https://bookings.zenchef.com/results?rid=374696&fullscreen=1&mini=0&pid=mapstr&primaryColor=FFC222&type=web"
Restaurant Au Passage,"1 bis Pass. Saint-Sébastien, 75011 Paris, France",Paris,11e,,restaurant,,,,,48.86164369999999,2.368923,https://www.google.com/maps/search/?api=1&query=Restaurant%20Au%20Passage%2C%20Paris%2C%20France,http://www.restaurant-aupassage.fr/,https://www.restaurant-aupassage.fr,"Arrondissement: 11e
Food types: restaurant
Tags: Restaurant
Google Maps: https://www.google.com/maps/search/?api=1&query=Restaurant%20Au%20Passage%2C%20Paris%2C%20France
Website: http://www.restaurant-aupassage.fr/
Booking: https://www.restaurant-aupassage.fr"
Restaurant Biche,"129 Rue du Faubourg Saint-Honoré, 75008 Paris, France",Paris,8e,,restaurant,,,4.6,2226,48.87335,2.30925,https://maps.google.com/?cid=7871108702379607073&g_mp=CiVnb29nbGUubWFwcy5wbGFjZXMudjEuUGxhY2VzLkdldFBsYWNlEAIYBCAA,https://www.biche-restaurant.com/,,"Type: French Restaurant
Arrondissement: 8e
Google: 4.6 (2,226 reviews)
Food types: restaurant
Tags: Restaurant
Google Maps: https://maps.google.com/?cid=7871108702379607073&g_mp=CiVnb29nbGUubWFwcy5wbGFjZXMudjEuUGxhY2VzLkdldFBsYWNlEAIYBCAA
Website: https://www.biche-restaurant.com/"
Restaurant Caillebotte,"8 Rue Hippolyte Lebas, 75009 Paris, France",Paris,9e,,restaurant,,,,,48.8771649,2.3407727,https://www.google.com/maps/search/?api=1&query=Restaurant%20Caillebotte%2C%20Paris%2C%20France,http://www.lepantruche.fr/,https://bookings.zenchef.com/results?rid=348234&fullscreen=1&mini=0&pid=mapstr&primaryColor=FFC222&type=web,"Arrondissement: 9e
Food types: restaurant
Tags: Healthy
Google Maps: https://www.google.com/maps/search/?api=1&query=Restaurant%20Caillebotte%2C%20Paris%2C%20France
Website: http://www.lepantruche.fr/
Booking: https://bookings.zenchef.com/results?rid=348234&fullscreen=1&mini=0&pid=mapstr&primaryColor=FFC222&type=web"
Restaurant Cèna,"23 Rue Treilhard, 75008 Paris, France",Paris,8e,,restaurant,,,4.5,142,48.87671630000001,2.3131153,https://maps.google.com/?cid=13320545348417439297&g_mp=CiVnb29nbGUubWFwcy5wbGFjZXMudjEuUGxhY2VzLkdldFBsYWNlEAIYBCAA,https://www.cena.restaurant/,https://thefork.fr/restaurant/cena-r848950/?cc=24751-923,"Type: French Restaurant
Arrondissement: 8e
Google: 4.5 (142 reviews)
Food types: restaurant
Tags: Gastro / higher end, Restaurant
Google Maps: https://maps.google.com/?cid=13320545348417439297&g_mp=CiVnb29nbGUubWFwcy5wbGFjZXMudjEuUGxhY2VzLkdldFBsYWNlEAIYBCAA
Website: https://www.cena.restaurant/
Booking: https://thefork.fr/restaurant/cena-r848950/?cc=24751-923"
Restaurant David Toutain,"29 Rue Surcouf, 75007 Paris, France",Paris,7e,,restaurant,,€€€,4.6,859,48.8602571,2.3097285,https://maps.google.com/?cid=5280236061836376229&g_mp=CiVnb29nbGUubWFwcy5wbGFjZXMudjEuUGxhY2VzLkdldFBsYWNlEAIYBCAA,https://www.davidtoutain.com/,https://thefork.fr/restaurant/david-toutain-r33479/?cc=24751-923,"Type: Fine Dining Restaurant
Arrondissement: 7e
Price: €€€
Google: 4.6 (859 reviews)
Food types: restaurant
Tags: Restaurant, Gastro / higher end
Google summary: Tasting menus of daring modern cuisine, plus wine pairing, in a minimalist, oak-paneled space.
Google Maps: https://maps.google.com/?cid=5280236061836376229&g_mp=CiVnb29nbGUubWFwcy5wbGFjZXMudjEuUGxhY2VzLkdldFBsYWNlEAIYBCAA
Website: https://www.davidtoutain.com/
Booking: https://thefork.fr/restaurant/david-toutain-r33479/?cc=24751-923"
Restaurant Drouant,"16-18 Place Gaillon, Paris 75002",Paris,2e,,restaurant,,€€€,4.2,1334,48.8686426,2.3344382,https://maps.google.com/?cid=8674680426340803033&g_mp=CiVnb29nbGUubWFwcy5wbGFjZXMudjEuUGxhY2VzLkdldFBsYWNlEAIYBCAA,http://www.drouant.com/,https://thefork.fr/restaurant/drouant-r569553/?cc=24751-923,"Type: French Restaurant
Arrondissement: 2e
Price: €€€
Google: 4.2 (1,334 reviews)
Food types: restaurant
Tags: Bistrot, Gastro / higher end, Restaurant
Google summary: Art Deco French restaurant with famed staircase & lounges, for classic food with modern influences.
Google Maps: https://maps.google.com/?cid=8674680426340803033&g_mp=CiVnb29nbGUubWFwcy5wbGFjZXMudjEuUGxhY2VzLkdldFBsYWNlEAIYBCAA
Website: http://www.drouant.com/
Booking: https://thefork.fr/restaurant/drouant-r569553/?cc=24751-923"
Restaurant Kei,"5 Rue Coq Héron, 75001 Paris, France",Paris,1er,,restaurant,,€€€€,4.7,1227,48.8643574,2.3420781,https://maps.google.com/?cid=9257759260887336002&g_mp=CiVnb29nbGUubWFwcy5wbGFjZXMudjEuUGxhY2VzLkdldFBsYWNlEAIYBCAA,http://www.restaurant-kei.fr/,https://bookings.zenchef.com/results?rid=365417&fullscreen=1&mini=0&pid=mapstr&primaryColor=FFC222&type=web,"Type: French Restaurant
Arrondissement: 1er
Price: €€€€
Google: 4.7 (1,227 reviews)
Food types: restaurant
Tags: Restaurant, Gastro / higher end
Google summary: High-end venue for Japanese/French fusion, with an artfully presented tasting menu & European wines.
Google Maps: https://maps.google.com/?cid=9257759260887336002&g_mp=CiVnb29nbGUubWFwcy5wbGFjZXMudjEuUGxhY2VzLkdldFBsYWNlEAIYBCAA
Website: http://www.restaurant-kei.fr/
Booking: https://bookings.zenchef.com/results?rid=365417&fullscreen=1&mini=0&pid=mapstr&primaryColor=FFC222&type=web"
Restaurant Kunitoraya,"1 Rue Villédo, 75001 Paris, France",Paris,1er,,restaurant,,€€,4.3,1944,48.8659519,2.3368488,https://maps.google.com/?cid=496113187826144693&g_mp=CiVnb29nbGUubWFwcy5wbGFjZXMudjEuUGxhY2VzLkdldFBsYWNlEAIYBCAA,https://kunitoraya.com,https://thefork.fr/restaurant/charbon-kunitoraya-r354287/?cc=24751-923,"Type: Japanese Restaurant
Arrondissement: 1er
Price: €€
Google: 4.3 (1,944 reviews)
Food types: restaurant
Tags: Japanese, Restaurant, Trendy
Google summary: Udon noodle bowls, tempura & sake in a hip restaurant with brick walls & street-facing counters.
Google Maps: https://maps.google.com/?cid=496113187826144693&g_mp=CiVnb29nbGUubWFwcy5wbGFjZXMudjEuUGxhY2VzLkdldFBsYWNlEAIYBCAA
Website: https://kunitoraya.com
Booking: https://thefork.fr/restaurant/charbon-kunitoraya-r354287/?cc=24751-923"
Restaurant La Scène - Stéphanie Le Quellec,"32 Av. Matignon, 75008 Paris, France",Paris,8e,,restaurant,,€€€€,4.7,1027,48.8719824,2.3144676,https://maps.google.com/?cid=6508746646158541023&g_mp=CiVnb29nbGUubWFwcy5wbGFjZXMudjEuUGxhY2VzLkdldFBsYWNlEAIYBCAA,https://www.la-scene.paris/,https://thefork.fr/restaurant/la-scene--r823229/?cc=24751-923,"Type: French Restaurant
Arrondissement: 8e
Price: €€€€
Google: 4.7 (1,027 reviews)
Food types: restaurant
Tags: Restaurant, Gastro / higher end
Google summary: Warm, stylish restaurant plating an acclaimed chef's refined, modern French fare & tasting menus.
Google Maps: https://maps.google.com/?cid=6508746646158541023&g_mp=CiVnb29nbGUubWFwcy5wbGFjZXMudjEuUGxhY2VzLkdldFBsYWNlEAIYBCAA
Website: https://www.la-scene.paris/
Booking: https://thefork.fr/restaurant/la-scene--r823229/?cc=24751-923"
Restaurant Lasserre,"17 Avenue Franklin Delano Roosevelt, 75008 Paris, France",Paris,8e,,restaurant,,€€€€,4.5,649,48.8663019,2.3097918,https://maps.google.com/?cid=14932709781497144347&g_mp=CiVnb29nbGUubWFwcy5wbGFjZXMudjEuUGxhY2VzLkdldFBsYWNlEAIYBCAA,http://www.restaurant-lasserre.com/,https://thefork.fr/restaurant/lasserre-r250/?cc=24751-923,"Type: French Restaurant
Arrondissement: 8e
Price: €€€€
Google: 4.5 (649 reviews)
Food types: restaurant
Tags: Restaurant, Gastro / higher end
Google summary: Refined takes on classic French fare, plus tasting menus & wine pairings, in an elegant space.
Google Maps: https://maps.google.com/?cid=14932709781497144347&g_mp=CiVnb29nbGUubWFwcy5wbGFjZXMudjEuUGxhY2VzLkdldFBsYWNlEAIYBCAA
Website: http://www.restaurant-lasserre.com/
Booking: https://thefork.fr/restaurant/lasserre-r250/?cc=24751-923"
Restaurant Montcalm,"21 Rue Montcalm, 75018 Paris, France",Paris,18e,,restaurant,,,,,48.89282780000001,2.3370904,https://www.google.com/maps/search/?api=1&query=Restaurant%20Montcalm%2C%20Paris%2C%20France,,https://bookings.zenchef.com/results?rid=379504&fullscreen=1&mini=0&pid=mapstr&primaryColor=FFC222&type=web,"Arrondissement: 18e
Food types: restaurant
Tags: Frenchie, Restaurant
Google Maps: https://www.google.com/maps/search/?api=1&query=Restaurant%20Montcalm%2C%20Paris%2C%20France
Booking: https://bookings.zenchef.com/results?rid=379504&fullscreen=1&mini=0&pid=mapstr&primaryColor=FFC222&type=web"
Restaurant Pages,"4 Rue Auguste Vacquerie, 75116 Paris, France",Paris,16e,,restaurant,,,,,48.8709266,2.2961591,https://www.google.com/maps/search/?api=1&query=Restaurant%20Pages%2C%20Paris%2C%20France,http://www.116pages.fr/,https://thefork.fr/restaurant/pages-r65716/?cc=24751-923,"Arrondissement: 16e
Food types: restaurant
Tags: Frenchie, Japanese, Restaurant
Google Maps: https://www.google.com/maps/search/?api=1&query=Restaurant%20Pages%2C%20Paris%2C%20France
Website: http://www.116pages.fr/
Booking: https://thefork.fr/restaurant/pages-r65716/?cc=24751-923"
Restaurant Panurge,"24 Rue du Sentier, 75002 Paris, France",Paris,2e,,restaurant,,,4.8,175,48.8696774,2.3463159,https://maps.google.com/?cid=69062231218686658&g_mp=CiVnb29nbGUubWFwcy5wbGFjZXMudjEuUGxhY2VzLkdldFBsYWNlEAIYBCAA,https://www.restaurant-panurge.com/,https://thefork.fr/restaurant/panurge-r854149/?cc=24751-923,"Type: French Restaurant
Arrondissement: 2e
Google: 4.8 (175 reviews)
Food types: restaurant
Tags: Frenchie
Google Maps: https://maps.google.com/?cid=69062231218686658&g_mp=CiVnb29nbGUubWFwcy5wbGFjZXMudjEuUGxhY2VzLkdldFBsYWNlEAIYBCAA
Website: https://www.restaurant-panurge.com/
Booking: https://thefork.fr/restaurant/panurge-r854149/?cc=24751-923"
Restaurant Plume,"24 Rue Pierre Leroux, 75007 Paris, France",Paris,7e,,restaurant,,,4.5,737,48.8487714,2.319201,https://maps.google.com/?cid=8312512234578341059&g_mp=CiVnb29nbGUubWFwcy5wbGFjZXMudjEuUGxhY2VzLkdldFBsYWNlEAIYBCAA,https://restaurant-plume.com/,https://bookings.zenchef.com/results?rid=374979&fullscreen=1&mini=0&pid=mapstr&primaryColor=FFC222&type=web,"Type: Restaurant
Arrondissement: 7e
Google: 4.5 (737 reviews)
Food types: restaurant
Tags: Restaurant, Gastro / higher end, Bistrot
Google summary: Fine dining in a trendy, airy locale with wood accents, geometric patterns & dangling Edison bulbs.
Google Maps: https://maps.google.com/?cid=8312512234578341059&g_mp=CiVnb29nbGUubWFwcy5wbGFjZXMudjEuUGxhY2VzLkdldFBsYWNlEAIYBCAA
Website: https://restaurant-plume.com/
Booking: https://bookings.zenchef.com/results?rid=374979&fullscreen=1&mini=0&pid=mapstr&primaryColor=FFC222&type=web"
Restaurant Quedubon,"22 Rue du Plateau, 75019 Paris, France",Paris,19e,,bar,,€€,4.6,516,48.878097,2.3843937,https://maps.google.com/?cid=9547065934567075187&g_mp=CiVnb29nbGUubWFwcy5wbGFjZXMudjEuUGxhY2VzLkdldFBsYWNlEAIYBCAA,http://www.restaurantquedubon.fr/fr,,"Type: French Restaurant
Arrondissement: 19e
Price: €€
Google: 4.6 (516 reviews)
Food types: bar
Tags: Bistrot, Restaurant
Google Maps: https://maps.google.com/?cid=9547065934567075187&g_mp=CiVnb29nbGUubWFwcy5wbGFjZXMudjEuUGxhY2VzLkdldFBsYWNlEAIYBCAA
Website: http://www.restaurantquedubon.fr/fr"
Restaurant Waknine Et Associes,"9 Avenue Pierre 1er de Serbie, 75116 Paris, France",Paris,16e,,restaurant,,,4.3,369,48.8655972,2.2953563,https://maps.google.com/?cid=8944917317209384110&g_mp=CiVnb29nbGUubWFwcy5wbGFjZXMudjEuUGxhY2VzLkdldFBsYWNlEAIYBCAA,http://www.waknine.fr/,https://bookings.zenchef.com/results?rid=379309&fullscreen=1&mini=0&pid=mapstr&primaryColor=FFC222&type=web,"Type: Restaurant
Arrondissement: 16e
Google: 4.3 (369 reviews)
Food types: restaurant
Tags: Bistrot
Google summary: Refined French cuisine with a global spin, plus aperitifs, in an elegant space or on a terrace.
Google Maps: https://maps.google.com/?cid=8944917317209384110&g_mp=CiVnb29nbGUubWFwcy5wbGFjZXMudjEuUGxhY2VzLkdldFBsYWNlEAIYBCAA
Website: http://www.waknine.fr/
Booking: https://bookings.zenchef.com/results?rid=379309&fullscreen=1&mini=0&pid=mapstr&primaryColor=FFC222&type=web"
Restaurant Willette Café Troquet,"21 Rue de Trévise, 75009 Paris, France",Paris,9e,,"restaurant, cafe, bar",,,4.8,356,48.8738966,2.3452161,https://maps.google.com/?cid=2916336383746478039&g_mp=CiVnb29nbGUubWFwcy5wbGFjZXMudjEuUGxhY2VzLkdldFBsYWNlEAIYBCAA,https://www.facebook.com/Willette-caf%C3%A9-troquet-325510518140371/,https://thefork.fr/restaurant/willette-r565193/?cc=24751-923,"Type: French Restaurant
Arrondissement: 9e
Google: 4.8 (356 reviews)
Food types: restaurant, cafe, bar
Tags: bootstrap, cafe, Bistrot
Google Maps: https://maps.google.com/?cid=2916336383746478039&g_mp=CiVnb29nbGUubWFwcy5wbGFjZXMudjEuUGxhY2VzLkdldFBsYWNlEAIYBCAA
Website: https://www.facebook.com/Willette-caf%C3%A9-troquet-325510518140371/
Booking: https://thefork.fr/restaurant/willette-r565193/?cc=24751-923"
Restaurant eels,"27 Rue d'Hauteville, 75010 Paris, France",Paris,10e,,restaurant,,,,,48.8732428,2.350105,https://www.google.com/maps/search/?api=1&query=Restaurant%20eels%2C%20Paris%2C%20France,http://restaurant-eels.com/,https://bookings.zenchef.com/results?rid=352413&fullscreen=1&mini=0&pid=mapstr&primaryColor=FFC222&type=web,"Arrondissement: 10e
Food types: restaurant
Tags: Fish, Restaurant, Trendy, Healthy
Google Maps: https://www.google.com/maps/search/?api=1&query=Restaurant%20eels%2C%20Paris%2C%20France
Website: http://restaurant-eels.com/
Booking: https://bookings.zenchef.com/results?rid=352413&fullscreen=1&mini=0&pid=mapstr&primaryColor=FFC222&type=web"
Ritz Paris Le Comptoir Sèvres,"45 Rue de Sèvres, 75006 Paris, France",Paris,6e,,bakery,,,4.3,339,48.85051345825195,2.325270414352417,https://maps.google.com/?cid=17540238507643386740&g_mp=CiVnb29nbGUubWFwcy5wbGFjZXMudjEuUGxhY2VzLkdldFBsYWNlEAIYBCAA,https://www.ritzparislecomptoir.com/fr,https://www.ritzparislecomptoir.com/fr/patisserie,"Type: Pastry Shop
Arrondissement: 6e
Google: 4.3 (339 reviews)
Food types: bakery
Tags: Bakery
Google Maps: https://maps.google.com/?cid=17540238507643386740&g_mp=CiVnb29nbGUubWFwcy5wbGFjZXMudjEuUGxhY2VzLkdldFBsYWNlEAIYBCAA
Website: https://www.ritzparislecomptoir.com/fr
Booking: https://www.ritzparislecomptoir.com/fr/patisserie"
Robert et Louise,"64 Rue Vieille du Temple, 75003 Paris, France",Paris,3e,,restaurant,,€€,4.5,3345,48.8590787,2.3594352,https://maps.google.com/?cid=13476296587106863437&g_mp=CiVnb29nbGUubWFwcy5wbGFjZXMudjEuUGxhY2VzLkdldFBsYWNlEAIYBCAA,http://robertetlouise.com/,https://bookings.zenchef.com/results?rid=352419&fullscreen=1&mini=0&pid=mapstr&primaryColor=FFC222&type=web,"Type: French Restaurant
Arrondissement: 3e
Price: €€
Google: 4.5 (3,345 reviews)
Food types: restaurant
Tags: Bistrot, Restaurant
Google summary: Steak, duck confit & a long wine list in a relaxed venue with wood beams & stone walls.
Google Maps: https://maps.google.com/?cid=13476296587106863437&g_mp=CiVnb29nbGUubWFwcy5wbGFjZXMudjEuUGxhY2VzLkdldFBsYWNlEAIYBCAA
Website: http://robertetlouise.com/
Booking: https://bookings.zenchef.com/results?rid=352419&fullscreen=1&mini=0&pid=mapstr&primaryColor=FFC222&type=web"
Rose Bakery,"46 Rue des Martyrs, 75009 Paris, France",Paris,9e,,restaurant,,€€,3.5,593,48.879395,2.340135999999999,https://maps.google.com/?cid=2529575165444459920&g_mp=CiVnb29nbGUubWFwcy5wbGFjZXMudjEuUGxhY2VzLkdldFBsYWNlEAIYBCAA,http://www.rosebakery.fr/,,"Type: Takeout Restaurant
Arrondissement: 9e
Price: €€
Google: 3.5 (593 reviews)
Food types: restaurant
Tags: Healthy
Google Maps: https://maps.google.com/?cid=2529575165444459920&g_mp=CiVnb29nbGUubWFwcy5wbGFjZXMudjEuUGxhY2VzLkdldFBsYWNlEAIYBCAA
Website: http://www.rosebakery.fr/"
Rôtisserie Segar,"111 Rue Mouffetard, 75005 Paris, France",Paris,5e,,restaurant,,,4.7,237,48.8421919,2.3497802,https://maps.google.com/?cid=7808385425937624284&g_mp=CiVnb29nbGUubWFwcy5wbGFjZXMudjEuUGxhY2VzLkdldFBsYWNlEAIYBCAA,https://www.instagram.com/rotisserie_segar/,,"Type: Restaurant
Arrondissement: 5e
Google: 4.7 (237 reviews)
Food types: restaurant
Tags: Street food
Google Maps: https://maps.google.com/?cid=7808385425937624284&g_mp=CiVnb29nbGUubWFwcy5wbGFjZXMudjEuUGxhY2VzLkdldFBsYWNlEAIYBCAA
Website: https://www.instagram.com/rotisserie_segar/"
SAINTS PÈRES,"69 Rue des Saints-Pères, 75006 Paris, France",Paris,6e,,generic,,,4.7,24,48.8551523,2.3308251,https://maps.google.com/?cid=3580024593285600693&g_mp=CiVnb29nbGUubWFwcy5wbGFjZXMudjEuUGxhY2VzLkdldFBsYWNlEAIYBCAA,https://www.saintsperesparis.com/,,"Type: Home Goods Store
Arrondissement: 6e
Google: 4.7 (24 reviews)
Food types: generic
Tags: Cafe, Spot to visit
Google Maps: https://maps.google.com/?cid=3580024593285600693&g_mp=CiVnb29nbGUubWFwcy5wbGFjZXMudjEuUGxhY2VzLkdldFBsYWNlEAIYBCAA
Website: https://www.saintsperesparis.com/"
SUGO pasta fresca - Saint-Augustin,"16 Rue Saint-Augustin, Paris 75002",Paris,2e,,restaurant,,,4.8,2351,48.8690001,2.3361959,https://maps.google.com/?cid=8360599334616956990&g_mp=CiVnb29nbGUubWFwcy5wbGFjZXMudjEuUGxhY2VzLkdldFBsYWNlEAIYBCAA,http://www.sugoparis.com/,https://sugo.commandes.io,"Type: Italian Restaurant
Arrondissement: 2e
Google: 4.8 (2,351 reviews)
Food types: restaurant
Tags: Italian, Restaurant
Google Maps: https://maps.google.com/?cid=8360599334616956990&g_mp=CiVnb29nbGUubWFwcy5wbGFjZXMudjEuUGxhY2VzLkdldFBsYWNlEAIYBCAA
Website: http://www.sugoparis.com/
Booking: https://sugo.commandes.io"
"Sacha Finkelsztajn ""La boutique Jaune""","27 Rue des Rosiers, 75004 Paris, France",Paris,4e,,generic,,,,,48.85757359999999,2.3585005,https://www.google.com/maps/search/?api=1&query=Sacha%20Finkelsztajn%20%22La%20boutique%20Jaune%22%2C%20Paris%2C%20France,http://www.laboutiquejaune.fr/,,"Arrondissement: 4e
Food types: generic
Tags: Bakery
Google Maps: https://www.google.com/maps/search/?api=1&query=Sacha%20Finkelsztajn%20%22La%20boutique%20Jaune%22%2C%20Paris%2C%20France
Website: http://www.laboutiquejaune.fr/"
Sain Boulangerie,"23 Rue des Gravilliers, 75003 Paris, France",Paris,3e,,restaurant,,,3.9,607,48.8637237,2.3568063,https://maps.google.com/?cid=11150009302806954611&g_mp=CiVnb29nbGUubWFwcy5wbGFjZXMudjEuUGxhY2VzLkdldFBsYWNlEAIYBCAA,https://www.sain-boulangerie.com/,,"Type: Bakery
Arrondissement: 3e
Google: 3.9 (607 reviews)
Food types: restaurant
Tags: Bakery
Google Maps: https://maps.google.com/?cid=11150009302806954611&g_mp=CiVnb29nbGUubWFwcy5wbGFjZXMudjEuUGxhY2VzLkdldFBsYWNlEAIYBCAA
Website: https://www.sain-boulangerie.com/"
Sain Boulangerie,"13 Rue Alibert, 75010 Paris, France",Paris,10e,,restaurant,,,4.2,842,48.8719279,2.3661899,https://maps.google.com/?cid=9013399792562179586&g_mp=CiVnb29nbGUubWFwcy5wbGFjZXMudjEuUGxhY2VzLkdldFBsYWNlEAIYBCAA,http://www.sain-boulangerie.com/,,"Type: Bakery
Arrondissement: 10e
Google: 4.2 (842 reviews)
Food types: restaurant
Tags: Bakery
Google summary: Quaint artisan bakery offering sourdough loaves & seasonal breads, plus croissants, cookies & cakes.
Google Maps: https://maps.google.com/?cid=9013399792562179586&g_mp=CiVnb29nbGUubWFwcy5wbGFjZXMudjEuUGxhY2VzLkdldFBsYWNlEAIYBCAA
Website: http://www.sain-boulangerie.com/"
Saint Pearl,"Avenue du Président Wilson, Paris, France",Paris,,,cafe,,,4.1,349,48.8647398,2.2945192,https://maps.google.com/?cid=7243718780261623067&g_mp=CiVnb29nbGUubWFwcy5wbGFjZXMudjEuUGxhY2VzLkdldFBsYWNlEAIYBCAA,,,"Type: Coffee Shop
Google: 4.1 (349 reviews)
Food types: cafe
Tags: Cafe
Google Maps: https://maps.google.com/?cid=7243718780261623067&g_mp=CiVnb29nbGUubWFwcy5wbGFjZXMudjEuUGxhY2VzLkdldFBsYWNlEAIYBCAA"
Saint Pearl,"38 Rue des Saints-Pères, 75007 Paris, France",Paris,7e,,"restaurant, brunch",,€,4.1,1329,48.854931,2.3305412,https://maps.google.com/?cid=9020939892618199821&g_mp=CiVnb29nbGUubWFwcy5wbGFjZXMudjEuUGxhY2VzLkdldFBsYWNlEAIYBCAA,https://www.instagram.com/saint_pearl/?hl=fr,,"Type: Cafe
Arrondissement: 7e
Price: €
Google: 4.1 (1,329 reviews)
Food types: restaurant, brunch
Tags: Cafe, Brunch
Google summary: Warm, intimate cafe doling out hot breakfasts & pancakes, plus coffee & matcha cheesecake.
Google Maps: https://maps.google.com/?cid=9020939892618199821&g_mp=CiVnb29nbGUubWFwcy5wbGFjZXMudjEuUGxhY2VzLkdldFBsYWNlEAIYBCAA
Website: https://www.instagram.com/saint_pearl/?hl=fr"
Saint Pearl Jardin du Luxembourg,"Rue de Médicis, Paris, France",Paris,,,cafe,,,4.1,97,48.8480344,2.3400295,https://maps.google.com/?cid=14092955294033170185&g_mp=CiVnb29nbGUubWFwcy5wbGFjZXMudjEuUGxhY2VzLkdldFBsYWNlEAIYBCAA,,,"Type: Coffee Shop
Google: 4.1 (97 reviews)
Food types: cafe
Tags: Cafe
Google Maps: https://maps.google.com/?cid=14092955294033170185&g_mp=CiVnb29nbGUubWFwcy5wbGFjZXMudjEuUGxhY2VzLkdldFBsYWNlEAIYBCAA"
Salatim,"15 Rue des Jeuneurs, 75002 Paris, France",Paris,2e,,restaurant,,,,,48.8690915,2.3459585,https://www.google.com/maps/search/?api=1&query=Salatim%2C%20Paris%2C%20France,https://www.facebook.com/SalatimParis,,"Arrondissement: 2e
Food types: restaurant
Tags: Restaurant, Israeli, Trendy
Google Maps: https://www.google.com/maps/search/?api=1&query=Salatim%2C%20Paris%2C%20France
Website: https://www.facebook.com/SalatimParis"
Salon du fromage Hisada,"47 Rue de Richelieu, 75001 Paris, France",Paris,1er,,shopping,,,,,48.866348,2.337016,https://www.google.com/maps/search/?api=1&query=Salon%20du%20fromage%20Hisada%2C%20Paris%2C%20France,http://www.hisada.fr/,,"Arrondissement: 1er
Food types: shopping
Tags: Cheese shop
Google Maps: https://www.google.com/maps/search/?api=1&query=Salon%20du%20fromage%20Hisada%2C%20Paris%2C%20France
Website: http://www.hisada.fr/"
Sambuja - Restaurant Coréen 삼부자 식당,"65 Rue du Faubourg Montmartre, 75009 Paris, France",Paris,9e,,restaurant,,€€,4.4,973,48.8764844,2.3395935,https://maps.google.com/?cid=6391778995618866846&g_mp=CiVnb29nbGUubWFwcy5wbGFjZXMudjEuUGxhY2VzLkdldFBsYWNlEAIYBCAA,http://restaurant-coreen-sambuja.fr/,,"Type: Korean Restaurant
Arrondissement: 9e
Price: €€
Google: 4.4 (973 reviews)
Food types: restaurant
Tags: Korean, Restaurant
Google Maps: https://maps.google.com/?cid=6391778995618866846&g_mp=CiVnb29nbGUubWFwcy5wbGFjZXMudjEuUGxhY2VzLkdldFBsYWNlEAIYBCAA
Website: http://restaurant-coreen-sambuja.fr/"
Sanjo,"29 Rue d'Argenteuil, 75001 Paris, France",Paris,1er,,restaurant,,€€,4.6,915,48.8663375,2.3331631,https://maps.google.com/?cid=9131286355051484620&g_mp=CiVnb29nbGUubWFwcy5wbGFjZXMudjEuUGxhY2VzLkdldFBsYWNlEAIYBCAA,http://sanjo.fr,,"Type: Restaurant
Arrondissement: 1er
Price: €€
Google: 4.6 (915 reviews)
Food types: restaurant
Tags: Japanese
Google summary: Ramen & other traditional Japanese bites offered in a simple space with chic decor.
Google Maps: https://maps.google.com/?cid=9131286355051484620&g_mp=CiVnb29nbGUubWFwcy5wbGFjZXMudjEuUGxhY2VzLkdldFBsYWNlEAIYBCAA
Website: http://sanjo.fr"
Sankaku,"47 Rue Condorcet, 75009 Paris, France",Paris,9e,,restaurant,,,4.8,118,48.8801494,2.343331,https://maps.google.com/?cid=1210894981519400377&g_mp=CiVnb29nbGUubWFwcy5wbGFjZXMudjEuUGxhY2VzLkdldFBsYWNlEAIYBCAA,,,"Type: Restaurant
Arrondissement: 9e
Google: 4.8 (118 reviews)
Food types: restaurant
Tags: Japanese
Google Maps: https://maps.google.com/?cid=1210894981519400377&g_mp=CiVnb29nbGUubWFwcy5wbGFjZXMudjEuUGxhY2VzLkdldFBsYWNlEAIYBCAA"
Santa Silvia,"22 Villa Riberolle, 75020 Paris, France",Paris,20e,,restaurant,,,4,80,48.8580725,2.3969941,https://maps.google.com/?cid=182707591855884046&g_mp=CiVnb29nbGUubWFwcy5wbGFjZXMudjEuUGxhY2VzLkdldFBsYWNlEAIYBCAA,https://www.santasilviaparis.fr/,,"Type: Italian Restaurant
Arrondissement: 20e
Google: 4.0 (80 reviews)
Food types: restaurant
Tags: Restaurant, Italian, ❤️
Google Maps: https://maps.google.com/?cid=182707591855884046&g_mp=CiVnb29nbGUubWFwcy5wbGFjZXMudjEuUGxhY2VzLkdldFBsYWNlEAIYBCAA
Website: https://www.santasilviaparis.fr/"
Sardegna a Tavola,"1 rue de cotte, Paris 75012",Paris,12e,,restaurant,,,,,48.8482861,2.3767567,https://www.google.com/maps/search/?api=1&query=Sardegna%20a%20Tavola%2C%20Paris%2C%20France,http://www.sardegna.paris/,,"Arrondissement: 12e
Food types: restaurant
Tags: Restaurant, Italian
Google Maps: https://www.google.com/maps/search/?api=1&query=Sardegna%20a%20Tavola%2C%20Paris%2C%20France
Website: http://www.sardegna.paris/"
Sauvage,"55 Rue du Cherche-Midi, 75006 Paris, France",Paris,6e,,restaurant,,€€,4.1,399,48.8486142,2.3250676,https://maps.google.com/?cid=305496300968525004&g_mp=CiVnb29nbGUubWFwcy5wbGFjZXMudjEuUGxhY2VzLkdldFBsYWNlEAIYBCAA,https://www.facebook.com/cave.sauvage,https://bookings.zenchef.com/results?rid=362546&fullscreen=1&mini=0&pid=mapstr&primaryColor=FFC222&type=web,"Type: Restaurant
Arrondissement: 6e
Price: €€
Google: 4.1 (399 reviews)
Food types: restaurant
Tags: Restaurant
Google Maps: https://maps.google.com/?cid=305496300968525004&g_mp=CiVnb29nbGUubWFwcy5wbGFjZXMudjEuUGxhY2VzLkdldFBsYWNlEAIYBCAA
Website: https://www.facebook.com/cave.sauvage
Booking: https://bookings.zenchef.com/results?rid=362546&fullscreen=1&mini=0&pid=mapstr&primaryColor=FFC222&type=web"
Scaria,"88 Ave Parmentier, 75011 Paris, France",Paris,11e,,restaurant,,,,,48.86485019999999,2.375032,https://www.google.com/maps/search/?api=1&query=Scaria%2C%20Paris%2C%20France,http://www.scaria.paris/,https://thefork.fr/restaurant/scaria-r457731/?cc=24751-923,"Arrondissement: 11e
Food types: restaurant
Tags: Restaurant, Healthy
Google Maps: https://www.google.com/maps/search/?api=1&query=Scaria%2C%20Paris%2C%20France
Website: http://www.scaria.paris/
Booking: https://thefork.fr/restaurant/scaria-r457731/?cc=24751-923"
Seamer Coffee Shop,"37 Rue Saint-Georges, 75009 Paris, France",Paris,9e,,cafe,,,4.6,402,48.8761687,2.3371124,https://maps.google.com/?cid=10242513631129236217&g_mp=CiVnb29nbGUubWFwcy5wbGFjZXMudjEuUGxhY2VzLkdldFBsYWNlEAIYBCAA,https://www.instagram.com/seamercoffee?igsh=MWJncHVrMnhibDIzbA%3D%3D&utm_source=mapstr,,"Type: Coffee Shop
Arrondissement: 9e
Google: 4.6 (402 reviews)
Food types: cafe
Tags: Cafe
Google Maps: https://maps.google.com/?cid=10242513631129236217&g_mp=CiVnb29nbGUubWFwcy5wbGFjZXMudjEuUGxhY2VzLkdldFBsYWNlEAIYBCAA
Website: https://www.instagram.com/seamercoffee?igsh=MWJncHVrMnhibDIzbA%3D%3D&utm_source=mapstr"
Season Marais,"1 Rue Charles-François Dupuis, 75003 Paris, France",Paris,3e,,restaurant,,,,,48.8651393,2.3626373,https://www.google.com/maps/search/?api=1&query=Season%20Marais%2C%20Paris%2C%20France,http://www.season-paris.com/,https://www.season-paris.com/wp-content/uploads/2020/10/MENU_AUTOMN_A1_20201012-copie-scaled.jpg,"Arrondissement: 3e
Food types: restaurant
Tags: Vegetarian
Google Maps: https://www.google.com/maps/search/?api=1&query=Season%20Marais%2C%20Paris%2C%20France
Website: http://www.season-paris.com/
Booking: https://www.season-paris.com/wp-content/uploads/2020/10/MENU_AUTOMN_A1_20201012-copie-scaled.jpg"
See Fan,"11 Rue Pastourelle, 75003 Paris, France",Paris,3e,,generic,,,,,48.86194700000001,2.360608,https://www.google.com/maps/search/?api=1&query=See%20Fan%2C%20Paris%2C%20France,http://www.wyldesee.nl,,"Arrondissement: 3e
Food types: generic
Tags: Shopping
Google Maps: https://www.google.com/maps/search/?api=1&query=See%20Fan%2C%20Paris%2C%20France
Website: http://www.wyldesee.nl"
Semilla,"Rue de Seine, Paris, France",Paris,,,restaurant,,€€€,4.5,948,48.8540662,2.336884699999999,https://maps.google.com/?cid=17909131433648070151&g_mp=CiVnb29nbGUubWFwcy5wbGFjZXMudjEuUGxhY2VzLkdldFBsYWNlEAIYBCAA,http://www.semillaparis.com/,https://bookings.zenchef.com/results?rid=353221&fullscreen=1&mini=0&pid=mapstr&primaryColor=FFC222&type=web,"Type: French Restaurant
Price: €€€
Google: 4.5 (948 reviews)
Food types: restaurant
Tags: Frenchie, Restaurant
Google summary: Contemporary, intricate French cuisine with Mediterranean accents amid exposed ducts & brickwork.
Google Maps: https://maps.google.com/?cid=17909131433648070151&g_mp=CiVnb29nbGUubWFwcy5wbGFjZXMudjEuUGxhY2VzLkdldFBsYWNlEAIYBCAA
Website: http://www.semillaparis.com/
Booking: https://bookings.zenchef.com/results?rid=353221&fullscreen=1&mini=0&pid=mapstr&primaryColor=FFC222&type=web"
Septime,"80 Rue de Charonne, 75011 Paris, France",Paris,11e,,restaurant,,,,,48.8535789,2.3807315,https://www.google.com/maps/search/?api=1&query=Septime%2C%20Paris%2C%20France,http://www.septime-charonne.fr/,,"Arrondissement: 11e
Food types: restaurant
Tags: Frenchie, Wine bar, ❤️, Trendy, Bar
Google Maps: https://www.google.com/maps/search/?api=1&query=Septime%2C%20Paris%2C%20France
Website: http://www.septime-charonne.fr/"
Serge Lutens - Palais Royal,"142 Galerie de Valois, 75001 Paris, France",Paris,1er,,generic,,,,,48.864585,2.338187,https://www.google.com/maps/search/?api=1&query=Serge%20Lutens%20-%20Palais%20Royal%2C%20Paris%2C%20France,http://www.sergelutens.com/,,"Arrondissement: 1er
Food types: generic
Tags: Shopping
Google Maps: https://www.google.com/maps/search/?api=1&query=Serge%20Lutens%20-%20Palais%20Royal%2C%20Paris%2C%20France
Website: http://www.sergelutens.com/"
Serpent A Plume,"24 Place des Vosges, 75003 Paris, Francia",Paris,3e,,bar,,,,,48.8561657,2.3666499,https://www.google.com/maps/search/?api=1&query=Serpent%20A%20Plume%2C%20Paris%2C%20France,http://serpentaplume.com/,https://bookings.zenchef.com/results?rid=375684&fullscreen=1&mini=0&pid=mapstr&primaryColor=FFC222&type=web,"Arrondissement: 3e
Food types: bar
Tags: Cocktail, ❤️, Bar
Google Maps: https://www.google.com/maps/search/?api=1&query=Serpent%20A%20Plume%2C%20Paris%2C%20France
Website: http://serpentaplume.com/
Booking: https://bookings.zenchef.com/results?rid=375684&fullscreen=1&mini=0&pid=mapstr&primaryColor=FFC222&type=web"
Sette Pizza - Paris,"38 Rue du Faubourg Saint-Denis, 75010 Paris, France",Paris,10e,,restaurant,,€,4.3,1541,48.87124,2.3535652,https://maps.google.com/?cid=12388972741114458453&g_mp=CiVnb29nbGUubWFwcy5wbGFjZXMudjEuUGxhY2VzLkdldFBsYWNlEAIYBCAA,http://www.settepizza.fr/,,"Type: Pizza Restaurant
Arrondissement: 10e
Price: €
Google: 4.3 (1,541 reviews)
Food types: restaurant
Tags: Restaurant, Italian
Google summary: Classic pizzas, beer & house music in a narrow space with industrial accents & a tiled floor.
Google Maps: https://maps.google.com/?cid=12388972741114458453&g_mp=CiVnb29nbGUubWFwcy5wbGFjZXMudjEuUGxhY2VzLkdldFBsYWNlEAIYBCAA
Website: http://www.settepizza.fr/"
Sevenly Heart,"55 Rue des Archives, 75003 Paris, France",Paris,3e,,cafe,,,3.9,1032,48.8605727,2.3574609,https://maps.google.com/?cid=12916980553374555412&g_mp=CiVnb29nbGUubWFwcy5wbGFjZXMudjEuUGxhY2VzLkdldFBsYWNlEAIYBCAA,http://sevenlyheart.shop/,,"Type: Coffee Shop
Arrondissement: 3e
Google: 3.9 (1,032 reviews)
Food types: cafe
Tags: Bar, Cafe
Google Maps: https://maps.google.com/?cid=12916980553374555412&g_mp=CiVnb29nbGUubWFwcy5wbGFjZXMudjEuUGxhY2VzLkdldFBsYWNlEAIYBCAA
Website: http://sevenlyheart.shop/"
Shabour,19 Rue Saint-Sauveur 75002 Paris France,Paris,2e,,restaurant,,€€€€,4.7,877,48.8659209,2.3490562,https://maps.google.com/?cid=2936086189634435574&g_mp=CiVnb29nbGUubWFwcy5wbGFjZXMudjEuUGxhY2VzLkdldFBsYWNlEAIYBCAA,https://www.restaurantshabour.com/,https://bookings.zenchef.com/results?rid=353204&fullscreen=1&mini=0&pid=mapstr&primaryColor=FFC222&type=web,"Type: Fine Dining Restaurant
Arrondissement: 2e
Price: €€€€
Google: 4.7 (877 reviews)
Food types: restaurant
Tags: Restaurant, Israeli
Google summary: Imaginative Jerusalem-inspired tasting menu & wines served in a cozy, industrial restaurant.
Google Maps: https://maps.google.com/?cid=2936086189634435574&g_mp=CiVnb29nbGUubWFwcy5wbGFjZXMudjEuUGxhY2VzLkdldFBsYWNlEAIYBCAA
Website: https://www.restaurantshabour.com/
Booking: https://bookings.zenchef.com/results?rid=353204&fullscreen=1&mini=0&pid=mapstr&primaryColor=FFC222&type=web"
Sharma Ji,"Rue Frémicourt, Paris, France",Paris,,,restaurant,,,4.7,977,48.847335,2.298316599999999,https://maps.google.com/?cid=17879934038872986128&g_mp=CiVnb29nbGUubWFwcy5wbGFjZXMudjEuUGxhY2VzLkdldFBsYWNlEAIYBCAA,https://www.sharmaji.fr/,,"Type: Indian Restaurant
Google: 4.7 (977 reviews)
Food types: restaurant
Tags: Indian
Google Maps: https://maps.google.com/?cid=17879934038872986128&g_mp=CiVnb29nbGUubWFwcy5wbGFjZXMudjEuUGxhY2VzLkdldFBsYWNlEAIYBCAA
Website: https://www.sharmaji.fr/"
Shinjuku Pigalle,"52 Rue Condorcet, 75009 Paris, France",Paris,9e,,restaurant,,,4.1,348,48.88030209999999,2.3431856,https://maps.google.com/?cid=224924948559814770&g_mp=CiVnb29nbGUubWFwcy5wbGFjZXMudjEuUGxhY2VzLkdldFBsYWNlEAIYBCAA,https://www.shinjukupigalle.com/,,"Type: Japanese Restaurant
Arrondissement: 9e
Google: 4.1 (348 reviews)
Food types: restaurant
Tags: Dancing
Google Maps: https://maps.google.com/?cid=224924948559814770&g_mp=CiVnb29nbGUubWFwcy5wbGFjZXMudjEuUGxhY2VzLkdldFBsYWNlEAIYBCAA
Website: https://www.shinjukupigalle.com/"
Shuzo Tropical Izakaya,"44 Rue Saint-Sébastien, 75011 Paris, France",Paris,11e,,restaurant,,,4.9,158,48.8616112,2.3712352,https://maps.google.com/?cid=8956789325080743254&g_mp=CiVnb29nbGUubWFwcy5wbGFjZXMudjEuUGxhY2VzLkdldFBsYWNlEAIYBCAA,https://shuzo.fr/,http://www.opentable.fr/r/shuzo-paris?ref=17374,"Type: Restaurant
Arrondissement: 11e
Google: 4.9 (158 reviews)
Food types: restaurant
Tags: Restaurant, Trendy
Google Maps: https://maps.google.com/?cid=8956789325080743254&g_mp=CiVnb29nbGUubWFwcy5wbGFjZXMudjEuUGxhY2VzLkdldFBsYWNlEAIYBCAA
Website: https://shuzo.fr/
Booking: http://www.opentable.fr/r/shuzo-paris?ref=17374"
"Simone, Le Resto...","33 Boulevard Arago, 75013 Paris, France",Paris,13e,,restaurant,,,,,48.8353249,2.3479007,https://www.google.com/maps/search/?api=1&query=Simone%2C%20Le%20Resto...%2C%20Paris%2C%20France,http://www.simoneparis.com/,https://bookings.zenchef.com/results?rid=354677&fullscreen=1&mini=0&pid=mapstr&primaryColor=FFC222&type=web,"Arrondissement: 13e
Food types: restaurant
Tags: Natural wine, Restaurant
Google Maps: https://www.google.com/maps/search/?api=1&query=Simone%2C%20Le%20Resto...%2C%20Paris%2C%20France
Website: http://www.simoneparis.com/
Booking: https://bookings.zenchef.com/results?rid=354677&fullscreen=1&mini=0&pid=mapstr&primaryColor=FFC222&type=web"
Siseng,"82 Quai de Jemmapes, 75010 Paris, France",Paris,10e,,restaurant,,€€,4.6,1836,48.8722523,2.3651571,https://maps.google.com/?cid=3368764678536502395&g_mp=CiVnb29nbGUubWFwcy5wbGFjZXMudjEuUGxhY2VzLkdldFBsYWNlEAIYBCAA,http://www.siseng.paris/,https://bookings.zenchef.com/results?rid=366404&fullscreen=1&mini=0&pid=mapstr&primaryColor=FFC222&type=web,"Type: Asian Restaurant
Arrondissement: 10e
Price: €€
Google: 4.6 (1,836 reviews)
Food types: restaurant
Tags: Asian, Restaurant
Google summary: A mixture of finger food & classic dishes inspired by family history in a South Asian restaurant.
Google Maps: https://maps.google.com/?cid=3368764678536502395&g_mp=CiVnb29nbGUubWFwcy5wbGFjZXMudjEuUGxhY2VzLkdldFBsYWNlEAIYBCAA
Website: http://www.siseng.paris/
Booking: https://bookings.zenchef.com/results?rid=366404&fullscreen=1&mini=0&pid=mapstr&primaryColor=FFC222&type=web"
So Nat,"5 Rue Bourdaloue, 75009 Paris, France",Paris,9e,,restaurant,,,,,48.8764112,2.3385346,https://www.google.com/maps/search/?api=1&query=So%20Nat%2C%20Paris%2C%20France,https://www.instagram.com/sonatparis,,"Arrondissement: 9e
Food types: restaurant
Tags: Healthy
Google Maps: https://www.google.com/maps/search/?api=1&query=So%20Nat%2C%20Paris%2C%20France
Website: https://www.instagram.com/sonatparis"
Soces,"32 Rue de la Villette, 75019 Paris, France",Paris,19e,,restaurant,,,4.6,1014,48.8771092,2.3878777,https://maps.google.com/?cid=9987851658831927979&g_mp=CiVnb29nbGUubWFwcy5wbGFjZXMudjEuUGxhY2VzLkdldFBsYWNlEAIYBCAA,http://soces.fr/,https://bookings.zenchef.com/results?rid=356395&fullscreen=1&mini=0&pid=mapstr&primaryColor=FFC222&type=web,"Type: Seafood Restaurant
Arrondissement: 19e
Google: 4.6 (1,014 reviews)
Food types: restaurant
Tags: Restaurant, Seafood
Google Maps: https://maps.google.com/?cid=9987851658831927979&g_mp=CiVnb29nbGUubWFwcy5wbGFjZXMudjEuUGxhY2VzLkdldFBsYWNlEAIYBCAA
Website: http://soces.fr/
Booking: https://bookings.zenchef.com/results?rid=356395&fullscreen=1&mini=0&pid=mapstr&primaryColor=FFC222&type=web"
Sola,"12 Rue de l'Hôtel Colbert, 75005 Paris, France",Paris,5e,,restaurant,,,4.7,866,48.8515846,2.3483035,https://maps.google.com/?cid=17893814821362708005&g_mp=CiVnb29nbGUubWFwcy5wbGFjZXMudjEuUGxhY2VzLkdldFBsYWNlEAIYBCAA,http://www.restaurant-sola.com/,https://bookings.zenchef.com/results?rid=369580&fullscreen=1&mini=0&pid=mapstr&primaryColor=FFC222&type=web,"Type: French Restaurant
Arrondissement: 5e
Google: 4.7 (866 reviews)
Food types: restaurant
Tags: Japanese, Restaurant
Google summary: Refined, creative Japanese food with French influences, served in a stone cellar & elegant room.
Google Maps: https://maps.google.com/?cid=17893814821362708005&g_mp=CiVnb29nbGUubWFwcy5wbGFjZXMudjEuUGxhY2VzLkdldFBsYWNlEAIYBCAA
Website: http://www.restaurant-sola.com/
Booking: https://bookings.zenchef.com/results?rid=369580&fullscreen=1&mini=0&pid=mapstr&primaryColor=FFC222&type=web"
Soma,"13 Rue de Saintonge, 75003 Paris, France",Paris,3e,,restaurant,,,,,48.8615094,2.3620671,https://www.google.com/maps/search/?api=1&query=Soma%2C%20Paris%2C%20France,http://restaurants-soma.fr/,https://bookings.zenchef.com/results?rid=353683&fullscreen=1&mini=0&pid=mapstr&primaryColor=FFC222&type=web,"Arrondissement: 3e
Food types: restaurant
Tags: Japanese, Restaurant
Google Maps: https://www.google.com/maps/search/?api=1&query=Soma%2C%20Paris%2C%20France
Website: http://restaurants-soma.fr/
Booking: https://bookings.zenchef.com/results?rid=353683&fullscreen=1&mini=0&pid=mapstr&primaryColor=FFC222&type=web"
Source,"17 Rue Grégoire de Tours, Paris 75006",Paris,6e,,restaurant,,€€,4.2,1937,48.853009,2.3379268,https://maps.google.com/?cid=345689054557147137&g_mp=CiVnb29nbGUubWFwcy5wbGFjZXMudjEuUGxhY2VzLkdldFBsYWNlEAIYBCAA,https://www.sourcerestaurant.fr,https://thefork.fr/restaurant/l-ouzeri-r836163/?cc=24751-923,"Type: French Restaurant
Arrondissement: 6e
Price: €€
Google: 4.2 (1,937 reviews)
Food types: restaurant
Tags: Restaurant
Google Maps: https://maps.google.com/?cid=345689054557147137&g_mp=CiVnb29nbGUubWFwcy5wbGFjZXMudjEuUGxhY2VzLkdldFBsYWNlEAIYBCAA
Website: https://www.sourcerestaurant.fr
Booking: https://thefork.fr/restaurant/l-ouzeri-r836163/?cc=24751-923"
Soya,"20 Rue de la Pierre Levée, 75011 Paris, France",Paris,11e,,"restaurant, brunch",,€€,4.6,1654,48.868047,2.370184000000001,https://maps.google.com/?cid=1752945574447432983&g_mp=CiVnb29nbGUubWFwcy5wbGFjZXMudjEuUGxhY2VzLkdldFBsYWNlEAIYBCAA,http://www.soya-cantine-bio.fr/,https://bookings.zenchef.com/results?rid=347409&fullscreen=1&mini=0&pid=mapstr&primaryColor=FFC222&type=web,"Type: Vegan Restaurant
Arrondissement: 11e
Price: €€
Google: 4.6 (1,654 reviews)
Food types: restaurant, brunch
Tags: Brunch, Cafe, Healthy
Google summary: Creative organic & vegan mains, plus desserts & cookies, in a simple, industrial-chic setting.
Google Maps: https://maps.google.com/?cid=1752945574447432983&g_mp=CiVnb29nbGUubWFwcy5wbGFjZXMudjEuUGxhY2VzLkdldFBsYWNlEAIYBCAA
Website: http://www.soya-cantine-bio.fr/
Booking: https://bookings.zenchef.com/results?rid=347409&fullscreen=1&mini=0&pid=mapstr&primaryColor=FFC222&type=web"
Spa Alaena Paris,"28 Rue Meslay, 75003 Paris, France",Paris,3e,,generic,,,,,48.8679236,2.359082,https://www.google.com/maps/search/?api=1&query=Spa%20Alaena%20Paris%2C%20Paris%2C%20France,https://www.spa-alaena-paris.com/,,"Arrondissement: 3e
Food types: generic
Tags: Beauty
Google Maps: https://www.google.com/maps/search/?api=1&query=Spa%20Alaena%20Paris%2C%20Paris%2C%20France
Website: https://www.spa-alaena-paris.com/"
Spark Club,"Rue Bellini, Paris, France",Paris,,,generic,,,,,48.8608856,2.2822549,https://www.google.com/maps/search/?api=1&query=Spark%20Club%2C%20Paris,https://www.spark-club.fr,,"Food types: generic
Tags: Sport
Google Maps: https://www.google.com/maps/search/?api=1&query=Spark%20Club%2C%20Paris
Website: https://www.spark-club.fr"
Spiti Sou,"53 Quai des Grands Augustins, 75006 Paris, France",Paris,6e,,restaurant,,,4.8,314,48.8548425,2.3421691,https://maps.google.com/?cid=2144624107429196850&g_mp=CiVnb29nbGUubWFwcy5wbGFjZXMudjEuUGxhY2VzLkdldFBsYWNlEAIYBCAA,https://www.spitisou.fr/,https://bookings.zenchef.com/results?rid=361666&fullscreen=1&mini=0&pid=mapstr&primaryColor=FFC222&type=web,"Type: Restaurant
Arrondissement: 6e
Google: 4.8 (314 reviews)
Food types: restaurant
Tags: Greek, Restaurant
Google Maps: https://maps.google.com/?cid=2144624107429196850&g_mp=CiVnb29nbGUubWFwcy5wbGFjZXMudjEuUGxhY2VzLkdldFBsYWNlEAIYBCAA
Website: https://www.spitisou.fr/
Booking: https://bookings.zenchef.com/results?rid=361666&fullscreen=1&mini=0&pid=mapstr&primaryColor=FFC222&type=web"
Spécimen Burger,"3 Rue Guisarde, 75006 Paris, France",Paris,6e,,restaurant,,,4.7,1002,48.85181045532227,2.334991693496704,https://maps.google.com/?cid=16799443629312348297&g_mp=CiVnb29nbGUubWFwcy5wbGFjZXMudjEuUGxhY2VzLkdldFBsYWNlEAIYBCAA,https://specimenburger.com/,,"Type: Hamburger Restaurant
Arrondissement: 6e
Google: 4.7 (1,002 reviews)
Food types: restaurant
Tags: Street food, Burger
Google Maps: https://maps.google.com/?cid=16799443629312348297&g_mp=CiVnb29nbGUubWFwcy5wbGFjZXMudjEuUGxhY2VzLkdldFBsYWNlEAIYBCAA
Website: https://specimenburger.com/"
Strada Café,"24 Rue Monge, 75005 Paris, France",Paris,5e,,restaurant,,€€,4.4,1685,48.8469461,2.3511497,https://maps.google.com/?cid=4235685307484321252&g_mp=CiVnb29nbGUubWFwcy5wbGFjZXMudjEuUGxhY2VzLkdldFBsYWNlEAIYBCAA,http://www.stradacafe.fr,,"Type: Cafe
Arrondissement: 5e
Price: €€
Google: 4.4 (1,685 reviews)
Food types: restaurant
Tags: Cafe
Google summary: Breakfast & specialty coffee in a fashionable, light-filled room with a terrace, or to go.
Google Maps: https://maps.google.com/?cid=4235685307484321252&g_mp=CiVnb29nbGUubWFwcy5wbGFjZXMudjEuUGxhY2VzLkdldFBsYWNlEAIYBCAA
Website: http://www.stradacafe.fr"
Studio Fauve,"29 Rue des Gravilliers, 75003 Paris, France",Paris,3e,,shopping,,,,,48.8639562,2.3561731,https://www.google.com/maps/search/?api=1&query=Studio%20Fauve%2C%20Paris%2C%20France,https://fauve-paris.com/,,"Arrondissement: 3e
Food types: shopping
Tags: Beauty
Google Maps: https://www.google.com/maps/search/?api=1&query=Studio%20Fauve%2C%20Paris%2C%20France
Website: https://fauve-paris.com/"
Sugaar,"5 Rue Gozlin, 75006 Paris, France",Paris,6e,,restaurant,,,4,420,48.853292,2.333627,https://maps.google.com/?cid=11057144900801582300&g_mp=CiVnb29nbGUubWFwcy5wbGFjZXMudjEuUGxhY2VzLkdldFBsYWNlEAIYBCAA,,https://bookings.zenchef.com/results?rid=358531&fullscreen=1&mini=0&pid=mapstr&primaryColor=FFC222&type=web,"Type: Restaurant
Arrondissement: 6e
Google: 4.0 (420 reviews)
Food types: restaurant
Tags: Bistrot, Gastro / higher end
Google Maps: https://maps.google.com/?cid=11057144900801582300&g_mp=CiVnb29nbGUubWFwcy5wbGFjZXMudjEuUGxhY2VzLkdldFBsYWNlEAIYBCAA
Booking: https://bookings.zenchef.com/results?rid=358531&fullscreen=1&mini=0&pid=mapstr&primaryColor=FFC222&type=web"
Superfine,"8 Pass. Josset, 75011 Paris, France",Paris,11e,,"restaurant, bar",,,4.8,91,48.8527026,2.3765031,https://maps.google.com/?cid=6676943630750227351&g_mp=CiVnb29nbGUubWFwcy5wbGFjZXMudjEuUGxhY2VzLkdldFBsYWNlEAIYBCAA,https://www.instagram.com/superfinebar/,,"Type: Cocktail Bar
Arrondissement: 11e
Google: 4.8 (91 reviews)
Food types: restaurant, bar
Tags: bootstrap, bistro, Cocktails, Restaurant, Street food
Google Maps: https://maps.google.com/?cid=6676943630750227351&g_mp=CiVnb29nbGUubWFwcy5wbGFjZXMudjEuUGxhY2VzLkdldFBsYWNlEAIYBCAA
Website: https://www.instagram.com/superfinebar/"
Sushi Yoshinaga,"Rue du 4 septembre, Paris, France",Paris,,,restaurant,,,4.9,171,48.8697398,2.3349676,https://maps.google.com/?cid=18008410189701662218&g_mp=CiVnb29nbGUubWFwcy5wbGFjZXMudjEuUGxhY2VzLkdldFBsYWNlEAIYBCAA,https://www.sushiyoshinaga.com/,https://bookings.zenchef.com/results?rid=360895&fullscreen=1&mini=0&pid=mapstr&primaryColor=FFC222&type=web,"Type: Sushi Restaurant
Google: 4.9 (171 reviews)
Food types: restaurant
Tags: Japanese, Gastro / higher end
Google Maps: https://maps.google.com/?cid=18008410189701662218&g_mp=CiVnb29nbGUubWFwcy5wbGFjZXMudjEuUGxhY2VzLkdldFBsYWNlEAIYBCAA
Website: https://www.sushiyoshinaga.com/
Booking: https://bookings.zenchef.com/results?rid=360895&fullscreen=1&mini=0&pid=mapstr&primaryColor=FFC222&type=web"
Sürpriz - Berliner Kebab,"110 Rue Oberkampf, Paris 75011",Paris,11e,,restaurant,,€,4.7,2192,48.865999,2.379091,https://maps.google.com/?cid=2336480230392647473&g_mp=CiVnb29nbGUubWFwcy5wbGFjZXMudjEuUGxhY2VzLkdldFBsYWNlEAIYBCAA,http://www.surpriz.paris/,https://deliveroo.fr/fr/menu/paris/11eme-belleville/surpriz-berliner-kebab/,"Type: Turkish Restaurant
Arrondissement: 11e
Price: €
Google: 4.7 (2,192 reviews)
Food types: restaurant
Tags: Street food
Google summary: Busy eatery serving up Berlin-style doner chicken kebabs in a snug, straightforward dining space.
Google Maps: https://maps.google.com/?cid=2336480230392647473&g_mp=CiVnb29nbGUubWFwcy5wbGFjZXMudjEuUGxhY2VzLkdldFBsYWNlEAIYBCAA
Website: http://www.surpriz.paris/
Booking: https://deliveroo.fr/fr/menu/paris/11eme-belleville/surpriz-berliner-kebab/"
TAKA & VERMO - Artisans Fromagers,"61bis Rue du Faubourg Saint-Denis, 75010 Paris, France",Paris,10e,,shopping,,,,,48.8721462,2.3538392,https://www.google.com/maps/search/?api=1&query=TAKA%20%26%20VERMO%20-%20Artisans%20Fromagers%2C%20Paris%2C%20France,http://www.takavermo.fr,,"Arrondissement: 10e
Food types: shopping
Tags: Cheese shop
Google Maps: https://www.google.com/maps/search/?api=1&query=TAKA%20%26%20VERMO%20-%20Artisans%20Fromagers%2C%20Paris%2C%20France
Website: http://www.takavermo.fr"
TOMO,"Rue Grégoire de Tours, Paris, France",Paris,,,cafe,,,4.4,431,48.85306167602539,2.337802886962891,https://maps.google.com/?cid=9590395476613731276&g_mp=CiVnb29nbGUubWFwcy5wbGFjZXMudjEuUGxhY2VzLkdldFBsYWNlEAIYBCAA,http://patisserietomo.fr/,,"Type: Cafe
Google: 4.4 (431 reviews)
Food types: cafe
Tags: Bakery, Japanese
Google Maps: https://maps.google.com/?cid=9590395476613731276&g_mp=CiVnb29nbGUubWFwcy5wbGFjZXMudjEuUGxhY2VzLkdldFBsYWNlEAIYBCAA
Website: http://patisserietomo.fr/"
TOWA Restaurant,"75 Rue Crozatier, 75012 Paris, France",Paris,12e,,restaurant,,,,,48.8495524,2.3792161,https://www.google.com/maps/search/?api=1&query=TOWA%20Restaurant%2C%20Paris%2C%20France,https://www.towarestaurantparis.fr/,https://thefork.fr/restaurant/towa-r397351/?cc=24751-923,"Arrondissement: 12e
Food types: restaurant
Tags: Restaurant, Trendy
Google Maps: https://www.google.com/maps/search/?api=1&query=TOWA%20Restaurant%2C%20Paris%2C%20France
Website: https://www.towarestaurantparis.fr/
Booking: https://thefork.fr/restaurant/towa-r397351/?cc=24751-923"
TRÂM 130,"130 Rue Saint-Maur, 75011 Paris, France",Paris,11e,,bar,,,4.8,436,48.8659608,2.3770686,https://maps.google.com/?cid=10042730493470071663&g_mp=CiVnb29nbGUubWFwcy5wbGFjZXMudjEuUGxhY2VzLkdldFBsYWNlEAIYBCAA,http://instagram.com/tramtramtramtramtram,,"Type: Restaurant
Arrondissement: 11e
Google: 4.8 (436 reviews)
Food types: bar
Tags: Restaurant, Trendy, ❤️
Google Maps: https://maps.google.com/?cid=10042730493470071663&g_mp=CiVnb29nbGUubWFwcy5wbGFjZXMudjEuUGxhY2VzLkdldFBsYWNlEAIYBCAA
Website: http://instagram.com/tramtramtramtramtram"
TYCOZ - CRÊPERIE & OYSTER BAR,"4 Rue du Parc Royal, 75003 Paris, France",Paris,3e,,restaurant,,,4.8,285,48.8585,2.3634241,https://maps.google.com/?cid=11019267368512292636&g_mp=CiVnb29nbGUubWFwcy5wbGFjZXMudjEuUGxhY2VzLkdldFBsYWNlEAIYBCAA,https://www.tycoz-paris.fr/,https://thefork.fr/restaurant/tycoz-creperie-oyster-bar-r844911/?cc=24751-923,"Type: Dessert Shop
Arrondissement: 3e
Google: 4.8 (285 reviews)
Food types: restaurant
Tags: Creps
Google Maps: https://maps.google.com/?cid=11019267368512292636&g_mp=CiVnb29nbGUubWFwcy5wbGFjZXMudjEuUGxhY2VzLkdldFBsYWNlEAIYBCAA
Website: https://www.tycoz-paris.fr/
Booking: https://thefork.fr/restaurant/tycoz-creperie-oyster-bar-r844911/?cc=24751-923"
Table,"3 Rue de Prague, 75012 Paris, France",Paris,12e,,restaurant,,,,,48.8488052,2.3758489,https://www.google.com/maps/search/?api=1&query=Table%2C%20Paris%2C%20France,https://www.table.paris/,https://bookings.zenchef.com/results?rid=352138&fullscreen=1&mini=0&pid=mapstr&primaryColor=FFC222&type=web,"Arrondissement: 12e
Food types: restaurant
Tags: Restaurant
Google Maps: https://www.google.com/maps/search/?api=1&query=Table%2C%20Paris%2C%20France
Website: https://www.table.paris/
Booking: https://bookings.zenchef.com/results?rid=352138&fullscreen=1&mini=0&pid=mapstr&primaryColor=FFC222&type=web"
Table Penja,"2 Rue Sedillot, 75007 Paris, France",Paris,7e,,restaurant,,,4.9,153,48.8592041,2.3014614,https://maps.google.com/?cid=1508556089686244812&g_mp=CiVnb29nbGUubWFwcy5wbGFjZXMudjEuUGxhY2VzLkdldFBsYWNlEAIYBCAA,http://www.tablepenja.paris/,https://thefork.fr/restaurant/table-penja-r839652/?cc=24751-923,"Type: Restaurant
Arrondissement: 7e
Google: 4.9 (153 reviews)
Food types: restaurant
Tags: Restaurant, Frenchie, African
Google Maps: https://maps.google.com/?cid=1508556089686244812&g_mp=CiVnb29nbGUubWFwcy5wbGFjZXMudjEuUGxhY2VzLkdldFBsYWNlEAIYBCAA
Website: http://www.tablepenja.paris/
Booking: https://thefork.fr/restaurant/table-penja-r839652/?cc=24751-923"
Tactile café,"164 Av. Ledru Rollin, 75011 Paris, France",Paris,11e,,cafe,,,4.9,61,48.8566193,2.379442,https://maps.google.com/?cid=2963649436371049162&g_mp=CiVnb29nbGUubWFwcy5wbGFjZXMudjEuUGxhY2VzLkdldFBsYWNlEAIYBCAA,https://www.instagram.com/tactilecafe?igsh=c3MxcTd2dXNhNDFi,,"Type: Coffee Shop
Arrondissement: 11e
Google: 4.9 (61 reviews)
Food types: cafe
Tags: bootstrap, coffee, Cafe, Cocktails
Google Maps: https://maps.google.com/?cid=2963649436371049162&g_mp=CiVnb29nbGUubWFwcy5wbGFjZXMudjEuUGxhY2VzLkdldFBsYWNlEAIYBCAA
Website: https://www.instagram.com/tactilecafe?igsh=c3MxcTd2dXNhNDFi"
Tai-yien Sarl,"5 Rue de Belleville, 75019 Paris, France",Paris,19e,,restaurant,,,,,48.8724707,2.377706,https://www.google.com/maps/search/?api=1&query=Tai-yien%20Sarl%2C%20Paris%2C%20France,http://tai-yien.placestars.com,,"Arrondissement: 19e
Food types: restaurant
Tags: Asian, Restaurant, Chinese
Google Maps: https://www.google.com/maps/search/?api=1&query=Tai-yien%20Sarl%2C%20Paris%2C%20France
Website: http://tai-yien.placestars.com"
Takara,"14 Rue Molière, 75001 Paris, France",Paris,1er,,restaurant,,,,,48.86497569999999,2.3359041,https://www.google.com/maps/search/?api=1&query=Takara%2C%20Paris%2C%20France,https://www.takara-paris.com/,https://bookings.zenchef.com/results?rid=360892&fullscreen=1&mini=0&pid=mapstr&primaryColor=FFC222&type=web,"Arrondissement: 1er
Food types: restaurant
Tags: Japanese, Simon Says, Restaurant
Google Maps: https://www.google.com/maps/search/?api=1&query=Takara%2C%20Paris%2C%20France
Website: https://www.takara-paris.com/
Booking: https://bookings.zenchef.com/results?rid=360892&fullscreen=1&mini=0&pid=mapstr&primaryColor=FFC222&type=web"
Takumi Pâtisserie - Opéra,"29 Rue des Pyramides, 75001 Paris, France",Paris,1er,,generic,,,4.1,1289,48.86630630493164,2.333714485168457,https://maps.google.com/?cid=388976838184746996&g_mp=CiVnb29nbGUubWFwcy5wbGFjZXMudjEuUGxhY2VzLkdldFBsYWNlEAIYBCAA,http://www.takumi-patisserie.com/,,"Type: Pastry Shop
Arrondissement: 1er
Google: 4.1 (1,289 reviews)
Food types: generic
Tags: Bakery, Pastry
Google summary: Japanese pastries & savouries such as cheesecake, vegan mochi & sandos in a trendy takeaway.
Google Maps: https://maps.google.com/?cid=388976838184746996&g_mp=CiVnb29nbGUubWFwcy5wbGFjZXMudjEuUGxhY2VzLkdldFBsYWNlEAIYBCAA
Website: http://www.takumi-patisserie.com/"
Takuto,"71 Rue de Seine, 75006 Paris, France",Paris,6e,,restaurant,,,4.3,301,48.8541356,2.3370418,https://maps.google.com/?cid=4307833545181257148&g_mp=CiVnb29nbGUubWFwcy5wbGFjZXMudjEuUGxhY2VzLkdldFBsYWNlEAIYBCAA,http://www.takuto.fr/,,"Type: Japanese Restaurant
Arrondissement: 6e
Google: 4.3 (301 reviews)
Food types: restaurant
Tags: Japanese, Restaurant
Google Maps: https://maps.google.com/?cid=4307833545181257148&g_mp=CiVnb29nbGUubWFwcy5wbGFjZXMudjEuUGxhY2VzLkdldFBsYWNlEAIYBCAA
Website: http://www.takuto.fr/"
Tant d'Avenir Store,"46 Rue Godefroy Cavaignac, 75011 Paris, France",Paris,11e,,generic,,,,,48.8567684,2.380309,https://www.google.com/maps/search/?api=1&query=Tant%20d'Avenir%20Store%2C%20Paris%2C%20France,http://www.tantdavenir.com/,,"Arrondissement: 11e
Food types: generic
Tags: Shopping
Google Maps: https://www.google.com/maps/search/?api=1&query=Tant%20d'Avenir%20Store%2C%20Paris%2C%20France
Website: http://www.tantdavenir.com/"
TaoKan,"8 Rue du Sabot, 75006 Paris, France",Paris,6e,,restaurant,,,,,48.8526252,2.331509,https://www.google.com/maps/search/?api=1&query=TaoKan%2C%20Paris%2C%20France,http://www.taokan.fr/,https://bookings.zenchef.com/results?rid=357264&fullscreen=1&mini=0&pid=mapstr&primaryColor=FFC222&type=web,"Arrondissement: 6e
Food types: restaurant
Tags: Restaurant, Chinese
Google Maps: https://www.google.com/maps/search/?api=1&query=TaoKan%2C%20Paris%2C%20France
Website: http://www.taokan.fr/
Booking: https://bookings.zenchef.com/results?rid=357264&fullscreen=1&mini=0&pid=mapstr&primaryColor=FFC222&type=web"
Tavline,"25 Rue du Roi de Sicile, 75004 Paris, France",Paris,4e,,restaurant,,,,,48.8564339,2.3575287,https://www.google.com/maps/search/?api=1&query=Tavline%2C%20Paris%2C%20France,http://www.tavline.fr/,https://thefork.fr/restaurant/tavline-r508339/?cc=24751-923,"Arrondissement: 4e
Food types: restaurant
Tags: Restaurant, Israeli
Google Maps: https://www.google.com/maps/search/?api=1&query=Tavline%2C%20Paris%2C%20France
Website: http://www.tavline.fr/
Booking: https://thefork.fr/restaurant/tavline-r508339/?cc=24751-923"
"Tempilenti,bistrot italiano","13 Rue Gerbier, 75011 Paris, France",Paris,11e,,restaurant,,€€,4.6,306,48.85874649999999,2.385969299999999,https://maps.google.com/?cid=2697555490561104170&g_mp=CiVnb29nbGUubWFwcy5wbGFjZXMudjEuUGxhY2VzLkdldFBsYWNlEAIYBCAA,,https://thefork.fr/restaurant/tempilenti-r444697/?cc=24751-923,"Type: Italian Restaurant
Arrondissement: 11e
Price: €€
Google: 4.6 (306 reviews)
Food types: restaurant
Tags: Restaurant, Italian
Google Maps: https://maps.google.com/?cid=2697555490561104170&g_mp=CiVnb29nbGUubWFwcy5wbGFjZXMudjEuUGxhY2VzLkdldFBsYWNlEAIYBCAA
Booking: https://thefork.fr/restaurant/tempilenti-r444697/?cc=24751-923"
Ten Belles,"10 Rue de la Grange aux Belles, 75010 Paris, France",Paris,10e,,"cafe, brunch",,,,,48.873503,2.364797,https://www.google.com/maps/search/?api=1&query=Ten%20Belles%2C%20Paris%2C%20France,http://www.tenbelles.com/,,"Arrondissement: 10e
Food types: cafe, brunch
Tags: Brunch, Cafe, Restaurant, Take away
Google Maps: https://www.google.com/maps/search/?api=1&query=Ten%20Belles%2C%20Paris%2C%20France
Website: http://www.tenbelles.com/"
Ten Belles Bread,"53 Rue du Cherche-Midi, 75006 Paris, France",Paris,6e,,cafe,,,4.2,318,48.8487182,2.3252375,https://maps.google.com/?cid=6466161823921516753&g_mp=CiVnb29nbGUubWFwcy5wbGFjZXMudjEuUGxhY2VzLkdldFBsYWNlEAIYBCAA,https://m.facebook.com/tenbellesbread/?locale2=fr_FR,,"Type: Coffee Shop
Arrondissement: 6e
Google: 4.2 (318 reviews)
Food types: cafe
Tags: Cafe, Bakery
Google Maps: https://maps.google.com/?cid=6466161823921516753&g_mp=CiVnb29nbGUubWFwcy5wbGFjZXMudjEuUGxhY2VzLkdldFBsYWNlEAIYBCAA
Website: https://m.facebook.com/tenbellesbread/?locale2=fr_FR"
Terrass Hotel,"12-14 Rue Joseph de Maistre, 75018 Paris, France",Paris,18e,,"lodging, hotel",,,,,48.8865626,2.3329648,https://www.google.com/maps/search/?api=1&query=Terrass%20Hotel%2C%20Paris%2C%20France,http://www.terrass-hotel.com/,https://www.terrass-hotel.com/restaurant-booking,"Arrondissement: 18e
Food types: lodging, hotel
Tags: Bar, Hotel / BB, Trendy, Rooftop
Google Maps: https://www.google.com/maps/search/?api=1&query=Terrass%20Hotel%2C%20Paris%2C%20France
Website: http://www.terrass-hotel.com/
Booking: https://www.terrass-hotel.com/restaurant-booking"
Terroirs d'Avenir,"7 Rue du Nil, 75002 Paris, France",Paris,2e,,generic,,,,,48.8676838,2.347822,https://www.google.com/maps/search/?api=1&query=Terroirs%20d'Avenir%2C%20Paris%2C%20France,http://www.terroirs-avenir.fr/,,"Arrondissement: 2e
Food types: generic
Tags: Food shop
Google Maps: https://www.google.com/maps/search/?api=1&query=Terroirs%20d'Avenir%2C%20Paris%2C%20France
Website: http://www.terroirs-avenir.fr/"
Terronia ristorante italiano,"75005 Paris, 11 Rue des Boulangers, 75005 Paris, France",Paris,5e,,restaurant,,€€,4.8,586,48.8456972,2.3539994,https://maps.google.com/?cid=3361888963966891197&g_mp=CiVnb29nbGUubWFwcy5wbGFjZXMudjEuUGxhY2VzLkdldFBsYWNlEAIYBCAA,http://www.terronia.fr/,https://thefork.fr/restaurant/terronia-r274413/?cc=24751-923,"Type: Italian Restaurant
Arrondissement: 5e
Price: €€
Google: 4.8 (586 reviews)
Food types: restaurant
Tags: Restaurant, Italian
Google summary: Homemade Italian dishes made with seasonal ingredients served in a cozy, down-to-earth restaurant.
Google Maps: https://maps.google.com/?cid=3361888963966891197&g_mp=CiVnb29nbGUubWFwcy5wbGFjZXMudjEuUGxhY2VzLkdldFBsYWNlEAIYBCAA
Website: http://www.terronia.fr/
Booking: https://thefork.fr/restaurant/terronia-r274413/?cc=24751-923"
The Broken Arm,"12 Rue Perrée, 75003 Paris, France",Paris,3e,,shopping,,,,,48.86469940000001,2.3615738,https://www.google.com/maps/search/?api=1&query=The%20Broken%20Arm%2C%20Paris%2C%20France,https://www.the-broken-arm.com/en/,,"Arrondissement: 3e
Food types: shopping
Tags: Concept-store
Google Maps: https://www.google.com/maps/search/?api=1&query=The%20Broken%20Arm%2C%20Paris%2C%20France
Website: https://www.the-broken-arm.com/en/"
The Coffee,"40 Rue des Gravilliers, 75003 Paris, France",Paris,3e,,cafe,,,4.6,794,48.8641424,2.356217599999999,https://maps.google.com/?cid=11051204357383150231&g_mp=CiVnb29nbGUubWFwcy5wbGFjZXMudjEuUGxhY2VzLkdldFBsYWNlEAIYBCAA,http://www.thecoffee.jp/,,"Type: Coffee Shop
Arrondissement: 3e
Google: 4.6 (794 reviews)
Food types: cafe
Tags: Cafe
Google Maps: https://maps.google.com/?cid=11051204357383150231&g_mp=CiVnb29nbGUubWFwcy5wbGFjZXMudjEuUGxhY2VzLkdldFBsYWNlEAIYBCAA
Website: http://www.thecoffee.jp/"
The French Bastards - Oberkampf,"61 Rue Oberkampf, Paris 75011",Paris,11e,,restaurant,,€€,4.3,1639,48.8648028,2.3728487,https://maps.google.com/?cid=175100171276993839&g_mp=CiVnb29nbGUubWFwcy5wbGFjZXMudjEuUGxhY2VzLkdldFBsYWNlEAIYBCAA,https://thefrenchbastards.fr/,,"Type: Bakery
Arrondissement: 11e
Price: €€
Google: 4.3 (1,639 reviews)
Food types: restaurant
Tags: Restaurant, Bakery, Take away, ❤️
Google Maps: https://maps.google.com/?cid=175100171276993839&g_mp=CiVnb29nbGUubWFwcy5wbGFjZXMudjEuUGxhY2VzLkdldFBsYWNlEAIYBCAA
Website: https://thefrenchbastards.fr/"
The French Bastards - Pigalle,"Rue Jean-Baptiste Pigalle, Paris, France",Paris,,,restaurant,,,4.4,839,48.8813544,2.3360804,https://maps.google.com/?cid=10390238060162233623&g_mp=CiVnb29nbGUubWFwcy5wbGFjZXMudjEuUGxhY2VzLkdldFBsYWNlEAIYBCAA,http://www.thefrenchbastards.fr/,https://thefrenchbastards.fr/fr/carte,"Type: Bakery
Google: 4.4 (839 reviews)
Food types: restaurant
Tags: Bakery
Google Maps: https://maps.google.com/?cid=10390238060162233623&g_mp=CiVnb29nbGUubWFwcy5wbGFjZXMudjEuUGxhY2VzLkdldFBsYWNlEAIYBCAA
Website: http://www.thefrenchbastards.fr/
Booking: https://thefrenchbastards.fr/fr/carte"
Thieng Heng,"50 Avenue d'Ivry, 75013 Paris, France",Paris,13e,,restaurant,,,,,48.8237286,2.3653228,https://www.google.com/maps/search/?api=1&query=Thieng%20Heng%2C%20Paris%2C%20France,http://www.facebook.com/pages/Thieng-Heng/137013389677990,,"Arrondissement: 13e
Food types: restaurant
Tags: Asian, Vietnamiese, Street food
Google Maps: https://www.google.com/maps/search/?api=1&query=Thieng%20Heng%2C%20Paris%2C%20France
Website: http://www.facebook.com/pages/Thieng-Heng/137013389677990"
Tomo,"11 Rue Chabanais, 75002 Paris, France",Paris,2e,,cafe,,€€,4.5,2125,48.8676336,2.3368502,https://maps.google.com/?cid=13153289668820617062&g_mp=CiVnb29nbGUubWFwcy5wbGFjZXMudjEuUGxhY2VzLkdldFBsYWNlEAIYBCAA,http://patisserietomo.fr/,,"Type: Tea House
Arrondissement: 2e
Price: €€
Google: 4.5 (2,125 reviews)
Food types: cafe
Tags: Japanese, Cafe
Google summary: Green tea, noodle lunches & sweet bean-filled dorayaki pancakes at an upscale Japanese-style cafe.
Google Maps: https://maps.google.com/?cid=13153289668820617062&g_mp=CiVnb29nbGUubWFwcy5wbGFjZXMudjEuUGxhY2VzLkdldFBsYWNlEAIYBCAA
Website: http://patisserietomo.fr/"
Toraya France Sarl,"10 Rue Saint-Florentin, 75001 Paris, France",Paris,1er,,cafe,,,,,48.867636,2.324534,https://www.google.com/maps/search/?api=1&query=Toraya%20France%20Sarl%2C%20Paris%2C%20France,https://www.toraya-group.co.jp/toraya-paris/,,"Arrondissement: 1er
Food types: cafe
Tags: Japanese
Google Maps: https://www.google.com/maps/search/?api=1&query=Toraya%20France%20Sarl%2C%20Paris%2C%20France
Website: https://www.toraya-group.co.jp/toraya-paris/"
Trois Fois Plus de Piment,"rue saint-martin 184, Paris 75003",Paris,3e,,restaurant,,,,,48.8628031,2.352435400000001,https://www.google.com/maps/search/?api=1&query=Trois%20Fois%20Plus%20de%20Piment%2C%20Paris%2C%20France,http://troisfoisplusdepiment.fr/,,"Arrondissement: 3e
Food types: restaurant
Tags: Asian, Restaurant, Chinese
Google Maps: https://www.google.com/maps/search/?api=1&query=Trois%20Fois%20Plus%20de%20Piment%2C%20Paris%2C%20France
Website: http://troisfoisplusdepiment.fr/"
Très Confidentiel,"44 Galerie de Montpensier, 75001 Paris, France",Paris,1er,,generic,,,,,48.8653439,2.3373527,https://www.google.com/maps/search/?api=1&query=Tr%C3%A8s%20Confidentiel%2C%20Paris%2C%20France,,,"Arrondissement: 1er
Food types: generic
Tags: Beauty
Google Maps: https://www.google.com/maps/search/?api=1&query=Tr%C3%A8s%20Confidentiel%2C%20Paris%2C%20France"
Tsukizi,"2 Bis Rue des Ciseaux, 75006 Paris, France",Paris,6e,,restaurant,,€€€,4.6,951,48.85312399999999,2.333942,https://maps.google.com/?cid=5918445731849910964&g_mp=CiVnb29nbGUubWFwcy5wbGFjZXMudjEuUGxhY2VzLkdldFBsYWNlEAIYBCAA,https://www.facebook.com/pages/Sushi-Tsukizi/146282612083900,https://bookings.zenchef.com/results?rid=365276&fullscreen=1&mini=0&pid=mapstr&primaryColor=FFC222&type=web,"Type: Japanese Restaurant
Arrondissement: 6e
Price: €€€
Google: 4.6 (951 reviews)
Food types: restaurant
Tags: Japanese, Restaurant
Google Maps: https://maps.google.com/?cid=5918445731849910964&g_mp=CiVnb29nbGUubWFwcy5wbGFjZXMudjEuUGxhY2VzLkdldFBsYWNlEAIYBCAA
Website: https://www.facebook.com/pages/Sushi-Tsukizi/146282612083900
Booking: https://bookings.zenchef.com/results?rid=365276&fullscreen=1&mini=0&pid=mapstr&primaryColor=FFC222&type=web"
Umami Matcha Café,"22 Rue Béranger, 75003 Paris, France",Paris,3e,,restaurant,,,,,48.8665548,2.3636103,https://www.google.com/maps/search/?api=1&query=Umami%20Matcha%20Caf%C3%A9%2C%20Paris%2C%20France,http://umamiparis.com/matchacafe,,"Arrondissement: 3e
Food types: restaurant
Tags: Restaurant, Tea house, Healthy
Google Maps: https://www.google.com/maps/search/?api=1&query=Umami%20Matcha%20Caf%C3%A9%2C%20Paris%2C%20France
Website: http://umamiparis.com/matchacafe"
Unico,"15 Rue Paul Bert, 75011 Paris, France",Paris,11e,,restaurant,,€€€,4.4,559,48.85204299999999,2.3845422,https://maps.google.com/?cid=14711097457517176008&g_mp=CiVnb29nbGUubWFwcy5wbGFjZXMudjEuUGxhY2VzLkdldFBsYWNlEAIYBCAA,http://www.resto-unico.com/,https://thefork.fr/restaurant/unico-r35147/?cc=24751-923,"Type: Argentinian Restaurant
Arrondissement: 11e
Price: €€€
Google: 4.4 (559 reviews)
Food types: restaurant
Tags: Restaurant, Argentinian
Google Maps: https://maps.google.com/?cid=14711097457517176008&g_mp=CiVnb29nbGUubWFwcy5wbGFjZXMudjEuUGxhY2VzLkdldFBsYWNlEAIYBCAA
Website: http://www.resto-unico.com/
Booking: https://thefork.fr/restaurant/unico-r35147/?cc=24751-923"
Urfa Durum,"58 Rue du Faubourg Saint-Denis, 75010 Paris, France",Paris,10e,,restaurant,,,,,48.87237719999999,2.354262799999999,https://www.google.com/maps/search/?api=1&query=Urfa%20Durum%2C%20Paris%2C%20France,http://www.facebook.com/pages/Urfa-Durum/240014419359256,,"Arrondissement: 10e
Food types: restaurant
Tags: Street food
Google Maps: https://www.google.com/maps/search/?api=1&query=Urfa%20Durum%2C%20Paris%2C%20France
Website: http://www.facebook.com/pages/Urfa-Durum/240014419359256"
Vandal,"56 Rue des Alouettes, 75019 Paris, France",Paris,19e,,restaurant,,,4.7,79,48.8781279,2.3855941,https://maps.google.com/?cid=15861491842056013646&g_mp=CiVnb29nbGUubWFwcy5wbGFjZXMudjEuUGxhY2VzLkdldFBsYWNlEAIYBCAA,https://www.instagram.com/vandal_paris/profilecard/?igsh=MW9mbDNyc3ZxazZheQ==,,"Type: Restaurant
Arrondissement: 19e
Google: 4.7 (79 reviews)
Food types: restaurant
Tags: Restaurant, Street food
Google Maps: https://maps.google.com/?cid=15861491842056013646&g_mp=CiVnb29nbGUubWFwcy5wbGFjZXMudjEuUGxhY2VzLkdldFBsYWNlEAIYBCAA
Website: https://www.instagram.com/vandal_paris/profilecard/?igsh=MW9mbDNyc3ZxazZheQ=="
Vantre,"19 Rue de la Fontaine au Roi, 75011 Paris, France",Paris,11e,,restaurant,,€€,4.4,670,48.8684941,2.3701551,https://maps.google.com/?cid=10696963794562617589&g_mp=CiVnb29nbGUubWFwcy5wbGFjZXMudjEuUGxhY2VzLkdldFBsYWNlEAIYBCAA,http://www.vantre.fr/,https://bookings.zenchef.com/results?rid=364088&fullscreen=1&mini=0&pid=mapstr&primaryColor=FFC222&type=web,"Type: French Restaurant
Arrondissement: 11e
Price: €€
Google: 4.4 (670 reviews)
Food types: restaurant
Tags: Restaurant
Google Maps: https://maps.google.com/?cid=10696963794562617589&g_mp=CiVnb29nbGUubWFwcy5wbGFjZXMudjEuUGxhY2VzLkdldFBsYWNlEAIYBCAA
Website: http://www.vantre.fr/
Booking: https://bookings.zenchef.com/results?rid=364088&fullscreen=1&mini=0&pid=mapstr&primaryColor=FFC222&type=web"
Vins Des Pyrénées,"25 Rue Beautreillis, Paris 75004",Paris,4e,,restaurant,,,,,48.8537471,2.3644369,https://www.google.com/maps/search/?api=1&query=Vins%20Des%20Pyr%C3%A9n%C3%A9es%2C%20Paris%2C%20France,http://www.vinsdespyrenees.com/,https://bookings.zenchef.com/results?rid=81101&fullscreen=1&mini=0&pid=mapstr&primaryColor=FFC222&type=web,"Arrondissement: 4e
Food types: restaurant
Tags: Wine bar, Restaurant, Trendy
Google Maps: https://www.google.com/maps/search/?api=1&query=Vins%20Des%20Pyr%C3%A9n%C3%A9es%2C%20Paris%2C%20France
Website: http://www.vinsdespyrenees.com/
Booking: https://bookings.zenchef.com/results?rid=81101&fullscreen=1&mini=0&pid=mapstr&primaryColor=FFC222&type=web"
Virtus,"29 rue de Cotte, 75012 Paris, France",Paris,12e,,restaurant,,,4.8,1419,48.85023,2.37814,https://maps.google.com/?cid=14741883095609162408&g_mp=CiVnb29nbGUubWFwcy5wbGFjZXMudjEuUGxhY2VzLkdldFBsYWNlEAIYBCAA,https://www.virtus-paris.com/,https://bookings.zenchef.com/results?rid=360122&fullscreen=1&mini=0&pid=mapstr&primaryColor=FFC222&type=web,"Type: Fine Dining Restaurant
Arrondissement: 12e
Google: 4.8 (1,419 reviews)
Food types: restaurant
Tags: Restaurant, Gastro / higher end
Google summary: Innovative, elevated tasting menus & wines are offered in this trendy restaurant with vintage decor.
Google Maps: https://maps.google.com/?cid=14741883095609162408&g_mp=CiVnb29nbGUubWFwcy5wbGFjZXMudjEuUGxhY2VzLkdldFBsYWNlEAIYBCAA
Website: https://www.virtus-paris.com/
Booking: https://bookings.zenchef.com/results?rid=360122&fullscreen=1&mini=0&pid=mapstr&primaryColor=FFC222&type=web"
Vivant 2,"43 Rue des Petites Écuries, 75010 Paris, Francia",Paris,10e,,restaurant,,€€,4.3,433,48.8738319,2.3496603,https://maps.google.com/?cid=7540361736806579762&g_mp=CiVnb29nbGUubWFwcy5wbGFjZXMudjEuUGxhY2VzLkdldFBsYWNlEAIYBCAA,http://www.vivantparis.com/,https://bookings.zenchef.com/results?rid=355093&fullscreen=1&mini=0&pid=mapstr&primaryColor=FFC222&type=web,"Type: Restaurant
Arrondissement: 10e
Price: €€
Google: 4.3 (433 reviews)
Food types: restaurant
Tags: Restaurant, Trendy, Frenchie, Wine bar, SH
Google summary: Gourmet cuisine made with healthy products, served in an industrial-chic space.
Google Maps: https://maps.google.com/?cid=7540361736806579762&g_mp=CiVnb29nbGUubWFwcy5wbGFjZXMudjEuUGxhY2VzLkdldFBsYWNlEAIYBCAA
Website: http://www.vivantparis.com/
Booking: https://bookings.zenchef.com/results?rid=355093&fullscreen=1&mini=0&pid=mapstr&primaryColor=FFC222&type=web"
Vivide,"3 Rue Dancourt, 75018 Paris, France",Paris,18e,,restaurant,,,5,101,48.8828721,2.3417228,https://maps.google.com/?cid=4802497093964052792&g_mp=CiVnb29nbGUubWFwcy5wbGFjZXMudjEuUGxhY2VzLkdldFBsYWNlEAIYBCAA,https://vivide-paris.com/,https://bookings.zenchef.com/results?rid=378721&fullscreen=1&mini=0&pid=mapstr&primaryColor=FFC222&type=web,"Type: Vegan Restaurant
Arrondissement: 18e
Google: 5.0 (101 reviews)
Food types: restaurant
Tags: Vegetarian, Restaurant
Google Maps: https://maps.google.com/?cid=4802497093964052792&g_mp=CiVnb29nbGUubWFwcy5wbGFjZXMudjEuUGxhY2VzLkdldFBsYWNlEAIYBCAA
Website: https://vivide-paris.com/
Booking: https://bookings.zenchef.com/results?rid=378721&fullscreen=1&mini=0&pid=mapstr&primaryColor=FFC222&type=web"
Walaku,"33 Rue Rousselet, 75007 Paris, France",Paris,7e,,restaurant,,,,,48.84833,2.318829,https://www.google.com/maps/search/?api=1&query=Walaku%2C%20Paris%2C%20France,http://walaku.net/,,"Arrondissement: 7e
Food types: restaurant
Tags: Japanese
Google Maps: https://www.google.com/maps/search/?api=1&query=Walaku%2C%20Paris%2C%20France
Website: http://walaku.net/"
Waly-Fay,"6 Rue Godefroy Cavaignac, 75011 Paris, France",Paris,11e,,restaurant,,€€,4.3,2034,48.85426359999999,2.3818758,https://maps.google.com/?cid=11783921577234026289&g_mp=CiVnb29nbGUubWFwcy5wbGFjZXMudjEuUGxhY2VzLkdldFBsYWNlEAIYBCAA,http://www.walyfay.fr/,https://bookings.zenchef.com/results?rid=351640&fullscreen=1&mini=0&pid=mapstr&primaryColor=FFC222&type=web,"Type: African Restaurant
Arrondissement: 11e
Price: €€
Google: 4.3 (2,034 reviews)
Food types: restaurant
Tags: Restaurant, African
Google summary: Traditional Senegalese fish stews & meat grills in an industrial-chic venue with an open kitchen.
Google Maps: https://maps.google.com/?cid=11783921577234026289&g_mp=CiVnb29nbGUubWFwcy5wbGFjZXMudjEuUGxhY2VzLkdldFBsYWNlEAIYBCAA
Website: http://www.walyfay.fr/
Booking: https://bookings.zenchef.com/results?rid=351640&fullscreen=1&mini=0&pid=mapstr&primaryColor=FFC222&type=web"
Wild & The Moon - Charlot - Restaurant vegan à Paris,"55 Rue Charlot, Paris 75003",Paris,3e,,restaurant,,,,,48.8634,2.363068,https://www.google.com/maps/search/?api=1&query=Wild%20%26%20The%20Moon%20-%20Charlot%20-%20Restaurant%20vegan%20%C3%A0%20Paris%2C%20Paris%2C%20France,http://www.wildandthemoon.fr/,https://www.wildandthemoon.fr/fr/content/31-la-carte-en-restaurant,"Arrondissement: 3e
Food types: restaurant
Tags: Restaurant, Healthy
Google Maps: https://www.google.com/maps/search/?api=1&query=Wild%20%26%20The%20Moon%20-%20Charlot%20-%20Restaurant%20vegan%20%C3%A0%20Paris%2C%20Paris%2C%20France
Website: http://www.wildandthemoon.fr/
Booking: https://www.wildandthemoon.fr/fr/content/31-la-carte-en-restaurant"
YPSELI,"88 Rue Réaumur, 75002 Paris, France",Paris,2e,,restaurant,,,4.5,122,48.8666846,2.3505081,https://maps.google.com/?cid=6223205888069770026&g_mp=CiVnb29nbGUubWFwcy5wbGFjZXMudjEuUGxhY2VzLkdldFBsYWNlEAIYBCAA,https://www.ypseli.com/,https://bookings.zenchef.com/results?rid=373012&fullscreen=1&mini=0&pid=mapstr&primaryColor=FFC222&type=web,"Type: Restaurant
Arrondissement: 2e
Google: 4.5 (122 reviews)
Food types: restaurant
Tags: Greek, Restaurant
Google Maps: https://maps.google.com/?cid=6223205888069770026&g_mp=CiVnb29nbGUubWFwcy5wbGFjZXMudjEuUGxhY2VzLkdldFBsYWNlEAIYBCAA
Website: https://www.ypseli.com/
Booking: https://bookings.zenchef.com/results?rid=373012&fullscreen=1&mini=0&pid=mapstr&primaryColor=FFC222&type=web"
Ya Lamaï Thaï Restaurant,"4 Rue Jean-Pierre Timbaud, 75011 Paris, France",Paris,11e,,restaurant,,,,,48.8647401,2.366461199999999,https://www.google.com/maps/search/?api=1&query=Ya%20Lama%C3%AF%20Tha%C3%AF%20Restaurant%2C%20Paris%2C%20France,http://www.yalamai.com/,,"Arrondissement: 11e
Food types: restaurant
Tags: Thaï, Restaurant
Google Maps: https://www.google.com/maps/search/?api=1&query=Ya%20Lama%C3%AF%20Tha%C3%AF%20Restaurant%2C%20Paris%2C%20France
Website: http://www.yalamai.com/"
Yard Cave & Restaurant,"6 Rue de Mont-Louis, 75011 Paris, France",Paris,11e,,restaurant,,€€,4.4,721,48.8581389,2.3883165,https://maps.google.com/?cid=5163899553133413880&g_mp=CiVnb29nbGUubWFwcy5wbGFjZXMudjEuUGxhY2VzLkdldFBsYWNlEAIYBCAA,https://www.culinaries.fr/yard-mont-louis/,https://bookings.zenchef.com/results?rid=350074&pid=mapstr,"Type: Restaurant
Arrondissement: 11e
Price: €€
Google: 4.4 (721 reviews)
Food types: restaurant
Tags: Restaurant, Trendy
Google summary: Intimate, relaxed venue with a long list of natural wines, plus creative food with a regional focus.
Google Maps: https://maps.google.com/?cid=5163899553133413880&g_mp=CiVnb29nbGUubWFwcy5wbGFjZXMudjEuUGxhY2VzLkdldFBsYWNlEAIYBCAA
Website: https://www.culinaries.fr/yard-mont-louis/
Booking: https://bookings.zenchef.com/results?rid=350074&pid=mapstr"
Yaya Secrétan,"33 Av. Secrétan, 75019 Paris, France",Paris,19e,,restaurant,,€€€,4,3310,48.8811718,2.3738043,https://maps.google.com/?cid=14007731380011403980&g_mp=CiVnb29nbGUubWFwcy5wbGFjZXMudjEuUGxhY2VzLkdldFBsYWNlEAIYBCAA,http://www.yayarestaurant.com/,https://bookings.zenchef.com/results?rid=352299&prescriber_id=20117&prescriber_name=MAPSTR&pid=mapstr,"Type: Greek Restaurant
Arrondissement: 19e
Price: €€€
Google: 4.0 (3,310 reviews)
Food types: restaurant
Tags: For groups, Restaurant
Google Maps: https://maps.google.com/?cid=14007731380011403980&g_mp=CiVnb29nbGUubWFwcy5wbGFjZXMudjEuUGxhY2VzLkdldFBsYWNlEAIYBCAA
Website: http://www.yayarestaurant.com/
Booking: https://bookings.zenchef.com/results?rid=352299&prescriber_id=20117&prescriber_name=MAPSTR&pid=mapstr"
Yen,"22 Rue Saint-Benoît, 75006 Paris, France",Paris,6e,,restaurant,,,,,48.85448400000001,2.332758000000001,https://www.google.com/maps/search/?api=1&query=Yen%2C%20Paris%2C%20France,http://www.yen-paris.fr/,,"Arrondissement: 6e
Food types: restaurant
Tags: Japanese, Restaurant
Google Maps: https://www.google.com/maps/search/?api=1&query=Yen%2C%20Paris%2C%20France
Website: http://www.yen-paris.fr/"
Yoshinori Restaurant,"18 Rue Grégoire de Tours, 75006 Paris, France",Paris,6e,,restaurant,,,4.7,541,48.85300779999999,2.3377114,https://maps.google.com/?cid=9744954947548753445&g_mp=CiVnb29nbGUubWFwcy5wbGFjZXMudjEuUGxhY2VzLkdldFBsYWNlEAIYBCAA,http://yoshinori-paris.com/,https://thefork.fr/restaurant/yoshinori-r386507/?cc=24751-923,"Type: Fine Dining Restaurant
Arrondissement: 6e
Google: 4.7 (541 reviews)
Food types: restaurant
Tags: Japanese, Restaurant
Google Maps: https://maps.google.com/?cid=9744954947548753445&g_mp=CiVnb29nbGUubWFwcy5wbGFjZXMudjEuUGxhY2VzLkdldFBsYWNlEAIYBCAA
Website: http://yoshinori-paris.com/
Booking: https://thefork.fr/restaurant/yoshinori-r386507/?cc=24751-923"
abri soba,"10 Rue Saulnier, 75009 Paris, France",Paris,9e,,restaurant,,,,,48.8750429,2.3445439,https://www.google.com/maps/search/?api=1&query=abri%20soba%2C%20Paris%2C%20France,https://m.facebook.com/pages/Abri-Soba/1664766163841812,,"Arrondissement: 9e
Food types: restaurant
Tags: Japanese, Restaurant, ❤️
Google Maps: https://www.google.com/maps/search/?api=1&query=abri%20soba%2C%20Paris%2C%20France
Website: https://m.facebook.com/pages/Abri-Soba/1664766163841812"
ajar,"34 Rue Sainte-Marthe, 75010 Paris, France",Paris,10e,,restaurant,,,4.8,197,48.8739225,2.3717824,https://maps.google.com/?cid=8456747558764190508&g_mp=CiVnb29nbGUubWFwcy5wbGFjZXMudjEuUGxhY2VzLkdldFBsYWNlEAIYBCAA,https://www.ajarrestaurant.com/,,"Type: Restaurant
Arrondissement: 10e
Google: 4.8 (197 reviews)
Food types: restaurant
Tags: Restaurant
Google Maps: https://maps.google.com/?cid=8456747558764190508&g_mp=CiVnb29nbGUubWFwcy5wbGFjZXMudjEuUGxhY2VzLkdldFBsYWNlEAIYBCAA
Website: https://www.ajarrestaurant.com/"
cafe du coin,"9 Rue Camille Desmoulins, 75011 Paris, France",Paris,11e,,restaurant,,,,,48.8590191,2.3809707,https://www.google.com/maps/search/?api=1&query=cafe%20du%20coin%2C%20Paris%2C%20France,https://www.instagram.com/cafe_du_coin/?hl=fr,,"Arrondissement: 11e
Food types: restaurant
Tags: Restaurant, Trendy
Google Maps: https://www.google.com/maps/search/?api=1&query=cafe%20du%20coin%2C%20Paris%2C%20France
Website: https://www.instagram.com/cafe_du_coin/?hl=fr"
come a casa,"7 Rue Pache, 75011 Paris, Frankreich",Paris,11e,,restaurant,,,,,48.85862050000001,2.3821945,https://www.google.com/maps/search/?api=1&query=come%20a%20casa%2C%20Paris%2C%20France,http://comeacasa7.tumblr.com/,,"Arrondissement: 11e
Food types: restaurant
Tags: Restaurant, Italian
Google Maps: https://www.google.com/maps/search/?api=1&query=come%20a%20casa%2C%20Paris%2C%20France
Website: http://comeacasa7.tumblr.com/"
dear Jane,"58 Rue Sainte-Anne, 75002 Paris, France",Paris,2e,,generic,,,4.7,357,48.86810930000001,2.3364478,https://maps.google.com/?cid=2427381887515607912&g_mp=CiVnb29nbGUubWFwcy5wbGFjZXMudjEuUGxhY2VzLkdldFBsYWNlEAIYBCAA,,,"Type: Bakery
Arrondissement: 2e
Google: 4.7 (357 reviews)
Food types: generic
Tags: Cafe
Google Maps: https://maps.google.com/?cid=2427381887515607912&g_mp=CiVnb29nbGUubWFwcy5wbGFjZXMudjEuUGxhY2VzLkdldFBsYWNlEAIYBCAA"
iRASSHAi,"Rue du Louvre, Paris, France",Paris,,,restaurant,,€€,4.4,2177,48.8626556,2.3417462,https://maps.google.com/?cid=13248258388653863634&g_mp=CiVnb29nbGUubWFwcy5wbGFjZXMudjEuUGxhY2VzLkdldFBsYWNlEAIYBCAA,https://irasshai.co/,https://irasshai.co/pages/les-espaces?utm_source=Mapstr&utm_medium=Mapstr&utm_campaign=Mapstr+&utm_id=Mapstr,"Type: Japanese Restaurant
Price: €€
Google: 4.4 (2,177 reviews)
Food types: restaurant
Tags: Japanese, Concept-store, Cafe, Restaurant, ❤️
Google Maps: https://maps.google.com/?cid=13248258388653863634&g_mp=CiVnb29nbGUubWFwcy5wbGFjZXMudjEuUGxhY2VzLkdldFBsYWNlEAIYBCAA
Website: https://irasshai.co/
Booking: https://irasshai.co/pages/les-espaces?utm_source=Mapstr&utm_medium=Mapstr&utm_campaign=Mapstr+&utm_id=Mapstr"
l'Arbre à Café,"10 Rue du Nil, 75002 Paris, France",Paris,2e,,cafe,,€€€,4.7,500,48.8677613,2.3476491,https://maps.google.com/?cid=4527613350223547957&g_mp=CiVnb29nbGUubWFwcy5wbGFjZXMudjEuUGxhY2VzLkdldFBsYWNlEAIYBCAA,https://www.larbreacafe.com/,,"Type: Coffee Shop
Arrondissement: 2e
Price: €€€
Google: 4.7 (500 reviews)
Food types: cafe
Tags: Cafe
Google Maps: https://maps.google.com/?cid=4527613350223547957&g_mp=CiVnb29nbGUubWFwcy5wbGFjZXMudjEuUGxhY2VzLkdldFBsYWNlEAIYBCAA
Website: https://www.larbreacafe.com/"
laïzé marais,"19 Rue de Montmorency, 75003 Paris, France",Paris,3e,,cafe,,€€,4.5,1718,48.8630426,2.355067,https://maps.google.com/?cid=10116702009320200129&g_mp=CiVnb29nbGUubWFwcy5wbGFjZXMudjEuUGxhY2VzLkdldFBsYWNlEAIYBCAA,http://www.laizeparis.com/,,"Type: Tea House
Arrondissement: 3e
Price: €€
Google: 4.5 (1,718 reviews)
Food types: cafe
Tags: Cafe, Asian
Google summary: Compact & trendy place for Taiwanese bubble tea in many flavors, plus extras like matcha cake.
Google Maps: https://maps.google.com/?cid=10116702009320200129&g_mp=CiVnb29nbGUubWFwcy5wbGFjZXMudjEuUGxhY2VzLkdldFBsYWNlEAIYBCAA
Website: http://www.laizeparis.com/"
laïzé sainte-avoye,"62 Rue du Temple, 75003 Paris, France",Paris,3e,,cafe,,,4.5,478,48.8625974,2.3576336,https://maps.google.com/?cid=13549150946073936609&g_mp=CiVnb29nbGUubWFwcy5wbGFjZXMudjEuUGxhY2VzLkdldFBsYWNlEAIYBCAA,http://www.laizeparis.com/,,"Type: Coffee Shop
Arrondissement: 3e
Google: 4.5 (478 reviews)
Food types: cafe
Tags: Cafe, Asian
Google summary: Stylish outfit with exposed-stone walls serving traditional brews, plus Taiwanese tea & cake.
Google Maps: https://maps.google.com/?cid=13549150946073936609&g_mp=CiVnb29nbGUubWFwcy5wbGFjZXMudjEuUGxhY2VzLkdldFBsYWNlEAIYBCAA
Website: http://www.laizeparis.com/"
le boulanger de la tour,"19 Quai de la Tournelle, 75005 Paris, France",Paris,5e,,restaurant,,,,,48.849909,2.354712999999999,https://www.google.com/maps/search/?api=1&query=le%20boulanger%20de%20la%20tour%2C%20Paris%2C%20France,https://tourdargent.com/le-boulanger/,,"Arrondissement: 5e
Food types: restaurant
Tags: Bakery
Google Maps: https://www.google.com/maps/search/?api=1&query=le%20boulanger%20de%20la%20tour%2C%20Paris%2C%20France
Website: https://tourdargent.com/le-boulanger/"
le grand café d’athènes,74 Rue du Faubourg Saint-Denis 75010 Paris France,Paris,10e,,generic,,,4.5,1297,48.8730878,2.3547662,https://maps.google.com/?cid=5547224877286693718&g_mp=CiVnb29nbGUubWFwcy5wbGFjZXMudjEuUGxhY2VzLkdldFBsYWNlEAIYBCAA,http://www.grandcafedathenes.fr/,https://bookings.zenchef.com/results?rid=353436&fullscreen=1&mini=0&pid=mapstr&primaryColor=FFC222&type=web,"Type: Greek Restaurant
Arrondissement: 10e
Google: 4.5 (1,297 reviews)
Food types: generic
Tags: Restaurant
Google summary: Meze platters, Greek meat grills & creative cocktails in a stylish venue with a terrace.
Google Maps: https://maps.google.com/?cid=5547224877286693718&g_mp=CiVnb29nbGUubWFwcy5wbGFjZXMudjEuUGxhY2VzLkdldFBsYWNlEAIYBCAA
Website: http://www.grandcafedathenes.fr/
Booking: https://bookings.zenchef.com/results?rid=353436&fullscreen=1&mini=0&pid=mapstr&primaryColor=FFC222&type=web"
sagan,"8 Rue Casimir Delavigne, 75006 Paris, France",Paris,6e,,restaurant,,,,,48.85040610000001,2.3391688,https://www.google.com/maps/search/?api=1&query=sagan%2C%20Paris%2C%20France,https://www.guide-restaurants-et-voyages-du-monde.com/restaurants/2113/1030/france/paris/restaurant-sagan,https://bookings.zenchef.com/results?rid=365377&fullscreen=1&mini=0&pid=mapstr&primaryColor=FFC222&type=web,"Arrondissement: 6e
Food types: restaurant
Tags: Japanese, Restaurant
Google Maps: https://www.google.com/maps/search/?api=1&query=sagan%2C%20Paris%2C%20France
Website: https://www.guide-restaurants-et-voyages-du-monde.com/restaurants/2113/1030/france/paris/restaurant-sagan
Booking: https://bookings.zenchef.com/results?rid=365377&fullscreen=1&mini=0&pid=mapstr&primaryColor=FFC222&type=web"
u.graine – сafé fleuriste,"5 Rue Littré, 75006 Paris, France",Paris,6e,,cafe,,,4.8,180,48.8457574,2.3239013,https://maps.google.com/?cid=6846975086751612385&g_mp=CiVnb29nbGUubWFwcy5wbGFjZXMudjEuUGxhY2VzLkdldFBsYWNlEAIYBCAA,,,"Type: Coffee Shop
Arrondissement: 6e
Google: 4.8 (180 reviews)
Food types: cafe
Tags: Cafe
Google Maps: https://maps.google.com/?cid=6846975086751612385&g_mp=CiVnb29nbGUubWFwcy5wbGFjZXMudjEuUGxhY2VzLkdldFBsYWNlEAIYBCAA"
yam'Tcha,"121 Rue Saint-Honoré, 75001 Paris, France",Paris,1er,,restaurant,,,,,48.86150120000001,2.341767,https://www.google.com/maps/search/?api=1&query=yam'Tcha%2C%20Paris%2C%20France,http://www.yamtcha.com/,https://bookings.zenchef.com/results?rid=351833&fullscreen=1&mini=0&pid=mapstr&primaryColor=FFC222&type=web,"Arrondissement: 1er
Food types: restaurant
Tags: Thaï, Restaurant, Chinese, Tea house, Trendy
Google Maps: https://www.google.com/maps/search/?api=1&query=yam'Tcha%2C%20Paris%2C%20France
Website: http://www.yamtcha.com/
Booking: https://bookings.zenchef.com/results?rid=351833&fullscreen=1&mini=0&pid=mapstr&primaryColor=FFC222&type=web"
À la Biche au Bois,"45 Av. Ledru Rollin, 75012 Paris, France",Paris,12e,,restaurant,,€€,4.5,1384,48.8506597,2.3754554,https://maps.google.com/?cid=2837411074796861473&g_mp=CiVnb29nbGUubWFwcy5wbGFjZXMudjEuUGxhY2VzLkdldFBsYWNlEAIYBCAA,https://www.facebook.com/alabicheaubois/,,"Type: French Restaurant
Arrondissement: 12e
Price: €€
Google: 4.5 (1,384 reviews)
Food types: restaurant
Tags: Restaurant
Google summary: Typical French fare like terrine & braised chicken, turned out in a relaxed setup.
Google Maps: https://maps.google.com/?cid=2837411074796861473&g_mp=CiVnb29nbGUubWFwcy5wbGFjZXMudjEuUGxhY2VzLkdldFBsYWNlEAIYBCAA
Website: https://www.facebook.com/alabicheaubois/"
À la mère de famille,"35 Rue du Faubourg Montmartre, 75009 Paris, France",Paris,9e,,generic,,,,,48.87395799999999,2.342328999999999,https://www.google.com/maps/search/?api=1&query=%C3%80%20la%20m%C3%A8re%20de%20famille%2C%20Paris%2C%20France,https://www.lameredefamille.com/,,"Arrondissement: 9e
Food types: generic
Tags: Candies, Chocolat
Google Maps: https://www.google.com/maps/search/?api=1&query=%C3%80%20la%20m%C3%A8re%20de%20famille%2C%20Paris%2C%20France
Website: https://www.lameredefamille.com/"
Åke - Au Quai Caviste Paris 10,"15 rue Alibert, 75010 Paris, France",Paris,10e,,library,,,,,48.87159,2.36728,https://www.google.com/maps/search/?api=1&query=%C3%85ke%20-%20Au%20Quai%20Caviste%20Paris%2010%2C%20Paris%2C%20France,http://www.akeparis.fr,,"Arrondissement: 10e
Food types: library
Tags: Restaurant, Bistrot, Trendy
Google Maps: https://www.google.com/maps/search/?api=1&query=%C3%85ke%20-%20Au%20Quai%20Caviste%20Paris%2010%2C%20Paris%2C%20France
Website: http://www.akeparis.fr"
Épopée,"52 Rue Léon Frot, 75011 Paris, France",Paris,11e,,restaurant,,,4.8,104,48.8561329,2.3861665,https://maps.google.com/?cid=9656181437775388142&g_mp=CiVnb29nbGUubWFwcy5wbGFjZXMudjEuUGxhY2VzLkdldFBsYWNlEAIYBCAA,https://www.epopee-charonne.fr/,,"Type: French Restaurant
Arrondissement: 11e
Google: 4.8 (104 reviews)
Food types: restaurant
Tags: Gastro / higher end, Restaurant
Google Maps: https://maps.google.com/?cid=9656181437775388142&g_mp=CiVnb29nbGUubWFwcy5wbGFjZXMudjEuUGxhY2VzLkdldFBsYWNlEAIYBCAA
Website: https://www.epopee-charonne.fr/"
Ētsi,"23 Rue Eugène Carrière, 75018 Paris, France",Paris,18e,,restaurant,,€€,4.7,1362,48.8903736,2.3328924,https://maps.google.com/?cid=11748891129945617625&g_mp=CiVnb29nbGUubWFwcy5wbGFjZXMudjEuUGxhY2VzLkdldFBsYWNlEAIYBCAA,https://www.etsi-paris.fr/,https://bookings.zenchef.com/results?rid=349457&fullscreen=1&mini=0&pid=mapstr&primaryColor=FFC222&type=web,"Type: Greek Restaurant
Arrondissement: 18e
Price: €€
Google: 4.7 (1,362 reviews)
Food types: restaurant
Tags: Greek
Google summary: Laid-back destination with a terrace offering Mediterranean small plates & wines.
Google Maps: https://maps.google.com/?cid=11748891129945617625&g_mp=CiVnb29nbGUubWFwcy5wbGFjZXMudjEuUGxhY2VzLkdldFBsYWNlEAIYBCAA
Website: https://www.etsi-paris.fr/
Booking: https://bookings.zenchef.com/results?rid=349457&fullscreen=1&mini=0&pid=mapstr&primaryColor=FFC222&type=web"
たから,"14 Rue Molière, 75001 Paris, France",Paris,1er,,restaurant,,€€€,4.5,1131,48.86497569999999,2.3359041,https://maps.google.com/?cid=11679062614182814962&g_mp=CiVnb29nbGUubWFwcy5wbGFjZXMudjEuUGxhY2VzLkdldFBsYWNlEAIYBCAA,https://www.takara-paris.com/,https://bookings.zenchef.com/results?rid=360892&fullscreen=1&mini=0&pid=mapstr&primaryColor=FFC222&type=web,"Type: Japanese Restaurant
Arrondissement: 1er
Price: €€€
Google: 4.5 (1,131 reviews)
Food types: restaurant
Tags: Restaurant, For groups, Japanese
Google summary: Artfully presented Japanese dishes like sushi & sukiyaki broth in a moody, wood-paneled dining room.
Google Maps: https://maps.google.com/?cid=11679062614182814962&g_mp=CiVnb29nbGUubWFwcy5wbGFjZXMudjEuUGxhY2VzLkdldFBsYWNlEAIYBCAA
Website: https://www.takara-paris.com/
Booking: https://bookings.zenchef.com/results?rid=360892&fullscreen=1&mini=0&pid=mapstr&primaryColor=FFC222&type=web"
