place_id,name,address,city,neighborhood,arrondissement,cuisine_type,food_type,price_range,tags,source_url,evidence_snippet,confidence_score,needs_review,reviewer_notes,approved,corrected_name,corrected_address,corrected_city,corrected_neighborhood,corrected_price_range,corrected_tags
cmogx2lcb007inwb2prrbwz8b,48 Collagen Café,,Paris,,,,cafe,,"madame-figaro, wellness, 9e",https://madame.lefigaro.fr/cuisine/actu-cuisine/en-video-les-adresses-de-philippine-au-48-collagen-cafe-premier-cafe-dedie-au-collagene-a-paris-20240123,"ÉPISODE 16.- Dans ce seizième épisode, Philippine Darblay nous ouvre les portes du 48 Collagen Café, le premier café spécialisé dans le collagène, situé dans le IXe arrondissement de Paris.",0.58,true,,,,,,,,
cmogx2leo007onwb2wk7fbx1w,Donna,,Paris,,,,"bar, restaurant",,"madame-figaro, wine-bar, centre-pompidou",https://mapstr.com/map/philoudarblay,"Saved on Philippine Darblay's public Mapstr map: Donna — Rue Saint-Martin, Paris, France",0.58,true,,,,,,,,
cmogx2lg1007unwb2beuhc2ry,Manteigaria,,Paris,,,Portuguese,"bakery, pastry-shop",,"madame-figaro, pastry, pastel-de-nata",https://madame.lefigaro.fr/cuisine/tendances-culinaires/en-video-les-adresses-de-philippine-chez-manteigaria-temple-du-pasteis-de-nata-20231114,"ÉPISODE 9.- Dans ce neuvième épisode, Philippine Darblay explore Manteigaria, une petite boutique portugaise spécialisée dans les pasteis de nata.",0.58,true,,,,,,,,
cmogx2lib0080nwb28b13ecq4,Muse,,Paris,,,Afro-Caribbean,restaurant,,"madame-figaro, afro-caribbean",https://madame.lefigaro.fr/cuisine/tendances-culinaires/en-video-les-adresses-de-philippine-chez-muse-le-nouveau-restaurant-afro-caribeen-20240408,ÉPISODE 26.-Imaginez un restaurant niché au cœur d'un vaste espace entièrement dédié au cinéma. Bienvenue chez Muse...,0.58,true,,,,,,,,
cmogx2llc0086nwb2a2lanlqf,Nepita,,Paris,,,Mediterranean,restaurant,,"madame-figaro, madeleine, hotel-restaurant",https://madame.lefigaro.fr/cuisine/tendances-culinaires/en-video-les-adresses-de-philippine-chez-nepita-le-nouveau-restaurant-aux-inspirations-mediterraneenne-20240611,"ÉPISODE 31.- Rendez-vous chez Nepita, le nouveau restaurant de l’hôtel Florida situé dans le quartier de la Madeleine à Paris. Philippine Darblay nous propose d’y découvrir une cuisine colorée et créative.",0.58,true,,,,,,,,
cmogx2l630076nwb225dou4y3,27/4 Sushi Yoshinaga,,Paris,,2e,Japanese,restaurant,,"madame-figaro, omakase, high-end",https://madame.lefigaro.fr/cuisine/actu-cuisine/en-video-les-adresses-de-philippine-au-27-4-le-nouveau-temple-de-l-art-de-vivre-japonais-a-paris-20231027,"ÉPISODE 6.- Dans ce sixième épisode, Philippine Darblay pousse les portes du 27/4 Sushi Yoshinaga, le nouveau restaurant japonais d'omakase à Paris qui va faire beaucoup parler de lui.",0.66,true,,,,,,,,
cmogx2l7h007cnwb2oydf5s7c,Kapé,,Paris,,11e,Filipino,cafe,,"madame-figaro, coffee, 11e",https://madame.lefigaro.fr/cuisine/actu-cuisine/en-video-les-adresses-de-philippine-chez-kape-le-nouveau-cafe-philippin-a-paris-20240219,"ÉPISODE 20.- Dans ce vingtième épisode, Philippine Darblay nous ouvre les portes de Kapé, un café philippin sis dans le XIe arrondissement de Paris.",0.66,true,,,,,,,,
cmogx2lo8008cnwb27fnn9yk0,Café de l’Usine,,Paris,,11e,,restaurant,,"madame-figaro, 11e, chef-driven",https://madame.lefigaro.fr/cuisine/actu-cuisine/en-video-les-adresses-de-philippine-au-cafe-de-l-usine-pour-decouvrir-la-carte-de-la-cheffe-alice-arnoux-20241206,"ÉPISODE 51.- Cette semaine, Philippine Darblay nous propose de déjeuner dans le dernier restaurant parisien de la cheffe Arnoux.",0.66,true,,,,,,,,
cmogx2lpb008inwb29dg4g3md,La Datcha,,Paris,,11e,,"restaurant, brunch",,"madame-figaro, 11e, brunch",https://madame.lefigaro.fr/cuisine/actu-cuisine/en-video-les-adresses-de-philippine-a-la-datcha-pour-un-brunch-gourmand-et-raffine-20241204,"ÉPISODE 49.- Cette semaine, Philippine Darblay nous donne rendez-vous dans le 11e arrondissement de Paris, dans un restaurant bistronomique.",0.66,true,,,,,,,,
cmogx2lq7008onwb2abv8atuy,Matka,,Paris,,3e,Polish,restaurant,,"madame-figaro, 3e, polish",https://madame.lefigaro.fr/cuisine/actu-cuisine/en-video-les-adresses-de-philippine-au-restaurant-matka-20241021,"ÉPISODE 45. - Cette semaine, Philippine Darblay nous propose un petit voyage à la découverte des saveurs polonaises dans un restaurant pour lequel elle a eu un véritable coup de cœur. ",0.66,true,,,,,,,,
cmogx2lr1008unwb2xalczx87,Paul Chêne,,Paris,,6e,French,restaurant,,"madame-figaro, frites, bistro",https://madame.lefigaro.fr/cuisine/actu-cuisine/en-video-les-adresses-de-philippine-chez-paul-chene-pour-deguster-les-meilleures-frites-de-paris-20250430,"ÉPISODE 57.- Elles sont croustillantes, dorées, fondantes... Dans ce nouvel épisode, Philippine Darblay pousse les portes du bistrot qui propose parmi les meilleures frites de la capitale.",0.66,true,,,,,,,,
cmogx2k210039nwb2l4ppk25a,FIRN | Biotechnology Skincare,"Rue Montorgueil, Paris, France",Paris,,,,generic,,"mapstr, public-map, Shopping",https://mapstr.com/map/philoudarblay,"Saved on Philippine Darblay's public Mapstr map: FIRN | Biotechnology Skincare — Rue Montorgueil, Paris, France",0.82,true,,,,,,,,
cmogx2knv004xnwb285sl6zen,La Maison de la Pistache - Paris 7°,"Rue du Bac, Paris, France",Paris,,,,generic,,"mapstr, public-map, Concept-store",https://mapstr.com/map/philoudarblay,"Saved on Philippine Darblay's public Mapstr map: La Maison de la Pistache - Paris 7° — Rue du Bac, Paris, France",0.82,true,,,,,,,,
cmogx2kw2005mnwb2p56bxs50,LUCIA POPA PARIS / Ex FULLTIMEGLAM,"Rue de Miromesnil, Paris, France",Paris,,,,generic,,"mapstr, public-map, Beauty",https://mapstr.com/map/philoudarblay,"Saved on Philippine Darblay's public Mapstr map: LUCIA POPA PARIS / Ex FULLTIMEGLAM — Rue de Miromesnil, Paris, France",0.82,true,,,,,,,,
cmogxnqt3000lnwx0hhs0jqr1,Aromme Boutique du Café,"Calle San Francisco, Santander, Espagne",,,,,cafe,,"To try, Cafe, mapstr, public-map",https://mapstr.com/map/philoudarblay,"Saved on Philippine Darblay's public Mapstr map: Aromme Boutique du Café — Calle San Francisco, Santander, Espagne",0.82,true,,,,,,,,
cmogxnqt4000qnwx0tsiidqfw,A donde Kontxi,"Adiskidetasun Kalea, Bilbao, Espagne",,,,,bar,,"To try, Restaurant, mapstr, public-map",https://mapstr.com/map/philoudarblay,"Saved on Philippine Darblay's public Mapstr map: A donde Kontxi — Adiskidetasun Kalea, Bilbao, Espagne",0.82,true,,,,,,,,
cmogxnqto001unwx0u7wtrexk,eme restaurant,"4 Impasse Guéménée, 75004 Paris",,,,,restaurant,,"Gastro / higher end, Restaurant, mapstr, public-map",https://mapstr.com/map/philoudarblay,"Saved on Philippine Darblay's public Mapstr map: eme restaurant — 4 Impasse Guéménée, 75004 Paris",0.82,true,,,,,,,,
cmogxnqts0024nwx0qclr7yq8,Chez coffee & brunch,"38 Rue de Sévigné, 75003 Paris, France",,,,,generic,,"Cafe, ❤️, mapstr, public-map",https://mapstr.com/map/philoudarblay,"Saved on Philippine Darblay's public Mapstr map: Chez coffee & brunch — 38 Rue de Sévigné, 75003 Paris, France",0.82,true,,,,,,,,
cmogxnqtv002enwx0uw2vj0gh,stoke,"Lindenstraße 34-35 (entrance via Feilnerstraße), 10969 Berlin",,,,,restaurant,,"Restaurant, mapstr, public-map",https://mapstr.com/map/philoudarblay,"Saved on Philippine Darblay's public Mapstr map: stoke — Lindenstraße 34-35 (entrance via Feilnerstraße), 10969 Berlin",0.82,true,,,,,,,,
cmogxnqvk005inwx0mamb33w1,Loy La Long Hotel,"Samphanthawong, Bangkok 10100, Thaïlande",Bangkok,,,,lodging,,"To try, Restaurant, mapstr, public-map",https://mapstr.com/map/philoudarblay,"Saved on Philippine Darblay's public Mapstr map: Loy La Long Hotel — Samphanthawong, Bangkok 10100, Thaïlande",0.82,true,,,,,,,,
cmogxnqvl005nnwx0tzfxhjko,BUTTER bakery & cafe by InterContinental,"Phloen Chit Road, Lumphini, Pathum Wan, Bangkok, Thaïlande",,,,,cafe,,"To try, Bakery, mapstr, public-map",https://mapstr.com/map/philoudarblay,"Saved on Philippine Darblay's public Mapstr map: BUTTER bakery & cafe by InterContinental — Phloen Chit Road, Lumphini, Pathum Wan, Bangkok, Thaïlande",0.82,true,,,,,,,,
cmogxnqvo005xnwx0zyn11j7u,Cento,"Sala Daeng 1/1, Si Lom, Bang Rak, Bangkok, Thaïlande",,,,,restaurant,,"To try, Restaurant, mapstr, public-map",https://mapstr.com/map/philoudarblay,"Saved on Philippine Darblay's public Mapstr map: Cento — Sala Daeng 1/1, Si Lom, Bang Rak, Bangkok, Thaïlande",0.82,true,,,,,,,,
cmogxnqw10071nwx0g88df4zp,Khao Yai Art Forest,"Pong Ta Long, Pak Chong, Province de Nakhon Ratchasima, Thaïlande",,,,,museum,,"To try, Sightseeing, mapstr, public-map",https://mapstr.com/map/philoudarblay,"Saved on Philippine Darblay's public Mapstr map: Khao Yai Art Forest — Pong Ta Long, Pak Chong, Province de Nakhon Ratchasima, Thaïlande",0.82,true,,,,,,,,
cmogxnqw9007qnwx0as2f6icr,Tsvari Roasters: Speciality Coffee,"Egnate Ninoshvili Street, Tbilissi, Géorgie",,,,,cafe,,"To try, Cafe, mapstr, public-map",https://mapstr.com/map/philoudarblay,"Saved on Philippine Darblay's public Mapstr map: Tsvari Roasters: Speciality Coffee — Egnate Ninoshvili Street, Tbilissi, Géorgie",0.82,true,,,,,,,,
cmogxnqwa007vnwx0fl6cs1vp,Noble Savage,"Rose Revolution Square, Tbilissi, Géorgie",,,,,generic,,"To try, Shopping, mapstr, public-map",https://mapstr.com/map/philoudarblay,"Saved on Philippine Darblay's public Mapstr map: Noble Savage — Rose Revolution Square, Tbilissi, Géorgie",0.82,true,,,,,,,,
cmogxnqwc0080nwx0q028yy9x,Dry Bridge Market,"Tbilissi, Géorgie",Tbilisi,,,,generic,,"To try, Market, ❤️, mapstr, public-map",https://mapstr.com/map/philoudarblay,"Saved on Philippine Darblay's public Mapstr map: Dry Bridge Market — Tbilissi, Géorgie",0.82,true,,,,,,,,
cmogxnqwh008fnwx085fjt3i8,KHIDI CLUB 中 კლუბი ხიდი,"President Heydar Aliyev Embankment, T'bilisi 0101, Géorgie",T'bilisi,,,,generic,,"To try, Dancing, ❤️, mapstr, public-map",https://mapstr.com/map/philoudarblay,"Saved on Philippine Darblay's public Mapstr map: KHIDI CLUB 中 კლუბი ხიდი — President Heydar Aliyev Embankment, T'bilisi 0101, Géorgie",0.82,true,,,,,,,,
cmogxnqwk008pnwx0k84svzyz,MutantRadio,"Tbilissi, Géorgie",Tbilissi,,,,generic,,"To try, Dancing, ❤️, mapstr, public-map",https://mapstr.com/map/philoudarblay,"Saved on Philippine Darblay's public Mapstr map: MutantRadio — Tbilissi, Géorgie",0.82,true,,,,,,,,
cmogxnqwl008unwx0b3zatl4z,Ice Crime,"Egnate Ninoshvili Street, Tbilissi, Géorgie",,,,,generic,,"To try, Icecream, mapstr, public-map",https://mapstr.com/map/philoudarblay,"Saved on Philippine Darblay's public Mapstr map: Ice Crime — Egnate Ninoshvili Street, Tbilissi, Géorgie",0.82,true,,,,,,,,
cmogxnqwq0099nwx0z0yjj5v3,Tsitska,"ნიკო ნიკოლაძის ქუჩა, Tbilisi, საქართველო",,,,,shopping,,"To try, Bar, mapstr, public-map",https://mapstr.com/map/philoudarblay,"Saved on Philippine Darblay's public Mapstr map: Tsitska — ნიკო ნიკოლაძის ქუჩა, Tbilisi, საქართველო",0.82,true,,,,,,,,
cmogxnqwt009jnwx0aei3nk9h,Patara gallery,"Tbilissi, Géorgie",Tbilissi,,,,art_gallery,,"To try, Sightseeing, mapstr, public-map",https://mapstr.com/map/philoudarblay,"Saved on Philippine Darblay's public Mapstr map: Patara gallery — Tbilissi, Géorgie",0.82,true,,,,,,,,
cmogxnqwv009onwx0tsmmc074,XO vinyl shop and bar,"Giorgi Akhvlediani Street, Tbilissi, Géorgie",,,,,generic,,"To try, Bar, Cafe, ❤️, mapstr, public-map",https://mapstr.com/map/philoudarblay,"Saved on Philippine Darblay's public Mapstr map: XO vinyl shop and bar — Giorgi Akhvlediani Street, Tbilissi, Géorgie",0.82,true,,,,,,,,
cmogxnqy800e4nwx0qcz3w23l,Le Mâche-dru,"60 Rue Saint-Louis-en-l'Île, 75004 Paris, France",Paris,,4e,,restaurant,,"Street food, mapstr, public-map",https://mapstr.com/map/philoudarblay,"Saved on Philippine Darblay's public Mapstr map: Le Mâche-dru — 60 Rue Saint-Louis-en-l'Île, 75004 Paris, France",0.82,true,,,,,,,,
cmogxnqyc00ejnwx0c5b7c78z,Hyodo Chicken,"Corée du Sud, Seoul, Gangnam-gu, Nonhyeon-dong, 105-4 120호 서울시 강남구 논현동 105-4 한진로즈힐아파트상가 101동",Seoul,,,,restaurant,,"Restaurant, mapstr, public-map",https://mapstr.com/map/philoudarblay,"Saved on Philippine Darblay's public Mapstr map: Hyodo Chicken — Corée du Sud, Seoul, Gangnam-gu, Nonhyeon-dong, 105-4 120호 서울시 강남구 논현동 105-4 한진로즈힐아파트상가 101동",0.82,true,,,,,,,,
cmogxnqyi00f3nwx0b9a0rjjz,Bouchon Racine,"66 Cowcross Street, Londres, EC1M 6BP, Royaume-Uni",Londres,,,,restaurant,,"To try, Frenchie, mapstr, public-map",https://mapstr.com/map/philoudarblay,"Saved on Philippine Darblay's public Mapstr map: Bouchon Racine — 66 Cowcross Street, Londres, EC1M 6BP, Royaume-Uni",0.82,true,,,,,,,,
cmogxnqyl00fdnwx0m3wu2x5w,Yodi Body,"Rue Victor Hugo, Montreuil, France",,,,,generic,,"To try, Beauty, mapstr, public-map",https://mapstr.com/map/philoudarblay,"Saved on Philippine Darblay's public Mapstr map: Yodi Body — Rue Victor Hugo, Montreuil, France",0.82,true,,,,,,,,
cmogxnqyo00fnnwx0iyo0ajyb,Dancefloor Paris - Champs Elysées,"Rue La Boétie, Paris, France",,,,,generic,,"To try, Dancing, mapstr, public-map",https://mapstr.com/map/philoudarblay,"Saved on Philippine Darblay's public Mapstr map: Dancefloor Paris - Champs Elysées — Rue La Boétie, Paris, France",0.82,true,,,,,,,,
cmogxnqyp00fsnwx0cvkukgxp,Boutique Spa Caudalie,"Rue Saint-Sulpice, Paris, France",,,,,generic,,"To try, Beauty, mapstr, public-map",https://mapstr.com/map/philoudarblay,"Saved on Philippine Darblay's public Mapstr map: Boutique Spa Caudalie — Rue Saint-Sulpice, Paris, France",0.82,true,,,,,,,,
cmogxnqz200h1nwx0cs354sw0,Appendix,"Cour de l'île Louviers, Paris, France",Paris,,,,generic,,"Concept-store, mapstr, public-map",https://mapstr.com/map/philoudarblay,"Saved on Philippine Darblay's public Mapstr map: Appendix — Cour de l'île Louviers, Paris, France",0.82,true,,,,,,,,
cmogxnqzc00i0nwx0qvkifeib,Bar omi,"6 Rue du Marché Saint-Honoré, 75001 Paris, France",,,,,generic,,"Restaurant, Trendy, Japanese, mapstr, public-map",https://mapstr.com/map/philoudarblay,"Saved on Philippine Darblay's public Mapstr map: Bar omi — 6 Rue du Marché Saint-Honoré, 75001 Paris, France",0.82,true,,,,,,,,
cmogxnqzh00ifnwx0dk3natmg,Sense Club,"Rue Monsieur le Prince, Paris, France",,,,,generic,,"Sport, mapstr, public-map",https://mapstr.com/map/philoudarblay,"Saved on Philippine Darblay's public Mapstr map: Sense Club — Rue Monsieur le Prince, Paris, France",0.82,true,,,,,,,,
cmogxnqzk00ipnwx098pifq39,Liza Panache,"Rue du Faubourg Montmartre, Paris, France",,,,,restaurant,,"Libanese, Restaurant, mapstr, public-map",https://mapstr.com/map/philoudarblay,"Saved on Philippine Darblay's public Mapstr map: Liza Panache — Rue du Faubourg Montmartre, Paris, France",0.82,true,,,,,,,,
cmogxnqzn00iznwx0375srbh3,GUNTHER PARIS,"Rue de Picardie, Paris, France",,,,,generic,,"Fashion, mapstr, public-map",https://mapstr.com/map/philoudarblay,"Saved on Philippine Darblay's public Mapstr map: GUNTHER PARIS — Rue de Picardie, Paris, France",0.82,true,,,,,,,,
cmogxnqzw00jtnwx0dgfd234m,FRAGMENT SAFETY,"Rue de la République, Marseille, France",,,,,generic,,"Bar, mapstr, public-map",https://mapstr.com/map/philoudarblay,"Saved on Philippine Darblay's public Mapstr map: FRAGMENT SAFETY — Rue de la République, Marseille, France",0.82,true,,,,,,,,
cmogxnr0500knnwx0rx7sxb00,GARI,"Boulevard Georges Clemenceau, Marseille, France",,,,,cafe,,"Restaurant, mapstr, public-map",https://mapstr.com/map/philoudarblay,"Saved on Philippine Darblay's public Mapstr map: GARI — Boulevard Georges Clemenceau, Marseille, France",0.82,true,,,,,,,,
cmogxnr0800kxnwx0u1fi002g,Chez Le Belge,"Calanque de Marseilleveyre, 13008 Marseille, France",Marseille,,,,restaurant,,"Restaurant, mapstr, public-map",https://mapstr.com/map/philoudarblay,"Saved on Philippine Darblay's public Mapstr map: Chez Le Belge — Calanque de Marseilleveyre, 13008 Marseille, France",0.82,true,,,,,,,,
cmogxnr0b00l7nwx04ghq2wmc,Cara Restaurant & Bar,"Kleine Hamburger Straße, Berlin, Allemagne",,,,,restaurant,,"To try, Restaurant, mapstr, public-map",https://mapstr.com/map/philoudarblay,"Saved on Philippine Darblay's public Mapstr map: Cara Restaurant & Bar — Kleine Hamburger Straße, Berlin, Allemagne",0.82,true,,,,,,,,
cmogxnr0f00lmnwx05hz9mxwe,Bratsera Hotel,"Tombazi Str., Idra 180 40, Grèce",Ydra,,,,"lodging, hotel",,"Hotel / BB, mapstr, public-map",https://mapstr.com/map/philoudarblay,"Saved on Philippine Darblay's public Mapstr map: Bratsera Hotel — Tombazi Str., Idra 180 40, Grèce",0.82,true,,,,,,,,
cmogxnr0s00mvnwx0c02zmuoe,Restaurant le saint esprit marseille,"16 Rue du Refuge, 13002 Marseille, France",,,,,generic,,"To try, Restaurant, mapstr, public-map",https://mapstr.com/map/philoudarblay,"Saved on Philippine Darblay's public Mapstr map: Restaurant le saint esprit marseille — 16 Rue du Refuge, 13002 Marseille, France",0.82,true,,,,,,,,
cmogxnr0u00n0nwx0mhwyxva3,Ghost Town,"Rue des Suisses, Arles, France",,,,,generic,,"Shopping, mapstr, public-map",https://mapstr.com/map/philoudarblay,"Saved on Philippine Darblay's public Mapstr map: Ghost Town — Rue des Suisses, Arles, France",0.82,true,,,,,,,,
cmogxnr1900ojnwx01ks74pnu,Ama lachei,"Kallidromiou 69, Athina 106 83, Grèce",,,,,generic,,"Restaurant, mapstr, public-map",https://mapstr.com/map/philoudarblay,"Saved on Philippine Darblay's public Mapstr map: Ama lachei — Kallidromiou 69, Athina 106 83, Grèce",0.82,true,,,,,,,,
cmogxnr1v00qmnwx0tm9ef9kh,Musée de la Mode et du Costume - Fragonard,"Rue de la Calade, Arles, France",,,,,museum,,"To try, Sightseeing, mapstr, public-map",https://mapstr.com/map/philoudarblay,"Saved on Philippine Darblay's public Mapstr map: Musée de la Mode et du Costume - Fragonard — Rue de la Calade, Arles, France",0.82,true,,,,,,,,
cmogxnr2300rlnwx05aqavknh,Le Relais du Castelet,"49 Cours Hyacinthe Bellon, 13990 Fontvieille, France",Fontvieille,,,,restaurant,,"To try, Restaurant, mapstr, public-map",https://mapstr.com/map/philoudarblay,"Saved on Philippine Darblay's public Mapstr map: Le Relais du Castelet — 49 Cours Hyacinthe Bellon, 13990 Fontvieille, France",0.82,true,,,,,,,,
cmogxnr2f00sunwx057cgc93w,Páou,"Place Paul Doumer, Arles, France",,,,,restaurant,,"To try, Restaurant, mapstr, public-map",https://mapstr.com/map/philoudarblay,"Saved on Philippine Darblay's public Mapstr map: Páou — Place Paul Doumer, Arles, France",0.82,true,,,,,,,,
cmogxnr2i00t4nwx0js0xriye,Jolie Bistrot,"Wörther Straße, Berlin, Allemagne",,,,,restaurant,,"To try, ❤️, Restaurant, mapstr, public-map",https://mapstr.com/map/philoudarblay,"Saved on Philippine Darblay's public Mapstr map: Jolie Bistrot — Wörther Straße, Berlin, Allemagne",0.82,true,,,,,,,,
cmogxnr2n00tonwx0loxr3hw2,ŌKAN STUDIO,"Rue Charlot, Paris, France",,,,,generic,,"Shopping, mapstr, public-map",https://mapstr.com/map/philoudarblay,"Saved on Philippine Darblay's public Mapstr map: ŌKAN STUDIO — Rue Charlot, Paris, France",0.82,true,,,,,,,,
cmogxnr3400v7nwx09825e41f,Ginger9 nail studio,"Rue de la Tour, Paris, France",,,,,generic,,"Beauty, mapstr, public-map",https://mapstr.com/map/philoudarblay,"Saved on Philippine Darblay's public Mapstr map: Ginger9 nail studio — Rue de la Tour, Paris, France",0.82,true,,,,,,,,
cmogxnr3500vcnwx0oqkbx1fd,Spark Club,"Rue Bellini, Paris, France",Paris,,,,generic,,"Sport, mapstr, public-map",https://mapstr.com/map/philoudarblay,"Saved on Philippine Darblay's public Mapstr map: Spark Club — Rue Bellini, Paris, France",0.82,true,,,,,,,,
cmogxnr3k00wqnwx0eyth4bvd,Dérive Marseille,"Rue de Suez, Marseille, France",,,,,restaurant,,"To try, Restaurant, mapstr, public-map",https://mapstr.com/map/philoudarblay,"Saved on Philippine Darblay's public Mapstr map: Dérive Marseille — Rue de Suez, Marseille, France",0.82,true,,,,,,,,
cmogxnr4t0111nwx09mczj1bn,La Ferme du pre,"Route du Pré Catelan, Paris, France",,,,,generic,,"To try, ❤️, Frenchie, Restaurant, mapstr, public-map, Gastro / higher end",https://mapstr.com/map/philoudarblay,"Saved on Philippine Darblay's public Mapstr map: La ferme du pré — Route du Pré Catelan, Paris, France",0.82,true,,,,,,,,
cmogxnr5h0139nwx0g2zc9qg1,Romeo’s sandwiches,"Lausitzer Str. 47, 10999 Berlin-Arrondissement de Friedrichshain-Kreuzberg, Allemagne",,,,,generic,,"To try, Restaurant, Street food, mapstr, public-map",https://mapstr.com/map/philoudarblay,"Saved on Philippine Darblay's public Mapstr map: Romeo’s sandwiches — Lausitzer Str. 47, 10999 Berlin-Arrondissement de Friedrichshain-Kreuzberg, Allemagne",0.82,true,,,,,,,,
cmogxnr6b0166nwx088c0mu29,Ring Katarina,"Katarina Bangata 66, SE-116 39 Stockholm, Suède",Stockholm,,,,restaurant,,"To try, Bar, Natural wine, mapstr, public-map",https://mapstr.com/map/philoudarblay,"Saved on Philippine Darblay's public Mapstr map: Ring Katarina — Katarina Bangata 66, SE-116 39 Stockholm, Suède",0.82,true,,,,,,,,
cmogxnr6g016lnwx05302wqyh,Remedy,"Artillerigatan, Stockholm, Suède",,,,,generic,,"Sport, mapstr, public-map",https://mapstr.com/map/philoudarblay,"Saved on Philippine Darblay's public Mapstr map: Remedy — Artillerigatan, Stockholm, Suède",0.82,true,,,,,,,,
cmogxnr6p017knwx0uih5g8vp,PICCOLO (NOTTE),"Rue Crespin du Gast, Paris, France",,,,,bar,,"❤️, Dancing, Restaurant, Trendy, mapstr, public-map",https://mapstr.com/map/philoudarblay,"Saved on Philippine Darblay's public Mapstr map: PICCOLO (NOTTE) — Rue Crespin du Gast, Paris, France",0.82,true,,,,,,,,
cmogxnr6v0184nwx0y8e6l74y,Zum Heiligen Teufel,"Muskauer Straße 9, Kreuzberg, 10997 Berlin, Deutschland",,,,,restaurant,,"To try, ❤️, Restaurant, mapstr, public-map",https://mapstr.com/map/philoudarblay,"Saved on Philippine Darblay's public Mapstr map: Zum Heiligen Teufel — Muskauer Straße 9, Kreuzberg, 10997 Berlin, Deutschland",0.82,true,,,,,,,,
cmogxnr750193nwx0woqh0lja,Akra,"Aminta 12, Athina 116 35, Greece",,,,,generic,,"To try, Restaurant, mapstr, public-map",https://mapstr.com/map/philoudarblay,"Saved on Philippine Darblay's public Mapstr map: Akra — Aminta 12, Athina 116 35, Greece",0.82,true,,,,,,,,
cmogxnr78019dnwx0bn3eks3w,Albion Jeune,"Little Portland Street, Londres, Royaume-Uni",,,,,art_gallery,,"Art, mapstr, public-map",https://mapstr.com/map/philoudarblay,"Saved on Philippine Darblay's public Mapstr map: Albion Jeune — Little Portland Street, Londres, Royaume-Uni",0.82,true,,,,,,,,
cmogxnr7o01awnwx0gpevwef0,SILO / LAGREE STUDIO PARIS,"Boulevard Malesherbes, Paris, France",,,,,generic,,"Sport, mapstr, public-map",https://mapstr.com/map/philoudarblay,"Saved on Philippine Darblay's public Mapstr map: SILO / LAGREE STUDIO PARIS — Boulevard Malesherbes, Paris, France",0.82,true,,,,,,,,
cmogxnr7p01b1nwx02wyinihh,CHANEL PARFUMS ET BEAUTÉ PASSY,"Chaussée de la Muette, Paris, France",,,,,generic,,"Beauty, mapstr, public-map",https://mapstr.com/map/philoudarblay,"Saved on Philippine Darblay's public Mapstr map: CHANEL PARFUMS ET BEAUTÉ PASSY — Chaussée de la Muette, Paris, France",0.82,true,,,,,,,,
cmogxnr7r01b6nwx0p6c3sph4,L'Entropiste,"Rue des Francs Bourgeois, Paris, France",,,,,generic,,"Shopping, Beauty, mapstr, public-map",https://mapstr.com/map/philoudarblay,"Saved on Philippine Darblay's public Mapstr map: L'Entropiste — Rue des Francs Bourgeois, Paris, France",0.82,true,,,,,,,,
cmogxnr8t01eunwx0wa3nb9p3,Itzik and Ruti,"Sheinkin St 53, Tel Aviv-Yafo, Israël",,,,,generic,,"To try, Street food, mapstr, public-map",https://mapstr.com/map/philoudarblay,"Saved on Philippine Darblay's public Mapstr map: Itzik and Ruti — Sheinkin St 53, Tel Aviv-Yafo, Israël",0.82,true,,,,,,,,
cmogxnr8u01eznwx0yjqcmccc,NÜD by House of Beauty,"Avenue Charles de Gaulle, Neuilly-sur-Seine, France",,,,,generic,,"Beauty, mapstr, public-map",https://mapstr.com/map/philoudarblay,"Saved on Philippine Darblay's public Mapstr map: NÜD by House of Beauty — Avenue Charles de Gaulle, Neuilly-sur-Seine, France",0.82,true,,,,,,,,
cmogxnr9e01gsnwx081ucyb5w,Etienne Sekola,"Rue Aubriot, Paris, France",,,,,generic,,"Beauty, mapstr, public-map",https://mapstr.com/map/philoudarblay,"Saved on Philippine Darblay's public Mapstr map: Etienne Sekola — Rue Aubriot, Paris, France",0.82,true,,,,,,,,
cmogxnr9h01h2nwx048l7ofv9,Jumpman studio & Café,"2 Avenue Alphand, 75116 Paris, France",Paris,,16e,,cafe,,"Sport, mapstr, public-map",https://mapstr.com/map/philoudarblay,"Saved on Philippine Darblay's public Mapstr map: Jumpman studio & Café — 2 Avenue Alphand, 75116 Paris, France",0.82,true,,,,,,,,
cmogxnr9v01ignwx04pszbff8,The french bastards Lévis,"52 R. de Lévis, 75017 Paris, France",,,,,generic,,"Bakery, mapstr, public-map",https://mapstr.com/map/philoudarblay,"Saved on Philippine Darblay's public Mapstr map: The french bastards Lévis — 52 R. de Lévis, 75017 Paris, France",0.82,true,,,,,,,,
cmogxnraz01m9nwx0edn0ux4q,Kitesy Martin Studio,"Passage Charles Dallery, Paris, France",,,,,generic,,"Shopping, mapstr, public-map",https://mapstr.com/map/philoudarblay,"Saved on Philippine Darblay's public Mapstr map: Kitesy Martin Studio — Passage Charles Dallery, Paris, France",0.82,true,,,,,,,,
cmogxnrbx01pqnwx0o1yfk6nb,Touhichi,"Japon, 〒603-8475 Kyōto-fu, Kyōto-shi, Kita-ku, Ōmiya Kitahakonoichō, 大宮北箱ノ井町３３−６",Kita-ku,,,,restaurant,,"To try, Restaurant, mapstr, public-map",https://mapstr.com/map/philoudarblay,"Saved on Philippine Darblay's public Mapstr map: Touhichi — Japon, 〒603-8475 Kyōto-fu, Kyōto-shi, Kita-ku, Ōmiya Kitahakonoichō, 大宮北箱ノ井町３３−６",0.82,true,,,,,,,,
cmogxnrc001q0nwx05hoa4eek,LOGI 로기,"Corée du Sud, Séoul, Yongsan-gu, Hannam-dong, Hannam-daero 27ga-gil",,,,,restaurant,,"To try, Restaurant, mapstr, public-map",https://mapstr.com/map/philoudarblay,"Saved on Philippine Darblay's public Mapstr map: LOGI 로기 — Corée du Sud, Séoul, Yongsan-gu, Hannam-dong, Hannam-daero 27ga-gil",0.82,true,,,,,,,,
cmogxnrc201q5nwx08h8gc0qd,Ppau,"157 Eulji-ro, Sallim-dong, Jung-gu, Seoul, Corée du Sud",Seoul,,,,generic,,"To try, Dessert, mapstr, public-map",https://mapstr.com/map/philoudarblay,"Saved on Philippine Darblay's public Mapstr map: Ppau — 157 Eulji-ro, Sallim-dong, Jung-gu, Seoul, Corée du Sud",0.82,true,,,,,,,,
cmogxnrc301qanwx0tpicj89u,Shunsuke,"3 Chome-44-44-4 Asagayaminami, Suginami-ku, Tōkyō-to 166-0004, Japon",Suginami-ku,,,,restaurant,,"To try, Restaurant, mapstr, public-map",https://mapstr.com/map/philoudarblay,"Saved on Philippine Darblay's public Mapstr map: Shunsuke — 3 Chome-44-44-4 Asagayaminami, Suginami-ku, Tōkyō-to 166-0004, Japon",0.82,true,,,,,,,,
cmogxnrc601qknwx0ta0exyf5,ZEST SEOUL,"South Korea, Seoul, Cheongdam-dong, 지하 1층 26 KR 서울특별시 강남구 도산대로 55길",Seoul,,,,bar,,"To try, Bar, mapstr, public-map",https://mapstr.com/map/philoudarblay,"Saved on Philippine Darblay's public Mapstr map: ZEST SEOUL — South Korea, Seoul, Cheongdam-dong, 지하 1층 26 KR 서울특별시 강남구 도산대로 55길",0.82,true,,,,,,,,
cmogxnrcd01r9nwx0dt77olt4,Kith Seoul,"2ga, 322-5 Seongsu-dong 2(i)-ga, Seongdong-gu, Seoul, South Korea",Seoul,,,,generic,,"To try, Shopping, Restaurant, mapstr, public-map",https://mapstr.com/map/philoudarblay,"Saved on Philippine Darblay's public Mapstr map: Kith Seoul — 2ga, 322-5 Seongsu-dong 2(i)-ga, Seongdong-gu, Seoul, South Korea",0.82,true,,,,,,,,
cmogxnrcf01renwx09vc2b272,Tosokchon Samgyetang,"5 Jahamun-ro 5-gil, Chebu-dong, Jongno-gu, Seoul, Corée du Sud",Seoul,,,,restaurant,,"To try, ❤️, Restaurant, mapstr, public-map",https://mapstr.com/map/philoudarblay,"Saved on Philippine Darblay's public Mapstr map: Tosokchon Samgyetang — 5 Jahamun-ro 5-gil, Chebu-dong, Jongno-gu, Seoul, Corée du Sud",0.82,true,,,,,,,,
cmogxnrcg01rjnwx0l7teir8m,Nanpo Hannam,"18 Itaewon-ro 49-gil, Hannam-dong, Yongsan-gu, Seoul, Corée du Sud",Seoul,,,,restaurant,,"To try, Restaurant, mapstr, public-map",https://mapstr.com/map/philoudarblay,"Saved on Philippine Darblay's public Mapstr map: Nanpo Hannam — 18 Itaewon-ro 49-gil, Hannam-dong, Yongsan-gu, Seoul, Corée du Sud",0.82,true,,,,,,,,
cmogxnrch01ronwx0sru3oafi,Hansung Kalguksu,"62-13, Nonhyeon-dong, Gangnam-gu, Seoul, Corée du Sud",Seoul,,,,restaurant,,"To try, Restaurant, mapstr, public-map",https://mapstr.com/map/philoudarblay,"Saved on Philippine Darblay's public Mapstr map: Hansung Kalguksu — 62-13, Nonhyeon-dong, Gangnam-gu, Seoul, Corée du Sud",0.82,true,,,,,,,,
cmogxnrcj01rtnwx0m6cwy0u0,Skin spa seoul,"Namdaemun-ro, Jung District, Seoul, Corée du Sud",,,,,generic,,"To try, Beauty, mapstr, public-map",https://mapstr.com/map/philoudarblay,"Saved on Philippine Darblay's public Mapstr map: Skin spa seoul — Namdaemun-ro, Jung District, Seoul, Corée du Sud",0.82,true,,,,,,,,
cmogxnrck01rynwx0o3tc81co,Yeo YongGuk Korean Spa,"197-3, 송파구 서울특별시 Corea del Sud",서울특별시,,,,generic,,"To try, Beauty, mapstr, public-map",https://mapstr.com/map/philoudarblay,"Saved on Philippine Darblay's public Mapstr map: Yeo YongGuk Korean Spa — 197-3, 송파구 서울특별시 Corea del Sud",0.82,true,,,,,,,,
cmogxnrcl01s3nwx0btudpb3j,Spa DearOrganic,"23 Samseong-ro 119-gil, Gangnam-gu, Séoul, Corée du Sud",,,,,generic,,"To try, Beauty, mapstr, public-map",https://mapstr.com/map/philoudarblay,"Saved on Philippine Darblay's public Mapstr map: Spa DearOrganic — 23 Samseong-ro 119-gil, Gangnam-gu, Séoul, Corée du Sud",0.82,true,,,,,,,,
cmogxnrcn01s8nwx0x60fec46,Baek nyun ok,"2407 Nambusunhwan-ro, Seocho-gu, Seoul 06719, Corée du Sud",,,,,generic,,"To try, Restaurant, mapstr, public-map",https://mapstr.com/map/philoudarblay,"Saved on Philippine Darblay's public Mapstr map: Baek nyun ok — 2407 Nambusunhwan-ro, Seocho-gu, Seoul 06719, Corée du Sud",0.82,true,,,,,,,,
cmogxnrco01sdnwx01onqdfmk,Tim Ho Wan Samseong,"148-15 Samseong 1(il)-dong, Gangnam-gu, Seoul, South Korea",Seoul,,,,restaurant,,"To try, Restaurant, mapstr, public-map",https://mapstr.com/map/philoudarblay,"Saved on Philippine Darblay's public Mapstr map: Tim Ho Wan Samseong — 148-15 Samseong 1(il)-dong, Gangnam-gu, Seoul, South Korea",0.82,true,,,,,,,,
cmogxnrcq01sinwx04wb72mto,Mandoojip,"661-1 Sinsa-dong, Gangnam-gu, Seoul, South Korea",Seoul,,,,restaurant,,"To try, Restaurant, mapstr, public-map",https://mapstr.com/map/philoudarblay,"Saved on Philippine Darblay's public Mapstr map: Mandoojip — 661-1 Sinsa-dong, Gangnam-gu, Seoul, South Korea",0.82,true,,,,,,,,
cmogxnrcr01snnwx0xfb84pi3,Gebangsikdang,"17 Seolleung-ro 131-gil, Nonhyeon-dong, Gangnam-gu, Seoul, Corée du Sud",Seoul,,,,restaurant,,"To try, Restaurant, mapstr, public-map",https://mapstr.com/map/philoudarblay,"Saved on Philippine Darblay's public Mapstr map: Gebangsikdang — 17 Seolleung-ro 131-gil, Nonhyeon-dong, Gangnam-gu, Seoul, Corée du Sud",0.82,true,,,,,,,,
cmogxnrcs01ssnwx0khk1kwox,Jinmi Pyeongyang Naengmyeon,"Corée du Sud, Seoul, Gangnam-gu, 학동로 305-3",Seoul,,,,restaurant,,"To try, Restaurant, mapstr, public-map",https://mapstr.com/map/philoudarblay,"Saved on Philippine Darblay's public Mapstr map: Jinmi Pyeongyang Naengmyeon — Corée du Sud, Seoul, Gangnam-gu, 학동로 305-3",0.82,true,,,,,,,,
cmogxnrcu01sxnwx0dtmbw2n9,Minami,"31-2 Seocho-daero 58-gil, Seocho-gu, Seoul, Corée du Sud",Seoul,,,,restaurant,,"To try, Restaurant, mapstr, public-map",https://mapstr.com/map/philoudarblay,"Saved on Philippine Darblay's public Mapstr map: Minami — 31-2 Seocho-daero 58-gil, Seocho-gu, Seoul, Corée du Sud",0.82,true,,,,,,,,
cmogxnrcv01t2nwx09so15m8r,Yurimmyeon,"139-1 Seosomun-ro, Jung-gu, Seoul, Corée du Sud",Seoul,,,,restaurant,,"To try, Restaurant, mapstr, public-map",https://mapstr.com/map/philoudarblay,"Saved on Philippine Darblay's public Mapstr map: Yurimmyeon — 139-1 Seosomun-ro, Jung-gu, Seoul, Corée du Sud",0.82,true,,,,,,,,
cmogxnrcx01t7nwx05wuk5rgm,Gaeseong Mandu Koong Yeonhui branch,"23 Yeonhuimat-ro, Seodaemun-gu, Seoul, Corée du Sud",Seoul,,,,restaurant,,"To try, Restaurant, mapstr, public-map",https://mapstr.com/map/philoudarblay,"Saved on Philippine Darblay's public Mapstr map: Gaeseong Mandu Koong Yeonhui branch — 23 Yeonhuimat-ro, Seodaemun-gu, Seoul, Corée du Sud",0.82,true,,,,,,,,
cmogxnrcz01tcnwx09fux1hhm,WooYukMyeonGwan Cheonggyecheon,"75-2 Cheonggyecheon-ro, Gwancheol-dong, Jongno-gu, Seoul, Corée du Sud",Seoul,,,,restaurant,,"To try, Restaurant, mapstr, public-map",https://mapstr.com/map/philoudarblay,"Saved on Philippine Darblay's public Mapstr map: WooYukMyeonGwan Cheonggyecheon — 75-2 Cheonggyecheon-ro, Gwancheol-dong, Jongno-gu, Seoul, Corée du Sud",0.82,true,,,,,,,,
cmogxnrd001thnwx02sscc680,Tteuran,"17-35 Supyo-ro 28-gil, Jongno 1(il).2(i).3(sam).4(sa), Jongno-gu, Seoul, Corée du Sud",Seoul,,,,cafe,,"To try, Tea house, mapstr, public-map",https://mapstr.com/map/philoudarblay,"Saved on Philippine Darblay's public Mapstr map: Tteuran — 17-35 Supyo-ro 28-gil, Jongno 1(il).2(i).3(sam).4(sa), Jongno-gu, Seoul, Corée du Sud",0.82,true,,,,,,,,
cmogxnrd101tmnwx0ayhv7zb7,Dawon,"110-2 Junghak-dong, Jongno-gu, Seoul, Corée du Sud",Seoul,,,,restaurant,,"To try, Tea house, mapstr, public-map",https://mapstr.com/map/philoudarblay,"Saved on Philippine Darblay's public Mapstr map: Dawon — 110-2 Junghak-dong, Jongno-gu, Seoul, Corée du Sud",0.82,true,,,,,,,,
cmogxnrd201trnwx0n41ein6s,Suyeonsanbang,"8 Seongbuk-ro 26-gil, Seongbuk-dong, Seongbuk-gu, Seoul, Corée du Sud",Seoul,,,,cafe,,"To try, Tea house, mapstr, public-map",https://mapstr.com/map/philoudarblay,"Saved on Philippine Darblay's public Mapstr map: Suyeonsanbang — 8 Seongbuk-ro 26-gil, Seongbuk-dong, Seongbuk-gu, Seoul, Corée du Sud",0.82,true,,,,,,,,
cmogxnrd401twnwx0z0puh87b,Tea therapy,"74 Yunboseon-gil, Jongno-gu, Séoul, Corée du Sud",,,,,generic,,"To try, Tea house, mapstr, public-map",https://mapstr.com/map/philoudarblay,"Saved on Philippine Darblay's public Mapstr map: Tea therapy — 74 Yunboseon-gil, Jongno-gu, Séoul, Corée du Sud",0.82,true,,,,,,,,
cmogxnrd501u1nwx01nrhxmgp,Tea Therapy - Apgujeong Bonjeom,대한민국 서울 강남구 언주로173길,Seoul,,,,cafe,,"To try, Tea house, mapstr, public-map",https://mapstr.com/map/philoudarblay,Saved on Philippine Darblay's public Mapstr map: Tea Therapy - Apgujeong Bonjeom — 대한민국 서울 강남구 언주로173길,0.82,true,,,,,,,,
cmogxnrd601u6nwx063lzfzig,Traditional Teahouse Insadong,"South Korea, Seoul, Jongno-gu, Gwanhun-dong, 196-5",Seoul,,,,cafe,,"To try, Tea house, mapstr, public-map",https://mapstr.com/map/philoudarblay,"Saved on Philippine Darblay's public Mapstr map: Traditional Teahouse Insadong — South Korea, Seoul, Jongno-gu, Gwanhun-dong, 196-5",0.82,true,,,,,,,,
cmogxnrd801ubnwx0nrl43fmx,Gilsangsa Temple,"323, Seongbuk-dong, Seongbuk-gu, Seoul, Corée du Sud",Seoul,,,,generic,,"To try, Spot to visit, mapstr, public-map",https://mapstr.com/map/philoudarblay,"Saved on Philippine Darblay's public Mapstr map: Gilsangsa Temple — 323, Seongbuk-dong, Seongbuk-gu, Seoul, Corée du Sud",0.82,true,,,,,,,,
cmogxnrd901ugnwx0ntd3z9b6,"The foot shop ","61 Nonhyeon-ro 153-gil, Gangnam-gu, Séoul, Corée du Sud",,,,,generic,,"To try, Beauty, mapstr, public-map",https://mapstr.com/map/philoudarblay,"Saved on Philippine Darblay's public Mapstr map: The foot shop  — 61 Nonhyeon-ro 153-gil, Gangnam-gu, Séoul, Corée du Sud",0.82,true,,,,,,,,
cmogxnrdb01ulnwx0zuogjd6d,Sulwhasoo SPA Flagship Store,"18 Dosan-daero 45-gil, Sinsa-dong, Gangnam-gu, Seoul, Corée du Sud",Seoul,,,,generic,,"To try, Beauty, ❤️, mapstr, public-map",https://mapstr.com/map/philoudarblay,"Saved on Philippine Darblay's public Mapstr map: Sulwhasoo SPA Flagship Store — 18 Dosan-daero 45-gil, Sinsa-dong, Gangnam-gu, Seoul, Corée du Sud",0.82,true,,,,,,,,
cmogxnrdc01uqnwx0b1dczykw,Insadong Culture Street,"30-9 Gwanhun-dong, Jongno-gu, Seoul, Zuid-Korea",Seoul,,,,generic,,"To try, Spot to visit, mapstr, public-map",https://mapstr.com/map/philoudarblay,"Saved on Philippine Darblay's public Mapstr map: Insadong Culture Street — 30-9 Gwanhun-dong, Jongno-gu, Seoul, Zuid-Korea",0.82,true,,,,,,,,
cmogxnrde01uvnwx0jjht4xwr,Yeouido Hangang Park,"330 Yeouidong-ro, Yeoeuido-dong, Yeongdeungpo-gu, Seoul, Corée du Sud",Seoul,,,,generic,,"To try, Spot to visit, ❤️, mapstr, public-map",https://mapstr.com/map/philoudarblay,"Saved on Philippine Darblay's public Mapstr map: Yeouido Hangang Park — 330 Yeouidong-ro, Yeoeuido-dong, Yeongdeungpo-gu, Seoul, Corée du Sud",0.82,true,,,,,,,,
cmogxnrdf01v0nwx02wjm4w79,Banpo Hangang Park,"40 Sinbanpo-ro 11-gil, Seocho-gu, Seoul, Corée du Sud",Seoul,,,,generic,,"To try, Spot to visit, mapstr, public-map",https://mapstr.com/map/philoudarblay,"Saved on Philippine Darblay's public Mapstr map: Banpo Hangang Park — 40 Sinbanpo-ro 11-gil, Seocho-gu, Seoul, Corée du Sud",0.82,true,,,,,,,,
cmogxnrdg01v5nwx07i3q16e6,MMCA (National Museum of Modern and Contemporary Art) Seoul,"87-5 Sogyeok-dong, Jongno-gu, Seoul, Corée du Sud",Seoul,,,,museum,,"To try, Museum, mapstr, public-map",https://mapstr.com/map/philoudarblay,"Saved on Philippine Darblay's public Mapstr map: MMCA (National Museum of Modern and Contemporary Art) Seoul — 87-5 Sogyeok-dong, Jongno-gu, Seoul, Corée du Sud",0.82,true,,,,,,,,
cmogxnrdi01vanwx08fu1dmld,Leeum Museum of Art,"60-16 Itaewon-ro 55-gil, Yongsan-gu, Seoul, Corée du Sud",Seoul,,,,art_gallery,,"To try, Museum, ❤️, mapstr, public-map",https://mapstr.com/map/philoudarblay,"Saved on Philippine Darblay's public Mapstr map: Leeum Museum of Art — 60-16 Itaewon-ro 55-gil, Yongsan-gu, Seoul, Corée du Sud",0.82,true,,,,,,,,
cmogxnrdk01vknwx06nrwf8yh,Seodaemun Prison History Hall,"251 Tongil-ro, Cheonyeon-dong, Seodaemun-gu, Seoul, Corée du Sud",Seoul,,,,museum,,"To try, Spot to visit, Museum, mapstr, public-map",https://mapstr.com/map/philoudarblay,"Saved on Philippine Darblay's public Mapstr map: Seodaemun Prison History Hall — 251 Tongil-ro, Cheonyeon-dong, Seodaemun-gu, Seoul, Corée du Sud",0.82,true,,,,,,,,
cmogxnrdn01vunwx0vqxgqhbp,Cheonggyecheon Stream,"1 Cheonggyecheon-ro, Jongno-gu, Seoul, Corée du Sud",Seoul,,,,generic,,"To try, Spot to visit, mapstr, public-map",https://mapstr.com/map/philoudarblay,"Saved on Philippine Darblay's public Mapstr map: Cheonggyecheon Stream — 1 Cheonggyecheon-ro, Jongno-gu, Seoul, Corée du Sud",0.82,true,,,,,,,,
cmogxnrdo01vznwx0edm4utvj,bashparis,"517 Teheran-ro, Gangnam-gu, Séoul, Corée du Sud",,,,,generic,,"To try, Shopping, mapstr, public-map",https://mapstr.com/map/philoudarblay,"Saved on Philippine Darblay's public Mapstr map: bashparis — 517 Teheran-ro, Gangnam-gu, Séoul, Corée du Sud",0.82,true,,,,,,,,
cmogxnrdq01w4nwx0foun1zmx,Park Jun Beauty Lab Cheongdam Branch,,,,,,generic,,"To try, Beauty, mapstr, public-map",https://mapstr.com/map/philoudarblay,Saved on Philippine Darblay's public Mapstr map: Park Jun Beauty Lab Cheongdam Branch — address unavailable,0.82,true,,,,,,,,
cmogxnrdu01w9nwx0co2oczk5,Beekend,"395-11 Mangwon-dong, Mapo-gu, Seoul, Corée du Sud",Seoul,,,,restaurant,,"To try, Dessert, mapstr, public-map",https://mapstr.com/map/philoudarblay,"Saved on Philippine Darblay's public Mapstr map: Beekend — 395-11 Mangwon-dong, Mapo-gu, Seoul, Corée du Sud",0.82,true,,,,,,,,
cmogxnrdw01wenwx0vt76sg6o,Rafre Fruit,"685-495 Seongsu-dong 1(il)-ga, Seongdong-gu, Seoul, Corée du Sud",Seoul,,,,restaurant,,"To try, Dessert, mapstr, public-map",https://mapstr.com/map/philoudarblay,"Saved on Philippine Darblay's public Mapstr map: Rafre Fruit — 685-495 Seongsu-dong 1(il)-ga, Seongdong-gu, Seoul, Corée du Sud",0.82,true,,,,,,,,
cmogxnrdx01wjnwx0qw5u80tc,Dalim Bread,"Corée du Sud, Seoul, Seongdong-gu, Yeonmujang-gil, 38-2 1 층",Seoul,,,,restaurant,,"To try, Bakery, mapstr, public-map",https://mapstr.com/map/philoudarblay,"Saved on Philippine Darblay's public Mapstr map: Dalim Bread — Corée du Sud, Seoul, Seongdong-gu, Yeonmujang-gil, 38-2 1 층",0.82,true,,,,,,,,
cmogxnrdz01wonwx04xet1zbm,ADER ERROR SEONGSU,"82 Seongsui-ro, Seongdong-gu, Seoul, Corée du Sud",Seoul,,,,generic,,"To try, Concept-store, mapstr, public-map",https://mapstr.com/map/philoudarblay,"Saved on Philippine Darblay's public Mapstr map: ADER ERROR SEONGSU — 82 Seongsui-ro, Seongdong-gu, Seoul, Corée du Sud",0.82,true,,,,,,,,
cmogxnre001wtnwx0d6zg9vv8,undebt cafe,"11 Duteopbawi-ro 13-gil, Yongsan-gu, Seoul, Corée du Sud",Seoul,,,,cafe,,"To try, Cafe, mapstr, public-map",https://mapstr.com/map/philoudarblay,"Saved on Philippine Darblay's public Mapstr map: undebt cafe — 11 Duteopbawi-ro 13-gil, Yongsan-gu, Seoul, Corée du Sud",0.82,true,,,,,,,,
cmogxnre201wynwx00ycm25pt,Starfield Suwon,"111-11 Jeongja-dong, Jangan-gu, Suwon, Gyeonggi-do, Corée du Sud",Suwon,,,,generic,,"To try, Spot to visit, mapstr, public-map",https://mapstr.com/map/philoudarblay,"Saved on Philippine Darblay's public Mapstr map: Starfield Suwon — 111-11 Jeongja-dong, Jangan-gu, Suwon, Gyeonggi-do, Corée du Sud",0.82,true,,,,,,,,
cmogxnre301x3nwx0c39b9556,Piknic,"194 Namchang-dong, Jung-gu, Seoul, Corée du Sud",Seoul,,,,generic,,"To try, Museum, mapstr, public-map",https://mapstr.com/map/philoudarblay,"Saved on Philippine Darblay's public Mapstr map: Piknic — 194 Namchang-dong, Jung-gu, Seoul, Corée du Sud",0.82,true,,,,,,,,
cmogxnre401x8nwx02mod0sc4,Woo Lae Oak (Uraeok),"주교동 118-1, Jung-gu, Seoul, Corée du Sud",Seoul,,,,restaurant,,"To try, Restaurant, mapstr, public-map",https://mapstr.com/map/philoudarblay,"Saved on Philippine Darblay's public Mapstr map: Woo Lae Oak (Uraeok) — 주교동 118-1, Jung-gu, Seoul, Corée du Sud",0.82,true,,,,,,,,
cmogxnre601xdnwx0iz943e0i,Aga gelato,"11 Nonhyeon-ro 155-gil, 신사동 Gangnam-gu, Seoul, South Korea",Seoul,,,,generic,,"To try, Icecream, mapstr, public-map",https://mapstr.com/map/philoudarblay,"Saved on Philippine Darblay's public Mapstr map: Aga gelato — 11 Nonhyeon-ro 155-gil, 신사동 Gangnam-gu, Seoul, South Korea",0.82,true,,,,,,,,
cmogxnre701xinwx058xq818b,Anthracite Coffee Hannam,"240 Itaewon-ro, Hannam-dong, Yongsan-gu, Seoul, South Korea",Seoul,,,,cafe,,"To try, Cafe, mapstr, public-map",https://mapstr.com/map/philoudarblay,"Saved on Philippine Darblay's public Mapstr map: Anthracite Coffee Hannam — 240 Itaewon-ro, Hannam-dong, Yongsan-gu, Seoul, South Korea",0.82,true,,,,,,,,
cmogxnre901xnnwx0k5jeww0k,Wet Coffee,"Corée du Sud, Seoul, Yongsan-gu, Hannam-dong, Hannam-daero 27ga-gil, 10 B1",Seoul,,,,cafe,,"To try, Cafe, mapstr, public-map",https://mapstr.com/map/philoudarblay,"Saved on Philippine Darblay's public Mapstr map: Wet Coffee — Corée du Sud, Seoul, Yongsan-gu, Hannam-dong, Hannam-daero 27ga-gil, 10 B1",0.82,true,,,,,,,,
cmogxnrea01xsnwx0xa47k8d3,CONCURE Hannam,"23 Hannam-daero 27ga-gil, Yongsan-gu, Seoul, Corée du Sud",Seoul,,,,cafe,,"To try, Cafe, Bakery, mapstr, public-map",https://mapstr.com/map/philoudarblay,"Saved on Philippine Darblay's public Mapstr map: CONCURE Hannam — 23 Hannam-daero 27ga-gil, Yongsan-gu, Seoul, Corée du Sud",0.82,true,,,,,,,,
cmogxnrec01xxnwx08zahqt3t,tac,"729-37 Hannam-dong, Yongsan-gu, Seoul, Corée du Sud",Seoul,,,,restaurant,,"To try, Restaurant, mapstr, public-map",https://mapstr.com/map/philoudarblay,"Saved on Philippine Darblay's public Mapstr map: tac — 729-37 Hannam-dong, Yongsan-gu, Seoul, Corée du Sud",0.82,true,,,,,,,,
cmogxnred01y2nwx0rh7i118u,On 6.5,"28 Bukchon-ro 1-gil, Jongno-gu, Seoul, Südkorea",Seoul,,,,restaurant,,"To try, Restaurant, Gastro / higher end, mapstr, public-map",https://mapstr.com/map/philoudarblay,"Saved on Philippine Darblay's public Mapstr map: On 6.5 — 28 Bukchon-ro 1-gil, Jongno-gu, Seoul, Südkorea",0.82,true,,,,,,,,
cmogxnree01y7nwx0lzjzzi8x,Bar Swallow,"Corée du Sud, Seoul, Yongsan-gu, Hannam-dong, 744-34 1층",Seoul,,,,bar,,"To try, Bar, mapstr, public-map",https://mapstr.com/map/philoudarblay,"Saved on Philippine Darblay's public Mapstr map: Bar Swallow — Corée du Sud, Seoul, Yongsan-gu, Hannam-dong, 744-34 1층",0.82,true,,,,,,,,
cmogxnreg01ycnwx0mwm2gjxt,YUN,"1층, 66 Achasan-ro, Seongdong-gu, Seoul, South Korea",Seoul,,,,generic,,"To try, Cafe, mapstr, public-map",https://mapstr.com/map/philoudarblay,"Saved on Philippine Darblay's public Mapstr map: YUN — 1층, 66 Achasan-ro, Seongdong-gu, Seoul, South Korea",0.82,true,,,,,,,,
cmogxnreh01yhnwx008gehoj8,Onion Cafe,"Corée du Sud, Seoul, Jongno-gu, Cheonggyecheon-ro, 215 1층",Seoul,,,,cafe,,"To try, Bakery, Cafe, mapstr, public-map",https://mapstr.com/map/philoudarblay,"Saved on Philippine Darblay's public Mapstr map: Onion Cafe — Corée du Sud, Seoul, Jongno-gu, Cheonggyecheon-ro, 215 1층",0.82,true,,,,,,,,
cmogxnrei01ymnwx0x7lbycx9,Gwangjang Market,"88 Changgyeonggung-ro, Jongno 1(il).2(i).3(sam).4(sa), Jongno-gu, Seoul, South Korea",Séoul,,,,generic,,"To try, Market, ❤️, mapstr, public-map",https://mapstr.com/map/philoudarblay,"Saved on Philippine Darblay's public Mapstr map: Gwangjang Market — 88 Changgyeonggung-ro, Jongno 1(il).2(i).3(sam).4(sa), Jongno-gu, Seoul, South Korea",0.82,true,,,,,,,,
cmogxnrek01yrnwx0e19lvyo1,Better than yours,"Corée du Sud, Seoul, Seongdong-gu, Seongsu-dong 2(i)-ga, Yeonmujang 7-gil, 5 1층",Seoul,,,,cafe,,"To try, Bakery, Cafe, mapstr, public-map",https://mapstr.com/map/philoudarblay,"Saved on Philippine Darblay's public Mapstr map: Better than yours — Corée du Sud, Seoul, Seongdong-gu, Seongsu-dong 2(i)-ga, Yeonmujang 7-gil, 5 1층",0.82,true,,,,,,,,
cmogxnrel01ywnwx0n2gs570w,Myosa,"Corée du Sud, Seoul, Seongdong-gu, Seongsu-dong 1(il)-ga, Seoulsup 2(i)-gil, 2 2층",Seoul,,,,cafe,,"To try, Bakery, Cafe, mapstr, public-map",https://mapstr.com/map/philoudarblay,"Saved on Philippine Darblay's public Mapstr map: Myosa — Corée du Sud, Seoul, Seongdong-gu, Seongsu-dong 1(il)-ga, Seoulsup 2(i)-gil, 2 2층",0.82,true,,,,,,,,
cmogxnren01z1nwx002gkbcms,Samdacozy,"34 Dongmak-ro 9-gil, Mapo-gu, Seoul, Corée du Sud",Seoul,,,,cafe,,"To try, Cafe, ❤️, mapstr, public-map",https://mapstr.com/map/philoudarblay,"Saved on Philippine Darblay's public Mapstr map: Samdacozy — 34 Dongmak-ro 9-gil, Mapo-gu, Seoul, Corée du Sud",0.82,true,,,,,,,,
cmogxnreo01z6nwx0nskqfubq,AHN house,,,,,,lodging,,"To try, Restaurant, mapstr, public-map",https://mapstr.com/map/philoudarblay,Saved on Philippine Darblay's public Mapstr map: AHN house — address unavailable,0.82,true,,,,,,,,
cmogxnreq01zbnwx0aoh5iifw,Born and Bred,"2 층, 761-4 마장동 성동구 서울특별시 Corée du Sud",서울특별시,,,,restaurant,,"To try, Cafe, Bakery, mapstr, public-map",https://mapstr.com/map/philoudarblay,"Saved on Philippine Darblay's public Mapstr map: Born and Bred — 2 층, 761-4 마장동 성동구 서울특별시 Corée du Sud",0.82,true,,,,,,,,
cmogxnres01zgnwx04q7swtqf,이치 서울 ㅣ ichi seoul,"South Korea, Seoul, Gangnam-gu, Sinsa-dong, Gangnam-daero 158-gil, 21 2층",Seoul,,,,cafe,,"To try, Cafe, Bakery, mapstr, public-map",https://mapstr.com/map/philoudarblay,"Saved on Philippine Darblay's public Mapstr map: 이치 서울 ㅣ ichi seoul — South Korea, Seoul, Gangnam-gu, Sinsa-dong, Gangnam-daero 158-gil, 21 2층",0.82,true,,,,,,,,
cmogxnret01zlnwx04wcociij,마테르 (MATER),"Corée du Sud, Seoul, Gangnam-gu, Eonju-ro 154-gil, 16 KR 서울특별시 강남구 지하 1층",Seoul,,,,restaurant,,"To try, Restaurant, Gastro / higher end, mapstr, public-map",https://mapstr.com/map/philoudarblay,"Saved on Philippine Darblay's public Mapstr map: 마테르 (MATER) — Corée du Sud, Seoul, Gangnam-gu, Eonju-ro 154-gil, 16 KR 서울특별시 강남구 지하 1층",0.82,true,,,,,,,,
cmogxnreu01zqnwx01z5sy8wn,Miel,"Corée du Sud, Seoul, 역삼동 776-17번지 강남구 서울특별시 KR",Seoul,,,,cafe,,"To try, Cafe, Bakery, mapstr, public-map",https://mapstr.com/map/philoudarblay,"Saved on Philippine Darblay's public Mapstr map: Miel — Corée du Sud, Seoul, 역삼동 776-17번지 강남구 서울특별시 KR",0.82,true,,,,,,,,
cmogxnrew01zvnwx045p0b2ln,relief farming plants,"394-23 Mangwon 1(il)-dong, Mapo-gu, Seoul, Corée du Sud",Seoul,,,,cafe,,"To try, Cafe, Bakery, mapstr, public-map",https://mapstr.com/map/philoudarblay,"Saved on Philippine Darblay's public Mapstr map: relief farming plants — 394-23 Mangwon 1(il)-dong, Mapo-gu, Seoul, Corée du Sud",0.82,true,,,,,,,,
cmogxnrex0200nwx0vezbxyrn,Scooper gelato,"10 Jahamun-ro 7-gil, Tongin-dong, Jongno-gu, Seoul, Corée du Sud",Seoul,,,,generic,,"To try, Cafe, mapstr, public-map",https://mapstr.com/map/philoudarblay,"Saved on Philippine Darblay's public Mapstr map: Scooper gelato — 10 Jahamun-ro 7-gil, Tongin-dong, Jongno-gu, Seoul, Corée du Sud",0.82,true,,,,,,,,
cmogxnrez0205nwx0lbvpktk9,The TRUFFLE BAKERY,"685-12 Hannam-dong, Yongsan-gu, Seoul, Corée du Sud",Seoul,,,,generic,,"To try, Cafe, Bakery, ❤️, mapstr, public-map",https://mapstr.com/map/philoudarblay,"Saved on Philippine Darblay's public Mapstr map: The TRUFFLE BAKERY — 685-12 Hannam-dong, Yongsan-gu, Seoul, Corée du Sud",0.82,true,,,,,,,,
cmogxnrf1020fnwx0dyqdl91t,Arirang,"23 Namdaemun-ro 7-gil, Sogong-dong, Jung-gu, 서울특별시 Corée du Sud",Seoul,,,,restaurant,,"To try, Cafe, mapstr, public-map",https://mapstr.com/map/philoudarblay,"Saved on Philippine Darblay's public Mapstr map: Arirang — 23 Namdaemun-ro 7-gil, Sogong-dong, Jung-gu, 서울특별시 Corée du Sud",0.82,true,,,,,,,,
cmogxnrf3020knwx0hk52bdpo,Aanzee,"19-24 Hangang-daero 15-gil, Yongsan District, Seoul, Corée du Sud",Seoul,,,,cafe,,"To try, Cafe, mapstr, public-map",https://mapstr.com/map/philoudarblay,"Saved on Philippine Darblay's public Mapstr map: Aanzee — 19-24 Hangang-daero 15-gil, Yongsan District, Seoul, Corée du Sud",0.82,true,,,,,,,,
cmogxnrf5020pnwx07ec785db,Beaker,"78-6, Cheongdam-dong, Gangnam-gu, Seoul, Corée du Sud",Séoul,,,,generic,,"To try, Shopping, mapstr, public-map",https://mapstr.com/map/philoudarblay,"Saved on Philippine Darblay's public Mapstr map: Beaker — 78-6, Cheongdam-dong, Gangnam-gu, Seoul, Corée du Sud",0.82,true,,,,,,,,
cmogxnrf7020unwx0yucnpuvw,Ouvert Coffee Bar,"3 Pirundae-ro 2-gil, Jongno-gu, Seoul, South Korea",Seoul,,,,cafe,,"To try, Cafe, mapstr, public-map",https://mapstr.com/map/philoudarblay,"Saved on Philippine Darblay's public Mapstr map: Ouvert Coffee Bar — 3 Pirundae-ro 2-gil, Jongno-gu, Seoul, South Korea",0.82,true,,,,,,,,
cmogxnrf8020znwx0aki0p8wc,Mutin,"Corée du Sud, Seoul, Yongsan-gu, Hannam-dong, Itaewon-ro 54-gil, 68 지하 1층",Seoul,,,,bar,,"To try, Bar, mapstr, public-map",https://mapstr.com/map/philoudarblay,"Saved on Philippine Darblay's public Mapstr map: Mutin — Corée du Sud, Seoul, Yongsan-gu, Hannam-dong, Itaewon-ro 54-gil, 68 지하 1층",0.82,true,,,,,,,,
cmogxnrfa0214nwx0embaaihm,Vetiver,"Corée du Sud, Seoul, Seongdong-gu, Seongdeokjeong 11(sibil)-gil, 18 1층",Seoul,,,,cafe,,"To try, Cafe, ❤️, mapstr, public-map",https://mapstr.com/map/philoudarblay,"Saved on Philippine Darblay's public Mapstr map: Vetiver — Corée du Sud, Seoul, Seongdong-gu, Seongdeokjeong 11(sibil)-gil, 18 1층",0.82,true,,,,,,,,
cmogxnrfb0219nwx0aluhbf35,Cement Seoul,"57 Daesagwan-ro 11-gil, Hannam-dong, Yongsan-gu, Seoul, Südkorea",Seoul,,,,restaurant,,"To try, Restaurant, mapstr, public-map",https://mapstr.com/map/philoudarblay,"Saved on Philippine Darblay's public Mapstr map: Cement Seoul — 57 Daesagwan-ro 11-gil, Hannam-dong, Yongsan-gu, Seoul, Südkorea",0.82,true,,,,,,,,
cmogxnrfc021enwx07d7ljmzr,Ader Error,"518-11 Sinsa-dong, Gangnam-gu, Seoul, Corée du Sud",Seoul,,,,generic,,"Concept-store, mapstr, public-map",https://mapstr.com/map/philoudarblay,"Saved on Philippine Darblay's public Mapstr map: Ader Error — 518-11 Sinsa-dong, Gangnam-gu, Seoul, Corée du Sud",0.82,true,,,,,,,,
cmogxnrfe021jnwx0g1j69bup,Conhas Coffee,"22 Itaewon-ro 55na-gil, Hannam-dong, Yongsan-gu, Seoul, Corée du Sud",Seoul,,,,cafe,,"To try, Cafe, mapstr, public-map",https://mapstr.com/map/philoudarblay,"Saved on Philippine Darblay's public Mapstr map: Conhas Coffee — 22 Itaewon-ro 55na-gil, Hannam-dong, Yongsan-gu, Seoul, Corée du Sud",0.82,true,,,,,,,,
cmogxnrff021onwx0jovc2ekc,Tongue Planet,"Corée du Sud, Seoul, Seongdong-gu, Seongsu 2(i)-ga 3(sam)-dong, Seongsui-ro, 82 2층",Seoul,,,,cafe,,"To try, Cafe, mapstr, public-map",https://mapstr.com/map/philoudarblay,"Saved on Philippine Darblay's public Mapstr map: Tongue Planet — Corée du Sud, Seoul, Seongdong-gu, Seongsu 2(i)-ga 3(sam)-dong, Seongsui-ro, 82 2층",0.82,true,,,,,,,,
cmogxnrfg021tnwx0w0y81wra,5x5nailstudio,"Corée du Sud, Seoul, Mapo-gu, Yeonnam-ro 3-gil, 23 2층",Seoul,,,,generic,,"To try, Beauty, mapstr, public-map",https://mapstr.com/map/philoudarblay,"Saved on Philippine Darblay's public Mapstr map: 5x5nailstudio — Corée du Sud, Seoul, Mapo-gu, Yeonnam-ro 3-gil, 23 2층",0.82,true,,,,,,,,
cmogxnrfi021ynwx0gty5agup,Baek Nyeon Baekse Ginseng Chicken Soup,"354-12 Seogyo-dong, Mapo-gu, Seoul, Corée du Sud",Seoul,,,,restaurant,,"To try, Restaurant, ❤️, mapstr, public-map",https://mapstr.com/map/philoudarblay,"Saved on Philippine Darblay's public Mapstr map: Baek Nyeon Baekse Ginseng Chicken Soup — 354-12 Seogyo-dong, Mapo-gu, Seoul, Corée du Sud",0.82,true,,,,,,,,
cmogxnrfj0223nwx06ghxjk8z,Myeongdong Kyoja Main Restaurant,"29 Myeongdong 10-gil, Myeongdong 2(i)-ga, Jung-gu, Seoul, Corea del Sud",Seoul,,,,restaurant,,"To try, Restaurant, mapstr, public-map",https://mapstr.com/map/philoudarblay,"Saved on Philippine Darblay's public Mapstr map: Myeongdong Kyoja Main Restaurant — 29 Myeongdong 10-gil, Myeongdong 2(i)-ga, Jung-gu, Seoul, Corea del Sud",0.82,true,,,,,,,,
cmogxnrfl0228nwx0d1cbtd9w,Anam,"10 Bukchon-ro 5-gil, Jongno-gu, Seoul, Coreia do Sul",Seoul,,,,restaurant,,"To try, Restaurant, mapstr, public-map",https://mapstr.com/map/philoudarblay,"Saved on Philippine Darblay's public Mapstr map: Anam — 10 Bukchon-ro 5-gil, Jongno-gu, Seoul, Coreia do Sul",0.82,true,,,,,,,,
cmogxnrfm022dnwx0a7qn38ci,"Samwon Garden Restaurant, Seoul","Corée du Sud, 서울특별시 강남구 신사동 623-5",서울특별시,,,,restaurant,,"To try, Restaurant, mapstr, public-map",https://mapstr.com/map/philoudarblay,"Saved on Philippine Darblay's public Mapstr map: Samwon Garden Restaurant, Seoul — Corée du Sud, 서울특별시 강남구 신사동 623-5",0.82,true,,,,,,,,
cmogxnrfo022inwx0selqlxs0,Spa Heum,"Corée du Sud, Seoul, Gangnam District, Eonju-ro, 311 로즈1타워 B1 102호",Seoul,,,,generic,,"To try, Beauty, mapstr, public-map",https://mapstr.com/map/philoudarblay,"Saved on Philippine Darblay's public Mapstr map: Spa Heum — Corée du Sud, Seoul, Gangnam District, Eonju-ro, 311 로즈1타워 B1 102호",0.82,true,,,,,,,,
cmogxnrfp022nnwx0ifzwggej,"Spa Lei, Seoul","Corée du Sud, Seoul, Seocho-gu, Jamwon-dong, 8-22",Seoul,,,,generic,,"To try, Beauty, mapstr, public-map",https://mapstr.com/map/philoudarblay,"Saved on Philippine Darblay's public Mapstr map: Spa Lei, Seoul — Corée du Sud, Seoul, Seocho-gu, Jamwon-dong, 8-22",0.82,true,,,,,,,,
cmogxnrfs022xnwx04r5yjjcq,Moclock,"Yeongdong, 520 강남대로 Building, 강남구 서울특별시 Corée du Sud",서울특별시,,,,generic,,"To try, Beauty, mapstr, public-map",https://mapstr.com/map/philoudarblay,"Saved on Philippine Darblay's public Mapstr map: Moclock — Yeongdong, 520 강남대로 Building, 강남구 서울특별시 Corée du Sud",0.82,true,,,,,,,,
cmogxnrft0232nwx0c508csw2,Ecojardin Gongdeok Station,"South Korea, Seoul, Mapo-gu, Mapo-daero, 92 효성해링턴스퀘어 B동 2층",Seoul,,,,generic,,"To try, Beauty, mapstr, public-map",https://mapstr.com/map/philoudarblay,"Saved on Philippine Darblay's public Mapstr map: Ecojardin Gongdeok Station — South Korea, Seoul, Mapo-gu, Mapo-daero, 92 효성해링턴스퀘어 B동 2층",0.82,true,,,,,,,,
cmogxnrfu0237nwx0btxi59og,이문원 한의원 (LEE MOON WON Korean medicine clinic),"Corée du Sud, Seoul, Gangnam-gu, 청담동 37-11",Seoul,,,,generic,,"To try, Beauty, mapstr, public-map",https://mapstr.com/map/philoudarblay,"Saved on Philippine Darblay's public Mapstr map: 이문원 한의원 (LEE MOON WON Korean medicine clinic) — Corée du Sud, Seoul, Gangnam-gu, 청담동 37-11",0.82,true,,,,,,,,
cmogxnrfw023cnwx0sn015dce,Olive young,"3번지 917 Nohyeong-dong, 특별자치도, Cheju, Jeju-do, Corée du Sud",Cheju,,,,generic,,"To try, Beauty, mapstr, public-map",https://mapstr.com/map/philoudarblay,"Saved on Philippine Darblay's public Mapstr map: Olive young — 3번지 917 Nohyeong-dong, 특별자치도, Cheju, Jeju-do, Corée du Sud",0.82,true,,,,,,,,
cmogxnrfx023hnwx0ue4rpfzc,Osulloc Tea Museum,"15 Sinhwayeoksa-ro, Andeok-myeon, Seogwipo, Jeju-do, Corée du Sud",Seogwipo,,,,museum,,"To try, Museum, mapstr, public-map",https://mapstr.com/map/philoudarblay,"Saved on Philippine Darblay's public Mapstr map: Osulloc Tea Museum — 15 Sinhwayeoksa-ro, Andeok-myeon, Seogwipo, Jeju-do, Corée du Sud",0.82,true,,,,,,,,
cmogxnrfy023mnwx0enjwtb4x,A Flower Blossom on the Rice,"3-6 Insadong 16-gil, Jongno 1(il).2(i).3(sam).4(sa), Jongno-gu, Seoul, Corée du Sud",Seoul,,,,restaurant,,"To try, Restaurant, mapstr, public-map",https://mapstr.com/map/philoudarblay,"Saved on Philippine Darblay's public Mapstr map: A Flower Blossom on the Rice — 3-6 Insadong 16-gil, Jongno 1(il).2(i).3(sam).4(sa), Jongno-gu, Seoul, Corée du Sud",0.82,true,,,,,,,,
cmogxnrg0023rnwx05sxz76hk,NUDAKE Seongsu,"26 Seongsui-ro 7-gil, Seongdong-gu, Seoul, Corée du Sud",Seoul,,,,generic,,"To try, Bakery, mapstr, public-map",https://mapstr.com/map/philoudarblay,"Saved on Philippine Darblay's public Mapstr map: NUDAKE Seongsu — 26 Seongsui-ro 7-gil, Seongdong-gu, Seoul, Corée du Sud",0.82,true,,,,,,,,
cmogxnrg1023wnwx0k89qdmin,NUDAKE Haus Dosan,"50 Apgujeong-ro 46-gil, Gangnam-gu, Seoul, Corée du Sud",Seoul,,,,cafe,,"To try, Bakery, mapstr, public-map",https://mapstr.com/map/philoudarblay,"Saved on Philippine Darblay's public Mapstr map: NUDAKE Haus Dosan — 50 Apgujeong-ro 46-gil, Gangnam-gu, Seoul, Corée du Sud",0.82,true,,,,,,,,
cmogxnrg20241nwx0elvvno43,Nudake,"43 Gangnam-daero 162-gil, Gangnam-gu, Seoul, Corée du Sud",Seoul,,,,cafe,,"To try, Bakery, mapstr, public-map",https://mapstr.com/map/philoudarblay,"Saved on Philippine Darblay's public Mapstr map: Nudake — 43 Gangnam-daero 162-gil, Gangnam-gu, Seoul, Corée du Sud",0.82,true,,,,,,,,
cmogxnrg40246nwx04wxh6gf2,The Square at Novotel Ambassador Gangnam,"603 Yeoksam-dong, Gangnam-gu, Seoul, South Korea",Seoul,,,,"restaurant, hotel",,"To try, Hotel / BB, mapstr, public-map",https://mapstr.com/map/philoudarblay,"Saved on Philippine Darblay's public Mapstr map: The Square at Novotel Ambassador Gangnam — 603 Yeoksam-dong, Gangnam-gu, Seoul, South Korea",0.82,true,,,,,,,,
cmogxnrg8024lnwx0b2bt6ss3,Apollo Palm Hotel,"Kranaou 3, 105 53 Athènes, Grèce",Athènes,,,,"restaurant, hotel",,"To try, Hotel / BB, mapstr, public-map",https://mapstr.com/map/philoudarblay,"Saved on Philippine Darblay's public Mapstr map: Apollo Palm Hotel — Kranaou 3, 105 53 Athènes, Grèce",0.82,true,,,,,,,,
cmogxnrgb024vnwx0q0oxhidn,EBBIO,"Strada del Gallinaio 9, 53035 Monteriggioni SI, Italie",Monteriggioni,,,,"lodging, hotel",,"To try, Hotel / BB, mapstr, public-map",https://mapstr.com/map/philoudarblay,"Saved on Philippine Darblay's public Mapstr map: EBBIO — Strada del Gallinaio 9, 53035 Monteriggioni SI, Italie",0.82,true,,,,,,,,
cmogxnrh4027snwx0dfsexrok,Fokos,"Ano Mera, Grèce",Ano Mera,,,,restaurant,,"To try, Restaurant, mapstr, public-map",https://mapstr.com/map/philoudarblay,"Saved on Philippine Darblay's public Mapstr map: Fokos — Ano Mera, Grèce",0.82,true,,,,,,,,
cmogxnrjs02h0nwx0x3gofmcp,The french bastards,"60 Rue de Sèvres, 75007 Paris, France",,,,,generic,,"Bakery, mapstr, public-map",https://mapstr.com/map/philoudarblay,"Saved on Philippine Darblay's public Mapstr map: The french bastards — 60 Rue de Sèvres, 75007 Paris, France",0.82,true,,,,,,,,
cmogxnrkm02jxnwx07579govh,HEIMAT by Waris Dirie,"Rue Paul Valéry, Paris, France",Paris,,,,generic,,"Sport, mapstr, public-map",https://mapstr.com/map/philoudarblay,"Saved on Philippine Darblay's public Mapstr map: HEIMAT by Waris Dirie — Rue Paul Valéry, Paris, France",0.82,true,,,,,,,,
cmogxnrll02n8nwx03ai96zek,Oocker,"Frederiksplein, Amsterdam, Pays-Bas",Amsterdam,,,,generic,,"To try, Bar, mapstr, public-map",https://mapstr.com/map/philoudarblay,"Saved on Philippine Darblay's public Mapstr map: Oocker — Frederiksplein, Amsterdam, Pays-Bas",0.82,true,,,,,,,,
cmogxnrno02u1nwx0ih2p2734,Bifteck Kawamura Ginza,"6 Chome-5-1 Ginza, Chūō-ku, Tokyo, Japon",Chūō-ku,,,,restaurant,,"To try, Restaurant, mapstr, public-map",https://mapstr.com/map/philoudarblay,"Saved on Philippine Darblay's public Mapstr map: Bifteck Kawamura Ginza — 6 Chome-5-1 Ginza, Chūō-ku, Tokyo, Japon",0.82,true,,,,,,,,
cmogxnrnr02ubnwx08h32c2tz,Coffee Wrights 表参道,"Japan, 〒150-0001 Tōkyō-to, Shibuya-ku, Jingūmae, 4 Chome−9−１３ ミナガワビレッジ #5",Shibuya-ku,,,,cafe,,"To try, Cafe, mapstr, public-map",https://mapstr.com/map/philoudarblay,"Saved on Philippine Darblay's public Mapstr map: Coffee Wrights 表参道 — Japan, 〒150-0001 Tōkyō-to, Shibuya-ku, Jingūmae, 4 Chome−9−１３ ミナガワビレッジ #5",0.82,true,,,,,,,,
cmogxnrns02ugnwx05kqotxll,RECORD BAR analog,"Japon, 〒150-0043 Tōkyō-to, Shibuya City, Dōgenzaka, 2-chōme−20−９ 道玄坂柳光ビル 3F",Shibuya City,,,,bar,,"To try, Bar, mapstr, public-map",https://mapstr.com/map/philoudarblay,"Saved on Philippine Darblay's public Mapstr map: RECORD BAR analog — Japon, 〒150-0043 Tōkyō-to, Shibuya City, Dōgenzaka, 2-chōme−20−９ 道玄坂柳光ビル 3F",0.82,true,,,,,,,,
cmogxnrnu02ulnwx040h3lp77,BLOODY ANGLE DOUGEN TONG,"Japon, TokyoShibuyaDogenzaka, 2 Chome−15−1",Shibuya City,,,,cafe,,"To try, Bar, mapstr, public-map",https://mapstr.com/map/philoudarblay,"Saved on Philippine Darblay's public Mapstr map: BLOODY ANGLE DOUGEN TONG — Japon, TokyoShibuyaDogenzaka, 2 Chome−15−1",0.82,true,,,,,,,,
cmogxnrnv02uqnwx0fl5mhp0d,THE MUSIC BAR -CAVE SHIBUYA-,"Japon, TokyoShibuya1 Chome−15−12",Shibuya,,,,bar,,"To try, Bar, mapstr, public-map",https://mapstr.com/map/philoudarblay,"Saved on Philippine Darblay's public Mapstr map: THE MUSIC BAR -CAVE SHIBUYA- — Japon, TokyoShibuya1 Chome−15−12",0.82,true,,,,,,,,
cmogxnrnw02uvnwx0ozfcblue,Little Soul Cafe,"Japan, 〒155-0031 東京都世田谷区Kitazawa, 3 Chome−20, 北沢３丁目２０−２ 大成ビル ２階",Setagaya,,,,bar,,"To try, Bar, mapstr, public-map",https://mapstr.com/map/philoudarblay,"Saved on Philippine Darblay's public Mapstr map: Little Soul Cafe — Japan, 〒155-0031 東京都世田谷区Kitazawa, 3 Chome−20, 北沢３丁目２０−２ 大成ビル ２階",0.82,true,,,,,,,,
cmogxnrny02v0nwx0vcl7fhca,Komuro Tetsuya,"２６ Nishinokyō Shokujichō, Nakagyō-ku, Kyoto, Préfecture de Kyoto, Japon",京都市,,,,generic,,"To try, Restaurant, mapstr, public-map",https://mapstr.com/map/philoudarblay,"Saved on Philippine Darblay's public Mapstr map: Komuro Tetsuya — ２６ Nishinokyō Shokujichō, Nakagyō-ku, Kyoto, Préfecture de Kyoto, Japon",0.82,true,,,,,,,,
cmogxnro002v5nwx05cry70di,WEEKENDERS COFFEE ROASTERY,"682-7 Ishifudōnochō, Shimogyō-ku, Kyoto, 600-8047, Japon",Kyoto,,,,generic,,"To try, Cafe, mapstr, public-map",https://mapstr.com/map/philoudarblay,"Saved on Philippine Darblay's public Mapstr map: WEEKENDERS COFFEE ROASTERY — 682-7 Ishifudōnochō, Shimogyō-ku, Kyoto, 600-8047, Japon",0.82,true,,,,,,,,
cmogxnro202vanwx0qwl41wqi,Weekenders Coffee 富小路,"Japon, 〒604-8064 Kyōto-fu, Kyōto-shi, Nakagyō-ku, Honeyanochō, 560",Nakagyō-ku,,,,cafe,,"To try, Cafe, mapstr, public-map",https://mapstr.com/map/philoudarblay,"Saved on Philippine Darblay's public Mapstr map: Weekenders Coffee 富小路 — Japon, 〒604-8064 Kyōto-fu, Kyōto-shi, Nakagyō-ku, Honeyanochō, 560",0.82,true,,,,,,,,
cmogxnro302vfnwx02zydd85r,STYLE COFFEE,"Japon, 〒602-0877 Kyoto, Kamigyō-ku, Masuyachō, ３６０ 1",Kyoto,,,,generic,,"To try, Cafe, mapstr, public-map",https://mapstr.com/map/philoudarblay,"Saved on Philippine Darblay's public Mapstr map: STYLE COFFEE — Japon, 〒602-0877 Kyoto, Kamigyō-ku, Masuyachō, ３６０ 1",0.82,true,,,,,,,,
cmogxnro502vknwx0cp7vnkre,Kurasu Kyoto,"Japon, 〒600-8235 Kyōto-fu, Kyōto-shi, Shimogyō-ku, Higashiaburanokōjichō, 552",Shimogyō-ku,,,,cafe,,"To try, Cafe, mapstr, public-map",https://mapstr.com/map/philoudarblay,"Saved on Philippine Darblay's public Mapstr map: Kurasu Kyoto — Japon, 〒600-8235 Kyōto-fu, Kyōto-shi, Shimogyō-ku, Higashiaburanokōjichō, 552",0.82,true,,,,,,,,
cmogxnro602vpnwx01syoxtvx,Kurasu Ebisugawa,"551 Yamanakachō, Nakagyo Ward, Kyoto, 604-0815, Japon",Kyoto,,,,cafe,,"To try, Cafe, mapstr, public-map",https://mapstr.com/map/philoudarblay,"Saved on Philippine Darblay's public Mapstr map: Kurasu Ebisugawa — 551 Yamanakachō, Nakagyo Ward, Kyoto, 604-0815, Japon",0.82,true,,,,,,,,
cmogxnro702vunwx0jko12pyu,record shop BIG LOVE,"Japon, 〒150-0001 Tokyo, Shibuya, Jingumae, 2 Chome−31−3, Houei Bldg. 3FA",Shibuya,,,,shopping,,"To try, Shopping, mapstr, public-map",https://mapstr.com/map/philoudarblay,"Saved on Philippine Darblay's public Mapstr map: record shop BIG LOVE — Japon, 〒150-0001 Tokyo, Shibuya, Jingumae, 2 Chome−31−3, Houei Bldg. 3FA",0.82,true,,,,,,,,
cmogxnro902vznwx0doi3rfcl,HEART'S LIGHT COFFEE,"13-13 Shinsenchō, Shibuya-ku, Tōkyō-to 150-0045, Japon",Shibuya-ku,,,,generic,,"To try, Cafe, mapstr, public-map",https://mapstr.com/map/philoudarblay,"Saved on Philippine Darblay's public Mapstr map: HEART'S LIGHT COFFEE — 13-13 Shinsenchō, Shibuya-ku, Tōkyō-to 150-0045, Japon",0.82,true,,,,,,,,
cmogxnroa02w4nwx051uu0is2,KOFFEE MAMEYA,"4 Chome-15-3 Jingūmae, Shibuya-ku, Tōkyō-to 150-0001, Japon",Shibuya-ku,,,,generic,,"To try, Cafe, mapstr, public-map",https://mapstr.com/map/philoudarblay,"Saved on Philippine Darblay's public Mapstr map: KOFFEE MAMEYA — 4 Chome-15-3 Jingūmae, Shibuya-ku, Tōkyō-to 150-0001, Japon",0.82,true,,,,,,,,
cmogxnroc02w9nwx03eess8hp,REC COFFEE | レックコーヒー渋谷東店,日本、〒150-0011 東京都渋谷区東１丁目４−１ 尚豊ビル 1F,Shibuya,,,,cafe,,"To try, Cafe, mapstr, public-map",https://mapstr.com/map/philoudarblay,Saved on Philippine Darblay's public Mapstr map: REC COFFEE | レックコーヒー渋谷東店 — 日本、〒150-0011 東京都渋谷区東１丁目４−１ 尚豊ビル 1F,0.82,true,,,,,,,,
cmogxnroe02wenwx0z3ep317p,Seirin-kan,"2-6-4 Kamimeguro, Meguro, Tokyo 153-0051, Japon",Meguro,,,,restaurant,,"To try, Pizza, mapstr, public-map",https://mapstr.com/map/philoudarblay,"Saved on Philippine Darblay's public Mapstr map: Seirin-kan — 2-6-4 Kamimeguro, Meguro, Tokyo 153-0051, Japon",0.82,true,,,,,,,,
cmogxnrof02wjnwx0lme6v7i3,Genzushi,"6-chōme-29-8 Daita, Setagaya City, Tokyo 155-0033, Japon",Setagaya City,,,,restaurant,,"To try, Restaurant, mapstr, public-map",https://mapstr.com/map/philoudarblay,"Saved on Philippine Darblay's public Mapstr map: Genzushi — 6-chōme-29-8 Daita, Setagaya City, Tokyo 155-0033, Japon",0.82,true,,,,,,,,
cmogxnroj02wonwx0p7219v9q,Levain,"Japon, 〒151-0063 Tōkyō-to, Shibuya-ku, 渋谷区Tomigaya, 2 Chome−2−４３−１３ ＧＳハイム代々木八幡",Shibuya-ku,,,,restaurant,,"To try, Bakery, mapstr, public-map",https://mapstr.com/map/philoudarblay,"Saved on Philippine Darblay's public Mapstr map: Levain — Japon, 〒151-0063 Tōkyō-to, Shibuya-ku, 渋谷区Tomigaya, 2 Chome−2−４３−１３ ＧＳハイム代々木八幡",0.82,true,,,,,,,,
cmogxnrol02wtnwx0ddwock4v,Parklet,"Japan, 〒103-0024 Tokyo, Chuo City, Nihonbashikobunachō, 14, ⽇本橋 ⼩⾈町14-7",Chuo City,,,,restaurant,,"To try, Bakery, mapstr, public-map",https://mapstr.com/map/philoudarblay,"Saved on Philippine Darblay's public Mapstr map: Parklet — Japan, 〒103-0024 Tokyo, Chuo City, Nihonbashikobunachō, 14, ⽇本橋 ⼩⾈町14-7",0.82,true,,,,,,,,
cmogxnron02wynwx0fyfywuia,Path cafe,"1 Chome-9-23 Tomigaya, Shibuya-ku, Tōkyō-to 151-0063, Japon",Shibuya-ku,,,,"restaurant, brunch",,"To try, Bakery, Brunch, mapstr, public-map",https://mapstr.com/map/philoudarblay,"Saved on Philippine Darblay's public Mapstr map: Path cafe — 1 Chome-9-23 Tomigaya, Shibuya-ku, Tōkyō-to 151-0063, Japon",0.82,true,,,,,,,,
cmogxnroo02x3nwx0fsge53qk,bricolage bread and co.,"けやき坂テラス1階, ６丁目-１５-1 六本木 港区 東京都 106-0032, Japon",港区,,,,restaurant,,"To try, Bakery, mapstr, public-map",https://mapstr.com/map/philoudarblay,"Saved on Philippine Darblay's public Mapstr map: bricolage bread and co. — けやき坂テラス1階, ６丁目-１５-1 六本木 港区 東京都 106-0032, Japon",0.82,true,,,,,,,,
cmogxnroq02x8nwx0y9j70s1p,Tarui Bakery,"4 Chome-5-１３ Yoyogi, Shibuya-ku, Tōkyō-to 151-0053, Japan",Shibuya-ku,,,,restaurant,,"To try, Bakery, mapstr, public-map",https://mapstr.com/map/philoudarblay,"Saved on Philippine Darblay's public Mapstr map: Tarui Bakery — 4 Chome-5-１３ Yoyogi, Shibuya-ku, Tōkyō-to 151-0053, Japan",0.82,true,,,,,,,,
cmogxnror02xdnwx0pmb028qo,Think,"Japon, TokyoTaitōUeno-Sakuragi2 Chome−15−6",Taito City,,,,generic,,"To try, Bakery, mapstr, public-map",https://mapstr.com/map/philoudarblay,"Saved on Philippine Darblay's public Mapstr map: Think — Japon, TokyoTaitōUeno-Sakuragi2 Chome−15−6",0.82,true,,,,,,,,
cmogxnrot02xinwx0xhubqkd9,ビーバーブレッド,"3-chōme-4-3 Higashinihonbashi, Chuo City, Tōkyō-to 103-0004, Japan",Chuo City,,,,restaurant,,"To try, Bakery, mapstr, public-map",https://mapstr.com/map/philoudarblay,"Saved on Philippine Darblay's public Mapstr map: ビーバーブレッド — 3-chōme-4-3 Higashinihonbashi, Chuo City, Tōkyō-to 103-0004, Japan",0.82,true,,,,,,,,
cmogxnrov02xnnwx0qbciiigr,Le Ressort,"3-chōme-11-14 Komaba, Meguro City, Tōkyō-to 153-0041, Japon",Meguro City,,,,restaurant,,"To try, Bakery, mapstr, public-map",https://mapstr.com/map/philoudarblay,"Saved on Philippine Darblay's public Mapstr map: Le Ressort — 3-chōme-11-14 Komaba, Meguro City, Tōkyō-to 153-0041, Japon",0.82,true,,,,,,,,
cmogxnrox02xsnwx0zgfsv2x6,Kandagawa Bakery,"1-chōme-11-14 Takada, Toshima-ku, Tōkyō-to 171-0033, Japan",Toshima-ku,,,,restaurant,,"To try, Bakery, mapstr, public-map",https://mapstr.com/map/philoudarblay,"Saved on Philippine Darblay's public Mapstr map: Kandagawa Bakery — 1-chōme-11-14 Takada, Toshima-ku, Tōkyō-to 171-0033, Japan",0.82,true,,,,,,,,
cmogxnroy02xxnwx02frq024f,Niku Kappō Jō Nishiazabu,"Japon, 〒106-0031 Tokyo, Minato City, Nishiazabu, 2-chōme−24−１４, Barbizon 73, B1F",Minato City,,,,restaurant,,"To try, Restaurant, mapstr, public-map",https://mapstr.com/map/philoudarblay,"Saved on Philippine Darblay's public Mapstr map: Niku Kappō Jō Nishiazabu — Japon, 〒106-0031 Tokyo, Minato City, Nishiazabu, 2-chōme−24−１４, Barbizon 73, B1F",0.82,true,,,,,,,,
cmogxnrp002y2nwx015g7syxe,Aoi Marushin,"Japon, 〒111-0032 Tōkyō-to, Taitō-ku, Asakusa, 1 Chome−4番4号",Taitō-ku,,,,restaurant,,"To try, Restaurant, mapstr, public-map",https://mapstr.com/map/philoudarblay,"Saved on Philippine Darblay's public Mapstr map: Aoi Marushin — Japon, 〒111-0032 Tōkyō-to, Taitō-ku, Asakusa, 1 Chome−4番4号",0.82,true,,,,,,,,
cmogxnrp102y7nwx0m97lxx14,Sometarō,"2-chōme-2-2 Nishiasakusa, Taito City, Tōkyō-to 111-0035, Japan",台東区,,,,restaurant,,"To try, Restaurant, mapstr, public-map",https://mapstr.com/map/philoudarblay,"Saved on Philippine Darblay's public Mapstr map: Sometarō — 2-chōme-2-2 Nishiasakusa, Taito City, Tōkyō-to 111-0035, Japan",0.82,true,,,,,,,,
cmogxnrp302ycnwx0grpg7yko,茶寮翠泉 新宿店,日本、〒163-0201 東京都新宿区西新宿２丁目６−１ 新宿住友ビル 1階,新宿区,,,,cafe,,"To try, Dessert, mapstr, public-map",https://mapstr.com/map/philoudarblay,Saved on Philippine Darblay's public Mapstr map: 茶寮翠泉 新宿店 — 日本、〒163-0201 東京都新宿区西新宿２丁目６−１ 新宿住友ビル 1階,0.82,true,,,,,,,,
cmogxnrp402yhnwx0dy17nup5,ippuku&matcha 代々木上原店,日本、〒151-0064 東京都渋谷区上原３丁目４４−１１ 高宏ビル B1,渋谷区,,,,cafe,,"To try, Dessert, mapstr, public-map",https://mapstr.com/map/philoudarblay,Saved on Philippine Darblay's public Mapstr map: ippuku&matcha 代々木上原店 — 日本、〒151-0064 東京都渋谷区上原３丁目４４−１１ 高宏ビル B1,0.82,true,,,,,,,,
cmogxnrp502ymnwx0chm2z83z,茶寮 都路里,"Japon, 〒100-0005 Tōkyō-to, Chiyoda-ku, 千代田区Marunouchi, 1 Chome−１−９−１ 大丸東京店 10階",千代田区,,,,shopping,,"To try, Dessert, mapstr, public-map",https://mapstr.com/map/philoudarblay,"Saved on Philippine Darblay's public Mapstr map: 茶寮 都路里 — Japon, 〒100-0005 Tōkyō-to, Chiyoda-ku, 千代田区Marunouchi, 1 Chome−１−９−１ 大丸東京店 10階",0.82,true,,,,,,,,
cmogxnrp702yrnwx0w56zp246,（有）しもきた茶苑大山,"Japon, 〒155-0031 Tokyo, Setagaya, Kitazawa, 2 Chome−30−2, 丸和センタービル",Setagaya,,,,shopping,,"To try, Dessert, mapstr, public-map",https://mapstr.com/map/philoudarblay,"Saved on Philippine Darblay's public Mapstr map: （有）しもきた茶苑大山 — Japon, 〒155-0031 Tokyo, Setagaya, Kitazawa, 2 Chome−30−2, 丸和センタービル",0.82,true,,,,,,,,
cmogxnrp902ywnwx0fwuglrtk,Marunouchi CAFE Board,"Japan, 〒100-0005 Tōkyō-to, Chiyoda-ku, Marunouchi, 2 Chome−7−２ JPタワーKITTE 1F",Chiyoda-ku,,,,cafe,,"To try, Dessert, mapstr, public-map",https://mapstr.com/map/philoudarblay,"Saved on Philippine Darblay's public Mapstr map: Marunouchi CAFE Board — Japan, 〒100-0005 Tōkyō-to, Chiyoda-ku, Marunouchi, 2 Chome−7−２ JPタワーKITTE 1F",0.82,true,,,,,,,,
cmogxnrpb02z1nwx0oxqbz8s8,神楽坂 茶寮,"Japon, 〒162-0825 Tōkyō-to, Shinjuku-ku, Kagurazaka, 5 Chome, 神楽坂5−９",Shinjuku-ku,,,,cafe,,"To try, Dessert, mapstr, public-map",https://mapstr.com/map/philoudarblay,"Saved on Philippine Darblay's public Mapstr map: 神楽坂 茶寮 — Japon, 〒162-0825 Tōkyō-to, Shinjuku-ku, Kagurazaka, 5 Chome, 神楽坂5−９",0.82,true,,,,,,,,
cmogxnrpd02z6nwx0gz969wn5,Saryō Tsujiri Kyōto Isetan,"Japon, 〒600-8555 Kyōto-fu, Kyōto-shi, Shimogyō-ku, Higashishiokōjichō, 烏丸通塩小路下ル東塩小路町 ジェイアール京都伊勢丹6F",Kyōto-shi,,,,cafe,,"To try, Dessert, mapstr, public-map",https://mapstr.com/map/philoudarblay,"Saved on Philippine Darblay's public Mapstr map: Saryō Tsujiri Kyōto Isetan — Japon, 〒600-8555 Kyōto-fu, Kyōto-shi, Shimogyō-ku, Higashishiokōjichō, 烏丸通塩小路下ル東塩小路町 ジェイアール京都伊勢丹6F",0.82,true,,,,,,,,
cmogxnrpe02zbnwx0q9ecdaep,Nishimura Coffee,"2-chōme-6-3 Motomachidōri, Chuo Ward, Kobe, Hyogo 650-0022, Japon",Kobe,,,,cafe,,"To try, Cafe, mapstr, public-map",https://mapstr.com/map/philoudarblay,"Saved on Philippine Darblay's public Mapstr map: Nishimura Coffee — 2-chōme-6-3 Motomachidōri, Chuo Ward, Kobe, Hyogo 650-0022, Japon",0.82,true,,,,,,,,
cmogxnrpg02zgnwx0pfgzwofx,Ramen Deniro,日本、〒151-0051 東京都渋谷区千駄ケ谷５丁目３２−５ ＧＳハイム新宿南口 １F,渋谷区,,,,restaurant,,"To try, Restaurant, mapstr, public-map",https://mapstr.com/map/philoudarblay,Saved on Philippine Darblay's public Mapstr map: Ramen Deniro — 日本、〒151-0051 東京都渋谷区千駄ケ谷５丁目３２−５ ＧＳハイム新宿南口 １F,0.82,true,,,,,,,,
cmogxnrph02zlnwx0w1996wgb,ATELIER MATCHA アトリエマッチャ,日本、〒103-0013 東京都中央区日本橋人形町１丁目５−８,Chuo City,,,,cafe,,"To try, Dessert, mapstr, public-map",https://mapstr.com/map/philoudarblay,Saved on Philippine Darblay's public Mapstr map: ATELIER MATCHA アトリエマッチャ — 日本、〒103-0013 東京都中央区日本橋人形町１丁目５−８,0.82,true,,,,,,,,
cmogxnrpj02zqnwx0s2upq8w1,翠月 / Mitsuki,"Japon, 〒150-0043 Tōkyō-to, Shibuya City, Dōgenzaka, 1-chōme−22−１２ 長島第一ビル B1",Shibuya City,,,,bar,,"To try, Dancing, mapstr, public-map",https://mapstr.com/map/philoudarblay,"Saved on Philippine Darblay's public Mapstr map: 翠月 / Mitsuki — Japon, 〒150-0043 Tōkyō-to, Shibuya City, Dōgenzaka, 1-chōme−22−１２ 長島第一ビル B1",0.82,true,,,,,,,,
cmogxnrpk02zvnwx0t6crpcyt,Sanjiya Desert Shop,"595-5 Uraderachō, Nakagyō-ku, Kyōto-shi, Kyōto-fu 604-8041, Japon",Kyōto-shi,,,,shopping,,"To try, Creps, mapstr, public-map",https://mapstr.com/map/philoudarblay,"Saved on Philippine Darblay's public Mapstr map: Sanjiya Desert Shop — 595-5 Uraderachō, Nakagyō-ku, Kyōto-shi, Kyōto-fu 604-8041, Japon",0.82,true,,,,,,,,
cmogxnrpn0305nwx0fazbkyml,souen 櫻井焙茶研究所,"3 Chome-16-28 Nishiazabu, Minato-ku, Tōkyō-to 106-0031, Japon",Minato-ku,,,,cafe,,"To try, Tea house, mapstr, public-map",https://mapstr.com/map/philoudarblay,"Saved on Philippine Darblay's public Mapstr map: souen 櫻井焙茶研究所 — 3 Chome-16-28 Nishiazabu, Minato-ku, Tōkyō-to 106-0031, Japon",0.82,true,,,,,,,,
cmogxnrpo030anwx0le8id4ky,ＢａｒＭＡＲＴＨＡ,"Japon, 〒150-0013 東京都渋谷区 恵比寿１丁目２２−２３ ヴェラハイツ恵比寿109",渋谷区,,,,bar,,"To try, Bar, mapstr, public-map",https://mapstr.com/map/philoudarblay,"Saved on Philippine Darblay's public Mapstr map: ＢａｒＭＡＲＴＨＡ — Japon, 〒150-0013 東京都渋谷区 恵比寿１丁目２２−２３ ヴェラハイツ恵比寿109",0.82,true,,,,,,,,
cmogxnrpq030fnwx0rbbccln9,Menchirashi,"Japan, 〒150-0001 Tōkyō-to, Shibuya City, Jingūmae, 6-chōme−13−７ 1F",Shibuya-ku,,,,restaurant,,"To try, Restaurant, mapstr, public-map",https://mapstr.com/map/philoudarblay,"Saved on Philippine Darblay's public Mapstr map: Menchirashi — Japan, 〒150-0001 Tōkyō-to, Shibuya City, Jingūmae, 6-chōme−13−７ 1F",0.82,true,,,,,,,,
cmogxnrpr030knwx0nwuizf5y,Red bar,"4 Chome-5-９ Shibuya, Shibuya-ku, Tōkyō-to 150-0002, Japon",Shibuya-ku,,,,bar,,"To try, Bar, mapstr, public-map",https://mapstr.com/map/philoudarblay,"Saved on Philippine Darblay's public Mapstr map: Red bar — 4 Chome-5-９ Shibuya, Shibuya-ku, Tōkyō-to 150-0002, Japon",0.82,true,,,,,,,,
cmogxnrpt030pnwx0f7t0y0gm,Lupin,"〒104-0061 Tōkyō-to, Chūō-ku, Ginza, 5 Chome−5−11, 塚本不動産ビル地下1階",Chūō-ku,,,,bar,,"To try, Cocktails, Bar, mapstr, public-map",https://mapstr.com/map/philoudarblay,"Saved on Philippine Darblay's public Mapstr map: Lupin — 〒104-0061 Tōkyō-to, Chūō-ku, Ginza, 5 Chome−5−11, 塚本不動産ビル地下1階",0.82,true,,,,,,,,
cmogxnrpv030unwx0d6478skt,Nodaiwa,"Japon, 〒106-0044 Tōkyō-to, Minato-ku, Higashiazabu, 1 Chome−５−４",Minato-ku,,,,restaurant,,"To try, Restaurant, mapstr, public-map",https://mapstr.com/map/philoudarblay,"Saved on Philippine Darblay's public Mapstr map: Nodaiwa — Japon, 〒106-0044 Tōkyō-to, Minato-ku, Higashiazabu, 1 Chome−５−４",0.82,true,,,,,,,,
cmogxnrpx030znwx0plxa8hfq,Kanda Matsuya,"Japon, 〒101-0041 Tōkyō-to, Chiyoda City, Kanda Sudachō, 1-chōme−1−１３",Chiyoda City,,,,restaurant,,"To try, Restaurant, mapstr, public-map",https://mapstr.com/map/philoudarblay,"Saved on Philippine Darblay's public Mapstr map: Kanda Matsuya — Japon, 〒101-0041 Tōkyō-to, Chiyoda City, Kanda Sudachō, 1-chōme−1−１３",0.82,true,,,,,,,,
cmogxnrpy0314nwx0cl0ck52z,とんかつまい泉青山本店レストラン,"4-chōme-8-5 Jingūmae, Shibuya City, Tokyo 150-0001, Japon",Shibuya City,,,,restaurant,,"To try, Restaurant, mapstr, public-map",https://mapstr.com/map/philoudarblay,"Saved on Philippine Darblay's public Mapstr map: とんかつまい泉青山本店レストラン — 4-chōme-8-5 Jingūmae, Shibuya City, Tokyo 150-0001, Japon",0.82,true,,,,,,,,
cmogxnrq00319nwx0o43y6ole,Ōmorikaigan Matsunozushi,"3-chōme-31-14 Minamiōi, Shinagawa City, Tokyo 140-0013, Japon",Shinagawa City,,,,restaurant,,"To try, Restaurant, mapstr, public-map",https://mapstr.com/map/philoudarblay,"Saved on Philippine Darblay's public Mapstr map: Ōmorikaigan Matsunozushi — 3-chōme-31-14 Minamiōi, Shinagawa City, Tokyo 140-0013, Japon",0.82,true,,,,,,,,
cmogxnrq1031enwx0rzjjhdpl,Sake Bar O,"3 Chome-9 Nakameguro, Meguro City, Tokyo 153-0051, Japon",Meguro City,,,,bar,,"To try, Cocktails, mapstr, public-map",https://mapstr.com/map/philoudarblay,"Saved on Philippine Darblay's public Mapstr map: Sake Bar O — 3 Chome-9 Nakameguro, Meguro City, Tokyo 153-0051, Japon",0.82,true,,,,,,,,
cmogxnrq3031jnwx0dnpxms8g,Kikunoi,"Japon, 〒605-0825 Kyōto-fu, Kyōto-shi, 東山区Shimokawarachō, 下河原通八坂鳥居前下る下河原町459",東山区,,,,restaurant,,"To try, Restaurant, mapstr, public-map",https://mapstr.com/map/philoudarblay,"Saved on Philippine Darblay's public Mapstr map: Kikunoi — Japon, 〒605-0825 Kyōto-fu, Kyōto-shi, 東山区Shimokawarachō, 下河原通八坂鳥居前下る下河原町459",0.82,true,,,,,,,,
cmogxnrq4031onwx0sw58qw4m,SHINSEKAI,"3 Chome-2 Ebisuhigashi, Naniwa Ward, Osaka, 556-0002, Japon",Osaka,,,,cafe,,"To try, Spot to visit, mapstr, public-map",https://mapstr.com/map/philoudarblay,"Saved on Philippine Darblay's public Mapstr map: SHINSEKAI — 3 Chome-2 Ebisuhigashi, Naniwa Ward, Osaka, 556-0002, Japon",0.82,true,,,,,,,,
cmogxnrq6031tnwx0zen7v7eb,Omen,"Japon, 〒606-8406 Kyōto-fu, Kyōto-shi, Sakyō-ku, Jōdoji Ishibashichō, 銀閣寺バスプール南隣",Sakyō-ku,,,,restaurant,,"To try, Restaurant, mapstr, public-map",https://mapstr.com/map/philoudarblay,"Saved on Philippine Darblay's public Mapstr map: Omen — Japon, 〒606-8406 Kyōto-fu, Kyōto-shi, Sakyō-ku, Jōdoji Ishibashichō, 銀閣寺バスプール南隣",0.82,true,,,,,,,,
cmogxnrq7031ynwx0uok2uj7c,Le chemin de la Philosophie,"Tetsugaku No Michi, 鹿ケ谷寺ノ前町 左京区 京都市 京都府 606-8426, Japon",京都市,,,,generic,,"To try, Spot to visit, mapstr, public-map",https://mapstr.com/map/philoudarblay,"Saved on Philippine Darblay's public Mapstr map: Le chemin de la Philosophie — Tetsugaku No Michi, 鹿ケ谷寺ノ前町 左京区 京都市 京都府 606-8426, Japon",0.82,true,,,,,,,,
cmogxnrq90323nwx0pxqp2r2y,TORAYA Kyoto Shijo Minamiza Store,"Japon, 〒605-0802 Kyoto, Higashiyama-ku, Yamatochō, 四条下ル 京都四條「南座」 1階",Kyoto,,,,shopping,,"To try, Cafe, mapstr, public-map",https://mapstr.com/map/philoudarblay,"Saved on Philippine Darblay's public Mapstr map: TORAYA Kyoto Shijo Minamiza Store — Japon, 〒605-0802 Kyoto, Higashiyama-ku, Yamatochō, 四条下ル 京都四條「南座」 1階",0.82,true,,,,,,,,
cmogxnrqb0328nwx06axveo2e,Guesthouse Waraku-an,"19-2 Shōgoin Sannōchō, Sakyō-ku, Kyōto-shi, Kyōto-fu 606-8392, Japon",Kyōto-shi,,,,"lodging, hotel",,"To try, Hotel / BB, mapstr, public-map",https://mapstr.com/map/philoudarblay,"Saved on Philippine Darblay's public Mapstr map: Guesthouse Waraku-an — 19-2 Shōgoin Sannōchō, Sakyō-ku, Kyōto-shi, Kyōto-fu 606-8392, Japon",0.82,true,,,,,,,,
cmogxnrqc032dnwx0zm9lmsgc,THE SHINMONZEN,"Shinmonzen-dori, 235 Nishinochō, Higashiyama Ward, Kyoto, 605-0088, Japon",Kyoto,,,,"lodging, hotel",,"To try, Hotel / BB, mapstr, public-map",https://mapstr.com/map/philoudarblay,"Saved on Philippine Darblay's public Mapstr map: THE SHINMONZEN — Shinmonzen-dori, 235 Nishinochō, Higashiyama Ward, Kyoto, 605-0088, Japon",0.82,true,,,,,,,,
cmogxnrqe032inwx0o2ee2jtt,Ogawa Coffee,"Japon, 〒600-8216 Kyōto-fu, Kyōto-shi, Shimogyō-ku, Higashishiokōjichō, 579−16, ホテル法華クラブ京都 1F",Shimogyō-ku,,,,cafe,,"To try, Cafe, mapstr, public-map",https://mapstr.com/map/philoudarblay,"Saved on Philippine Darblay's public Mapstr map: Ogawa Coffee — Japon, 〒600-8216 Kyōto-fu, Kyōto-shi, Shimogyō-ku, Higashishiokōjichō, 579−16, ホテル法華クラブ京都 1F",0.82,true,,,,,,,,
cmogxnrqf032nnwx0kqy6a2kp,Ogawa Coffee,"Japon, 〒604-8004 Kyōto-fu, Kyōto-shi, Nakagyō-ku, Nakajimachō, 中京区三条通河原町東入ル中島町96-2",Kyōto-shi,,,,cafe,,"To try, Cafe, mapstr, public-map",https://mapstr.com/map/philoudarblay,"Saved on Philippine Darblay's public Mapstr map: Ogawa Coffee — Japon, 〒604-8004 Kyōto-fu, Kyōto-shi, Nakagyō-ku, Nakajimachō, 中京区三条通河原町東入ル中島町96-2",0.82,true,,,,,,,,
cmogxnrqi032xnwx0gjs3dofk,CHIYA-BA,日本、〒153-0051 東京都目黒区上目黒２丁目４５−１２,目黒区,,,,cafe,,"To try, Cafe, mapstr, public-map",https://mapstr.com/map/philoudarblay,Saved on Philippine Darblay's public Mapstr map: CHIYA-BA — 日本、〒153-0051 東京都目黒区上目黒２丁目４５−１２,0.82,true,,,,,,,,
cmogxnrqk0332nwx0sakee2z0,GYRE,"5-10-1 Jingumae, Shibuya, Tokyo 150-0001, Japon",Shibuya,,,,shopping,,"To try, Cafe, mapstr, public-map",https://mapstr.com/map/philoudarblay,"Saved on Philippine Darblay's public Mapstr map: GYRE — 5-10-1 Jingumae, Shibuya, Tokyo 150-0001, Japon",0.82,true,,,,,,,,
cmogxnrqn033cnwx08cbqhtyx,KOFFEE MAMEYA -Kakeru-,"2-chōme-16-14 Hirano, Koto City, Tokyo 135-0023, Japan",Koto City,,,,shopping,,"To try, Cafe, mapstr, public-map",https://mapstr.com/map/philoudarblay,"Saved on Philippine Darblay's public Mapstr map: KOFFEE MAMEYA -Kakeru- — 2-chōme-16-14 Hirano, Koto City, Tokyo 135-0023, Japan",0.82,true,,,,,,,,
cmogxnrqo033hnwx0sb9zegyf,Udatsu Sushi 宇田津鮨,"2-48-10 Kamimeguro, Meguro City, Tokyo 153-0051, Japon",Meguro City,,,,restaurant,,"To try, Restaurant, mapstr, public-map",https://mapstr.com/map/philoudarblay,"Saved on Philippine Darblay's public Mapstr map: Udatsu Sushi 宇田津鮨 — 2-48-10 Kamimeguro, Meguro City, Tokyo 153-0051, Japon",0.82,true,,,,,,,,
cmogxnrqq033mnwx0fuyqy0il,Ebisu Yokocho,"Japon, 〒150-0013 東京都渋谷区 恵比寿１丁目７−４",渋谷区,,,,restaurant,,"To try, Street food, mapstr, public-map",https://mapstr.com/map/philoudarblay,"Saved on Philippine Darblay's public Mapstr map: Ebisu Yokocho — Japon, 〒150-0013 東京都渋谷区 恵比寿１丁目７−４",0.82,true,,,,,,,,
cmogxnrqs033rnwx0ve2ubc9r,鳥竹,"1 Chome-6-1 Dōgenzaka, Shibuya-ku, Tōkyō-to 150-0043, Japon",Shibuya-ku,,,,restaurant,,"To try, Restaurant, mapstr, public-map",https://mapstr.com/map/philoudarblay,"Saved on Philippine Darblay's public Mapstr map: 立道屋 — Japon, 〒150-0033 Tōkyō-to, Shibuya-ku, Sarugakuchō, 30−8, B1",0.82,true,,,,,,,,
cmogxnrqu033wnwx0yy6ce91f,INC cocktails,"Japon, 〒150-0002 Tōkyō-to, Shibuya City, Shibuya, 1-chōme−5−６ B1F",Shibuya City,,,,bar,,"To try, Cocktails, mapstr, public-map",https://mapstr.com/map/philoudarblay,"Saved on Philippine Darblay's public Mapstr map: INC cocktails — Japon, 〒150-0002 Tōkyō-to, Shibuya City, Shibuya, 1-chōme−5−６ B1F",0.82,true,,,,,,,,
cmogxnrqw0341nwx0fb5cbdca,LATTEST,"Japon, 〒150ー0001 東京都渋谷区 神宮前３丁目５−２",渋谷区,,,,cafe,,"To try, Cafe, mapstr, public-map",https://mapstr.com/map/philoudarblay,"Saved on Philippine Darblay's public Mapstr map: LATTEST — Japon, 〒150ー0001 東京都渋谷区 神宮前３丁目５−２",0.82,true,,,,,,,,
cmogxnrqx0346nwx0kp0a12jx,Little Nap Coffee Stand リトルナップコーヒースタンド,"Japon, 〒151-0053 東京都渋谷区 代々木５丁目６５−４",渋谷区,,,,generic,,"To try, Cafe, mapstr, public-map",https://mapstr.com/map/philoudarblay,"Saved on Philippine Darblay's public Mapstr map: Little Nap Coffee Stand リトルナップコーヒースタンド — Japon, 〒151-0053 東京都渋谷区 代々木５丁目６５−４",0.82,true,,,,,,,,
cmogxnrr3034bnwx0h6fzp1gh,Fuglen Tokyo,"Japon, 〒151-0063 東京都渋谷区 富ヶ谷1−16−11",渋谷区,,,,cafe,,"To try, Cafe, mapstr, public-map",https://mapstr.com/map/philoudarblay,"Saved on Philippine Darblay's public Mapstr map: Fuglen Tokyo — Japon, 〒151-0063 東京都渋谷区 富ヶ谷1−16−11",0.82,true,,,,,,,,
cmogxnrr9034gnwx0sp46waw3,CAMELBACK sandwich&espresso,"42-2 Kamiyamachō, 渋谷区 Shibuya-ku, Tōkyō-to 150-0047, Japon",Shibuya-ku,,,,cafe,,"To try, Cafe, Street food, mapstr, public-map",https://mapstr.com/map/philoudarblay,"Saved on Philippine Darblay's public Mapstr map: CAMELBACK sandwich&espresso — 42-2 Kamiyamachō, 渋谷区 Shibuya-ku, Tōkyō-to 150-0047, Japon",0.82,true,,,,,,,,
cmogxnrs3034lnwx0pweamkcf,ONIBUS COFFEE Nakameguro,"Japan, 〒153-0051 Tōkyō-to, Meguro-ku, 目黒区Kamimeguro, 2 Chome−2−14−1",目黒区,,,,cafe,,"To try, Cafe, mapstr, public-map",https://mapstr.com/map/philoudarblay,"Saved on Philippine Darblay's public Mapstr map: ONIBUS COFFEE Nakameguro — Japan, 〒153-0051 Tōkyō-to, Meguro-ku, 目黒区Kamimeguro, 2 Chome−2−14−1",0.82,true,,,,,,,,
cmogxnrs5034qnwx07rl2290n,名前のないラーメン屋,"534-31 Ebisuchō, Nakagyo Ward, Kyoto, 604-8005, Japan",Kyoto,,,,restaurant,,"To try, Restaurant, mapstr, public-map",https://mapstr.com/map/philoudarblay,"Saved on Philippine Darblay's public Mapstr map: 名前のないラーメン屋 — 534-31 Ebisuchō, Nakagyo Ward, Kyoto, 604-8005, Japan",0.82,true,,,,,,,,
cmogxnrs7034vnwx0rvyj565p,Meguro River Cherry Blossoms Promenade,"Japon, 〒152-0000 Tōkyō-to, Meguro-ku, Nakameguro, 2 Chome−6, 目黒区 中目黒",Meguro-ku,,,,generic,,"To try, Spot to visit, mapstr, public-map",https://mapstr.com/map/philoudarblay,"Saved on Philippine Darblay's public Mapstr map: Meguro River Cherry Blossoms Promenade — Japon, 〒152-0000 Tōkyō-to, Meguro-ku, Nakameguro, 2 Chome−6, 目黒区 中目黒",0.82,true,,,,,,,,
cmogxnrs80350nwx086p25zyf,Daikanyama T site,"Japon, 〒150-0033 Tōkyō-to, 渋谷区Shibuya-ku, 猿楽町Sarugakuchō, 16−15",猿楽町,,,,shopping,,"To try, Shopping, mapstr, public-map",https://mapstr.com/map/philoudarblay,"Saved on Philippine Darblay's public Mapstr map: Daikanyama T site — Japon, 〒150-0033 Tōkyō-to, 渋谷区Shibuya-ku, 猿楽町Sarugakuchō, 16−15",0.82,true,,,,,,,,
cmogxnrsa0355nwx00bwre094,MORI ARTS CENTER GALLERY,"6 Chome-10 Roppongi, Minato-ku, Tōkyō-to 106-6108, Japon",Minato City,,,,museum,,"To try, Spot to visit, mapstr, public-map",https://mapstr.com/map/philoudarblay,"Saved on Philippine Darblay's public Mapstr map: MORI ARTS CENTER GALLERY — 6 Chome-10 Roppongi, Minato-ku, Tōkyō-to 106-6108, Japon",0.82,true,,,,,,,,
cmogxnrsb035anwx0cauvfyks,Akihabara Gamers main store,"Japon, 〒101-0021 Tōkyō-to, Chiyoda-ku, 千代田区Sotokanda, 1 Chome−14−7, 宝田ビル",千代田区,,,,shopping,,"To try, Spot to visit, mapstr, public-map",https://mapstr.com/map/philoudarblay,"Saved on Philippine Darblay's public Mapstr map: Akihabara Gamers main store — Japon, 〒101-0021 Tōkyō-to, Chiyoda-ku, 千代田区Sotokanda, 1 Chome−14−7, 宝田ビル",0.82,true,,,,,,,,
cmogxnrsc035fnwx0r9m3n50r,Fukagawa Edo Museum (Fukagawa Edo Shiryokan),"Japon, 〒135-0021 Tōkyō-to, Kōtō-ku, 江東区Shirakawa, 1 Chome−1−3−28",江東区,,,,museum,,"To try, Spot to visit, mapstr, public-map",https://mapstr.com/map/philoudarblay,"Saved on Philippine Darblay's public Mapstr map: Fukagawa Edo Museum (Fukagawa Edo Shiryokan) — Japon, 〒135-0021 Tōkyō-to, Kōtō-ku, 江東区Shirakawa, 1 Chome−1−3−28",0.82,true,,,,,,,,
cmogxnrsd035knwx0856hbzab,Harajuku Gyoza-ro,"6 Chome-4-2 Jingūmae, Shibuya-ku, Tōkyō-to 150-0001, Japon",Shibuya-ku,,,,restaurant,,"To try, Restaurant, mapstr, public-map",https://mapstr.com/map/philoudarblay,"Saved on Philippine Darblay's public Mapstr map: Harajuku Gyoza-ro — 6 Chome-4-2 Jingūmae, Shibuya-ku, Tōkyō-to 150-0001, Japon",0.82,true,,,,,,,,
cmogxnrsf035pnwx0g714io8c,Nezu Museum,"6-5-1 Minamiaoyama, Minato, Tokyo 107-0062, Japon",Minato,,,,museum,,"To try, Spot to visit, mapstr, public-map",https://mapstr.com/map/philoudarblay,"Saved on Philippine Darblay's public Mapstr map: Nezu Museum — 6-5-1 Minamiaoyama, Minato, Tokyo 107-0062, Japon",0.82,true,,,,,,,,
cmogxnrsh035znwx0o3it9lpm,Yoyogi-kōen,"2-1 Yoyogikamizonocho, Shibuya, Tokyo 151-0052, Japon",Shibuya,,,,generic,,"To try, Spot to visit, mapstr, public-map",https://mapstr.com/map/philoudarblay,"Saved on Philippine Darblay's public Mapstr map: Yoyogi-kōen — 2-1 Yoyogikamizonocho, Shibuya, Tokyo 151-0052, Japon",0.82,true,,,,,,,,
cmogxnrsj0364nwx0mz6eedfv,Sushi Zanmai,"Japon, 〒150-0042 Tōkyō-to, Shibuya-ku, 渋谷区Udagawachō, 34−5, サイトウⅢビル 1F",Shibuya-ku,,,,restaurant,,"To try, Restaurant, mapstr, public-map",https://mapstr.com/map/philoudarblay,"Saved on Philippine Darblay's public Mapstr map: Sushi Zanmai — Japon, 〒150-0042 Tōkyō-to, Shibuya-ku, 渋谷区Udagawachō, 34−5, サイトウⅢビル 1F",0.82,true,,,,,,,,
cmogxnrsk0369nwx0fnlh71qk,Ichiran Ramen,"Japon, 〒150-0042 Tokyo, Shibuya, Udagawacho, 13−7, コヤスワン B1F",Shibuya,,,,restaurant,,"To try, Restaurant, mapstr, public-map",https://mapstr.com/map/philoudarblay,"Saved on Philippine Darblay's public Mapstr map: Ichiran Ramen — Japon, 〒150-0042 Tokyo, Shibuya, Udagawacho, 13−7, コヤスワン B1F",0.82,true,,,,,,,,
cmogxnrsm036enwx04lg6kxba,YORONIKU蕃,"Japon, 〒150-0013 Tōkyō-to, Shibuya-ku, Ebisu, 1 Chome−11, 丁目 ５GEMS 恵比寿 8F",Shibuya-ku,,,,restaurant,,"To try, Restaurant, mapstr, public-map",https://mapstr.com/map/philoudarblay,"Saved on Philippine Darblay's public Mapstr map: YORONIKU蕃 — Japon, 〒150-0013 Tōkyō-to, Shibuya-ku, Ebisu, 1 Chome−11, 丁目 ５GEMS 恵比寿 8F",0.82,true,,,,,,,,
cmogxnrsp036lnwx0ewo7x2sx,ジョウモン 六本木店,"Japon, 〒106-0032 Tokyo, Minato, Roppongi, 5 Chome−9−17, 藤森ビル 1F",Minato,,,,restaurant,,"To try, Restaurant, mapstr, public-map",https://mapstr.com/map/philoudarblay,"Saved on Philippine Darblay's public Mapstr map: ジョウモン 六本木店 — Japon, 〒106-0032 Tokyo, Minato, Roppongi, 5 Chome−9−17, 藤森ビル 1F",0.82,true,,,,,,,,
cmogxnrsq036qnwx0pxemdla1,Sushi Nomidori Shibuyaten,"1-chōme-12-3 Dōgenzaka, Shibuya City, Tōkyō-to 107-6302, Japon",Shibuya City,,,,restaurant,,"To try, Restaurant, mapstr, public-map",https://mapstr.com/map/philoudarblay,"Saved on Philippine Darblay's public Mapstr map: Sushi Nomidori Shibuyaten — 1-chōme-12-3 Dōgenzaka, Shibuya City, Tōkyō-to 107-6302, Japon",0.82,true,,,,,,,,
cmogxnrss036vnwx0oef2fscp,Shimokitazawa Ichibangai Shotengai,"Setagaya, Tokyo, ２丁目-３７-17 北沢 世田谷区 東京都 155-0031, Japon",世田谷区,,,,shopping,,"To try, Spot to visit, mapstr, public-map",https://mapstr.com/map/philoudarblay,"Saved on Philippine Darblay's public Mapstr map: Shimokitazawa Ichibangai Shotengai — Setagaya, Tokyo, ２丁目-３７-17 北沢 世田谷区 東京都 155-0031, Japon",0.82,true,,,,,,,,
cmogxnrsu0375nwx06bh1t4ln,Nanaya Gelato,"2 Chome-7-12 Shibuya, Shibuya-ku, Tōkyō-to 150-0002, Japon",Shibuya-ku,,,,shopping,,"To try, Restaurant, mapstr, public-map",https://mapstr.com/map/philoudarblay,"Saved on Philippine Darblay's public Mapstr map: Nanaya Gelato — 2 Chome-7-12 Shibuya, Shibuya-ku, Tōkyō-to 150-0002, Japon",0.82,true,,,,,,,,
cmogxnrsw037anwx0aile02s7,Shirube,"Japon, 〒155-0031 東京都世田谷区 北沢2-18-2",世田谷区,,,,restaurant,,"To try, Restaurant, mapstr, public-map",https://mapstr.com/map/philoudarblay,"Saved on Philippine Darblay's public Mapstr map: Shirube — Japon, 〒155-0031 東京都世田谷区 北沢2-18-2",0.82,true,,,,,,,,
cmogxnrsx037fnwx0zpf4td68,Gen Yamamoto,"Japon, 〒106-0045 東京都港区 麻布十番1-6-4 アニバーサリービル 1F",港区,,,,bar,,"To try, Cocktails, mapstr, public-map",https://mapstr.com/map/philoudarblay,"Saved on Philippine Darblay's public Mapstr map: Gen Yamamoto — Japon, 〒106-0045 東京都港区 麻布十番1-6-4 アニバーサリービル 1F",0.82,true,,,,,,,,
cmogxnrsy037knwx0nre0ony6,Cafe de l'ambre,"8 104 0061, 8 Chome-10-15 Ginza, Chūō-ku, Tōkyō-to 104-0061, Japon",Chūō-ku,,,,cafe,,"To try, Cafe, mapstr, public-map",https://mapstr.com/map/philoudarblay,"Saved on Philippine Darblay's public Mapstr map: Cafe de l'ambre — 8 104 0061, 8 Chome-10-15 Ginza, Chūō-ku, Tōkyō-to 104-0061, Japon",0.82,true,,,,,,,,
cmogxnrt0037pnwx0i5zf7l1f,Chatei Hatou,"1 Chome-15-19 Shibuya, 渋谷区 Shibuya-ku, Tōkyō-to 150-0002, Japon",渋谷区,,,,cafe,,"To try, Cafe, mapstr, public-map",https://mapstr.com/map/philoudarblay,"Saved on Philippine Darblay's public Mapstr map: Chatei Hatou — 1 Chome-15-19 Shibuya, 渋谷区 Shibuya-ku, Tōkyō-to 150-0002, Japon",0.82,true,,,,,,,,
cmogxnrxm03o3nwx0prdo876u,Figure cave à manger,"90 Boulevard Vauban, Marseille, France",,,,,generic,,"To try, Restaurant, mapstr, public-map",https://mapstr.com/map/philoudarblay,"Saved on Philippine Darblay's public Mapstr map: Figure cave à manger — 90 Boulevard Vauban, Marseille, France",0.82,true,,,,,,,,
cmogxns1i0419nwx076iz5mju,Télescope,"5 Rue Villedo, 75001 Paris, France",,,,,cafe,,"To try, Cafe, mapstr, public-map",https://mapstr.com/map/philoudarblay,"Saved on Philippine Darblay's public Mapstr map: Télescope — 5 Rue Villedo, 75001 Paris, France",0.82,true,,,,,,,,
cmogxns2e044bnwx0fxvk6fnu,Ulus 29,"Kuruçeşme, 34345 İstanbul, Turquie",Istanbul,,,,restaurant,,"To try, Restaurant, Gastro / higher end, mapstr, public-map",https://mapstr.com/map/philoudarblay,"Saved on Philippine Darblay's public Mapstr map: Ulus 29 — Kuruçeşme, 34345 İstanbul, Turquie",0.82,true,,,,,,,,
cmogxns2i044qnwx0uu4fpsj9,neon,"Athènes 105 52, Grèce",Athènes,,,,generic,,"Spot to visit, mapstr, public-map",https://mapstr.com/map/philoudarblay,"Saved on Philippine Darblay's public Mapstr map: neon — Athènes 105 52, Grèce",0.82,true,,,,,,,,
cmogxns3t0496nwx0la0qdwds,Benanti,"Via Giuseppe Garibaldi, 361, 95029 Viagrande CT, Italie",,,,,generic,,"To try, Wine bar, mapstr, public-map",https://mapstr.com/map/philoudarblay,"Saved on Philippine Darblay's public Mapstr map: Benanti — Via Giuseppe Garibaldi, 361, 95029 Viagrande CT, Italie",0.82,true,,,,,,,,
cmogxns4u04cnnwx05faylnrg,Inari arles,"16 Place Voltaire, 13200 Arles, France",,,,,generic,,"To try, Restaurant, mapstr, public-map",https://mapstr.com/map/philoudarblay,"Saved on Philippine Darblay's public Mapstr map: Inari arles — 16 Place Voltaire, 13200 Arles, France",0.82,true,,,,,,,,
cmogxns5604donwx0e3od3gs2,Alicudi,"Alicudi, Italie",Sicile,,,,geocode,,"To try, Place to visit, mapstr, public-map",https://mapstr.com/map/philoudarblay,"Saved on Philippine Darblay's public Mapstr map: Alicudi — Alicudi, Italie",0.82,true,,,,,,,,
cmogxns5c04e8nwx0dfjl13th,Rabbit Beach,"Rabbit Beach, 92010 Lampedusa e Linosa, Province of Agrigento, Italie",Sicily,,,,geocode,,"To try, Place to visit, mapstr, public-map",https://mapstr.com/map/philoudarblay,"Saved on Philippine Darblay's public Mapstr map: Rabbit Beach — Rabbit Beach, 92010 Lampedusa e Linosa, Province of Agrigento, Italie",0.82,true,,,,,,,,
cmogxns5d04ednwx03m094d8a,Capo Bianco,"92011 Cattolica Eraclea AG, Italie",Cattolica Eraclea,,,,generic,,"To try, Place to visit, mapstr, public-map",https://mapstr.com/map/philoudarblay,"Saved on Philippine Darblay's public Mapstr map: Capo Bianco — 92011 Cattolica Eraclea AG, Italie",0.82,true,,,,,,,,
cmogxns5h04ennwx0vpinfb48,San Lorenzo,"96017 San Lorenzo, Syracuse, Italie",San Lorenzo,,,,geocode,,"To try, Place to visit, mapstr, public-map",https://mapstr.com/map/philoudarblay,"Saved on Philippine Darblay's public Mapstr map: San Lorenzo — 96017 San Lorenzo, Syracuse, Italie",0.82,true,,,,,,,,
cmogxns6104ggnwx0stbsoe74,Bagheria,"90011 Bagheria, Palerme, Italie",Bagheria,,,,geocode,,"To try, Place to visit, mapstr, public-map",https://mapstr.com/map/philoudarblay,"Saved on Philippine Darblay's public Mapstr map: Bagheria — 90011 Bagheria, Palerme, Italie",0.82,true,,,,,,,,
cmogxns6a04hanwx08t7g5cry,Cala Rossa,"San Vito Lo Capo, Sicilia, Italia",,,,,generic,,"To try, Place to visit, mapstr, public-map",https://mapstr.com/map/philoudarblay,"Saved on Philippine Darblay's public Mapstr map: Cala Rossa — San Vito Lo Capo, Sicilia, Italia",0.82,true,,,,,,,,
cmogxns6b04hfnwx0gimqkpmv,Cala Rossa,"Unnamed Rd,, 91023 Favignana TP, Italie",Favignana,,,,generic,,"Place to visit, To try, mapstr, public-map",https://mapstr.com/map/philoudarblay,"Saved on Philippine Darblay's public Mapstr map: Cala Rossa — Unnamed Rd,, 91023 Favignana TP, Italie",0.82,true,,,,,,,,
cmogxns6g04hunwx0o13a9ohw,Petrin couchette,7 Cours Saint-Louis 13001 Marseille France,,,,,generic,,"To try, Cafe, Bakery, mapstr, public-map",https://mapstr.com/map/philoudarblay,Saved on Philippine Darblay's public Mapstr map: Petrin couchette — 7 Cours Saint-Louis 13001 Marseille France,0.82,true,,,,,,,,
cmogxns8e04oinwx0tgsbv78i,Lmp restaurant bar,53 Brook's Mews W1K 4EF Londres Royaume-Uni,,,,,generic,,"Restaurant, mapstr, public-map",https://mapstr.com/map/philoudarblay,Saved on Philippine Darblay's public Mapstr map: Lmp restaurant bar — 53 Brook's Mews W1K 4EF Londres Royaume-Uni,0.82,true,,,,,,,,
cmogxns8t04pwnwx0mlzaap0m,La mer a boire la peniche,Port Van Gogh 92600 Asnières-sur-Seine France,,,,,generic,,"Restaurant, Fish, For groups, mapstr, public-map",https://mapstr.com/map/philoudarblay,Saved on Philippine Darblay's public Mapstr map: La mer a boire la peniche — Port Van Gogh 92600 Asnières-sur-Seine France,0.82,true,,,,,,,,
cmogxns9g04rznwx08nxnldao,"Ostradamus Restaurante ",7640 Rodovia Baldicero Filomeno 88064-002 Florianópolis Brésil,,,,,generic,,"Fish, Restaurant, mapstr, public-map",https://mapstr.com/map/philoudarblay,Saved on Philippine Darblay's public Mapstr map: Ostradamus Restaurante  — 7640 Rodovia Baldicero Filomeno 88064-002 Florianópolis Brésil,0.82,true,,,,,,,,
cmogxnsai04vqnwx01vcexzcx,Les tilleuls etretat,45 Rue Isabey 76790 Étretat France,,,,,"generic, hotel",,"Hotel / BB, Gastro / higher end, Organic, mapstr, public-map",https://mapstr.com/map/philoudarblay,Saved on Philippine Darblay's public Mapstr map: Les tilleuls etretat — 45 Rue Isabey 76790 Étretat France,0.82,true,,,,,,,,
cmogxnsak04vvnwx0u1kzgbz6,Maisons de bricourt,1 Rue Duguesclin 35260 Cancale France,,,,,"generic, hotel",,"Hotel / BB, Gastro / higher end, mapstr, public-map",https://mapstr.com/map/philoudarblay,Saved on Philippine Darblay's public Mapstr map: Maisons de bricourt — 1 Rue Duguesclin 35260 Cancale France,0.82,true,,,,,,,,
cmogxnsb204xonwx0pqfdq2ve,Cala Olivera,"Balearic Sea, Espagne",Santa Eulària des Riu,,,,generic,,"Place to visit, mapstr, public-map",https://mapstr.com/map/philoudarblay,"Saved on Philippine Darblay's public Mapstr map: Cala Olivera — Balearic Sea, Espagne",0.82,true,,,,,,,,
cmogxnsbq04zwnwx0g3uchhfj,Restaurante Sal - Comporta Soul Lda,"Praia do Pego, Carvalhal, 7570-783, Portugal",,,,,restaurant,,"Restaurant, mapstr, public-map",https://mapstr.com/map/philoudarblay,"Saved on Philippine Darblay's public Mapstr map: Restaurante Sal - Comporta Soul Lda — Praia do Pego, Carvalhal, 7570-783, Portugal",0.82,true,,,,,,,,
cmogxnsd9054rnwx0a3b5tlb3,Route de Martigues,Route de Martigues 13500 Martigues France,Martigues,,,,generic,,"Place to visit, mapstr, public-map",https://mapstr.com/map/philoudarblay,Saved on Philippine Darblay's public Mapstr map: Route de Martigues — Route de Martigues 13500 Martigues France,0.82,true,,,,,,,,
cmogxnsdh055gnwx02d3g4knw,Paternkofel,39034 Toblach Italy,,,,,generic,,"Place to visit, mapstr, public-map",https://mapstr.com/map/philoudarblay,Saved on Philippine Darblay's public Mapstr map: Paternkofel — 39034 Toblach Italy,0.82,true,,,,,,,,
cmogxnsdi055lnwx05pk10g86,Tre Cime di Lavaredo,"Tre Cime di Lavaredo, 32041 Auronzo di Cadore, Province of Belluno, Italy",,,,,geocode,,"Place to visit, mapstr, public-map",https://mapstr.com/map/philoudarblay,"Saved on Philippine Darblay's public Mapstr map: Tre Cime di Lavaredo — Tre Cime di Lavaredo, 32041 Auronzo di Cadore, Province of Belluno, Italy",0.82,true,,,,,,,,
cmogxnsdk055qnwx08jb9pqrw,Lac de Misurina,"Lac de Misurina, 32041 Auronzo di Cadore, Belluno, Italie",Vénétie,,,,geocode,,"Place to visit, mapstr, public-map",https://mapstr.com/map/philoudarblay,"Saved on Philippine Darblay's public Mapstr map: Lac de Misurina — Lac de Misurina, 32041 Auronzo di Cadore, Belluno, Italie",0.82,true,,,,,,,,
cmogxnsdm0560nwx0w4pdzl8l,Belluno,"32100 Belluno BL, Italia",Belluno,,,,geocode,,"Place to visit, mapstr, public-map",https://mapstr.com/map/philoudarblay,"Saved on Philippine Darblay's public Mapstr map: Belluno — 32100 Belluno BL, Italia",0.82,true,,,,,,,,
cmogxnsf305b5nwx0un96y09n,Campanile Basso,"Parco Naturale Adamello Brenta, 38018 Molveno, Province of Trento, Italy",,,,,generic,,"Place to visit, mapstr, public-map",https://mapstr.com/map/philoudarblay,"Saved on Philippine Darblay's public Mapstr map: Campanile Basso — Parco Naturale Adamello Brenta, 38018 Molveno, Province of Trento, Italy",0.82,true,,,,,,,,
cmogxnsg205ecnwx01mpekl69,Calanque de Sugiton,"Calanque de Sugiton, France",Marseille,,,,geocode,,"Place to visit, mapstr, public-map",https://mapstr.com/map/philoudarblay,"Saved on Philippine Darblay's public Mapstr map: Calanque de Sugiton — Calanque de Sugiton, France",0.82,true,,,,,,,,
cmogxnsi305klnwx05konwvxo,Cakes et Gourmandises - Maison Blondel,"4 Rue des Logettes, 14600 Honfleur, France",Honfleur,,,,restaurant,,"Restaurant, mapstr, public-map",https://mapstr.com/map/philoudarblay,"Saved on Philippine Darblay's public Mapstr map: Cakes et Gourmandises - Maison Blondel — 4 Rue des Logettes, 14600 Honfleur, France",0.82,true,,,,,,,,
cmogxnskz05sznwx0hfbbzr7e,Åke - Au Quai Caviste Paris 10,"15 rue Alibert, 75010 Paris, France",Paris,,10e,,library,,"Restaurant, Bistrot, Trendy, mapstr, public-map",https://mapstr.com/map/philoudarblay,"Saved on Philippine Darblay's public Mapstr map: Åke - Au Quai Caviste Paris 10 — 15 rue Alibert, 75010 Paris, France",0.82,true,,,,,,,,
cmogxnsms05y9nwx0h8dbd2oc,Berber Lodge,"Al Haouz, Maroc",Marrakech-Tensift-Al Haouz,,,,"lodging, hotel",,"Hotel / BB, mapstr, public-map",https://mapstr.com/map/philoudarblay,"Saved on Philippine Darblay's public Mapstr map: Berber Lodge — Al Haouz, Maroc",0.82,true,,,,,,,,
cmogxnsmu05yenwx0b0jz7h6e,Palais Mansour,"Meknes, Morocco",Meknes,,,,"generic, hotel",,"Hotel / BB, mapstr, public-map",https://mapstr.com/map/philoudarblay,"Saved on Philippine Darblay's public Mapstr map: Palais Mansour — Meknes, Morocco",0.82,true,,,,,,,,
cmogxnsmx05yonwx03ajqkq84,Terre Des Etoiles,"Desert d'Agafay, Μαρακές 40000, Maroc",Μαρακές,,,,"lodging, hotel",,"Hotel / BB, mapstr, public-map",https://mapstr.com/map/philoudarblay,"Saved on Philippine Darblay's public Mapstr map: Terre Des Etoiles — Desert d'Agafay, Μαρακές 40000, Maroc",0.82,true,,,,,,,,
cmogxnsnf0604nwx0m0f31ega,keïli paris,"106 Rue Amelot, Paris, France",,,,,generic,,"Restaurant, Healthy, mapstr, public-map",https://mapstr.com/map/philoudarblay,"Saved on Philippine Darblay's public Mapstr map: keïli paris — 106 Rue Amelot, Paris, France",0.82,true,,,,,,,,
cmogxnspg0674nwx0eob8m819,Gioia,"Viale Lunigiana, 23, 20125 Milano MI, Italy",,,,,generic,,"Restaurant, Gastro / higher end, mapstr, public-map",https://mapstr.com/map/philoudarblay,"Saved on Philippine Darblay's public Mapstr map: Gioia — Viale Lunigiana, 23, 20125 Milano MI, Italy",0.82,true,,,,,,,,
cmogxnspr0688nwx0v3bgyjcs,XU,"30 Rupert Street, Soho, Chinatown, London W1D 6DL, UK",London,,,,restaurant,,"Asian, Restaurant, mapstr, public-map",https://mapstr.com/map/philoudarblay,"Saved on Philippine Darblay's public Mapstr map: XU — 30 Rupert Street, Soho, Chinatown, London W1D 6DL, UK",0.82,true,,,,,,,,
cmogxnsq00692nwx0iczjrxa0,automne,"Rue Richard Lenoir, Paris, France",,,,,generic,,"Frenchie, Restaurant, mapstr, public-map",https://mapstr.com/map/philoudarblay,"Saved on Philippine Darblay's public Mapstr map: automne — Rue Richard Lenoir, Paris, France",0.82,true,,,,,,,,
cmogxnsqb06a6nwx0ob6m7j2k,adana ocakbasi,"Bozkurt Mahallesi, Şişli/Istanbul, Turkey",,,,,generic,,"Restaurant, mapstr, public-map",https://mapstr.com/map/philoudarblay,"Saved on Philippine Darblay's public Mapstr map: adana ocakbasi — Bozkurt Mahallesi, Şişli/Istanbul, Turkey",0.82,true,,,,,,,,
cmogxnsqd06abnwx0vgwyopm0,sichuan chef,"Kenway Rd, London SW5 0RP, UK",,,,,generic,,"Restaurant, Chinese, mapstr, public-map",https://mapstr.com/map/philoudarblay,"Saved on Philippine Darblay's public Mapstr map: sichuan chef — Kenway Rd, London SW5 0RP, UK",0.82,true,,,,,,,,
cmogxnsqi06avnwx069aoqdq4,Finca Ibiza Salinas,"Carrer de Formentera 2 - 4, San Jordi de ses Salinas, 07817 Sant Jordi, Islas Baleares, Espagne",Sant Jordi,,,,lodging,,"Restaurant, mapstr, public-map",https://mapstr.com/map/philoudarblay,"Saved on Philippine Darblay's public Mapstr map: Finca Ibiza Salinas — Carrer de Formentera 2 - 4, San Jordi de ses Salinas, 07817 Sant Jordi, Islas Baleares, Espagne",0.82,true,,,,,,,,
cmogxnsr206ctnwx0wkbf285u,sumiki kaz,"11 Rue de Montyon, Paris, France",,,,,generic,,"Japanese, Restaurant, mapstr, public-map",https://mapstr.com/map/philoudarblay,"Saved on Philippine Darblay's public Mapstr map: sumiki kaz — 11 Rue de Montyon, Paris, France",0.82,true,,,,,,,,
cmogxnsre06dxnwx0a9gzjo5b,morning coworking,"2 Rue Dieu, Paris, France",,,,,generic,,"SH, mapstr, public-map",https://mapstr.com/map/philoudarblay,"Saved on Philippine Darblay's public Mapstr map: morning coworking — 2 Rue Dieu, Paris, France",0.82,true,,,,,,,,
cmogxnsrk06ehnwx09q666h3c,le 66,"66 Rue Lhomond, 75005 Paris, France",,,,,"generic, hotel",,"Hotel / BB, mapstr, public-map",https://mapstr.com/map/philoudarblay,"Saved on Philippine Darblay's public Mapstr map: le 66 — 66 Rue Lhomond, 75005 Paris, France",0.82,true,,,,,,,,
cmogxnssm06i8nwx0ohs7zz6h,Sorbillo,"80142 Naples, Metropolitan City of Naples, Italy",Naples,,,,restaurant,,"Restaurant, mapstr, public-map",https://mapstr.com/map/philoudarblay,"Saved on Philippine Darblay's public Mapstr map: Sorbillo — 80142 Naples, Metropolitan City of Naples, Italy",0.82,true,,,,,,,,
cmogxnsul06p1nwx0tlvpm6p9,le marta Paris,"46 Avenue George V, 75008 Paris, France",,,,,generic,,"Cocktail, Bar, mapstr, public-map",https://mapstr.com/map/philoudarblay,"Saved on Philippine Darblay's public Mapstr map: le marta Paris — 46 Avenue George V, 75008 Paris, France",0.82,true,,,,,,,,
cmogxnsux06qanwx0nlzdlb8w,ma kitchen bibimbap,"85 Rue d'Hauteville, 75010 Paris, France",,,,,generic,,"Healthy, mapstr, public-map",https://mapstr.com/map/philoudarblay,"Saved on Philippine Darblay's public Mapstr map: ma kitchen bibimbap — 85 Rue d'Hauteville, 75010 Paris, France",0.82,true,,,,,,,,
cmogxnsvq06t2nwx0n4h83lum,Babington House,"Frome BA11 3RW, United Kingdom",Frome,,,,lodging,,"Soho House, mapstr, public-map",https://mapstr.com/map/philoudarblay,"Saved on Philippine Darblay's public Mapstr map: Babington House — Frome BA11 3RW, United Kingdom",0.82,true,,,,,,,,
cmogxnswr06wlnwx0gx3u7pgt,la reine mer,"1 Rue Jean-Pierre Timbaud, Paris, France",,,,,generic,,"Fish, Restaurant, mapstr, public-map",https://mapstr.com/map/philoudarblay,"Saved on Philippine Darblay's public Mapstr map: la reine mer — 1 Rue Jean-Pierre Timbaud, Paris, France",0.82,true,,,,,,,,
cmogxnsyc0720nwx0dqgoknl9,Combat,"4 Rue Botzaris, 75019 Paris, France",,,,,generic,,"Frenchie, Cocktail, Bar, mapstr, public-map",https://mapstr.com/map/philoudarblay,"Saved on Philippine Darblay's public Mapstr map: Combat — 4 Rue Botzaris, 75019 Paris, France",0.82,true,,,,,,,,
cmogxnt1u07denwx02md1ajrd,le trifolet,"Val-d'Isère, France",,,,,generic,,"Restaurant, mapstr, public-map",https://mapstr.com/map/philoudarblay,"Saved on Philippine Darblay's public Mapstr map: le trifolet — Val-d'Isère, France",0.82,true,,,,,,,,
cmogxnt2407e8nwx0skd6u9ph,La Folie Douce Val d'Isère,"Télécabine de, 73150 Val-d'Isère, France",Val-d'Isère,,,,restaurant,,"Restaurant, Dancing, Bar, mapstr, public-map",https://mapstr.com/map/philoudarblay,"Saved on Philippine Darblay's public Mapstr map: La Folie Douce Val d'Isère — Télécabine de, 73150 Val-d'Isère, France",0.82,true,,,,,,,,
cmogxnt2707einwx0687qcbxm,Hôtel Le Blizzard,"Avenue Olympique, 73150 Val-d'Isère, France",Val-d'Isère,,,,"lodging, hotel",,"Hotel / BB, Restaurant, Gastro / higher end, mapstr, public-map",https://mapstr.com/map/philoudarblay,"Saved on Philippine Darblay's public Mapstr map: Hôtel Le Blizzard — Avenue Olympique, 73150 Val-d'Isère, France",0.82,true,,,,,,,,
cmogxnt2b07exnwx0wt5iaz0g,madeleine et gustave,"19 Rue Yves Toudic, Paris, France",,,,,generic,,"Deco, Design, mapstr, public-map",https://mapstr.com/map/philoudarblay,"Saved on Philippine Darblay's public Mapstr map: madeleine et gustave — 19 Rue Yves Toudic, Paris, France",0.82,true,,,,,,,,
cmogxnt3b07ienwx0kgrxq3mp,bonhomie,"22 Rue d'Enghien, Paris, France",,,,,generic,,"Restaurant, Trendy, mapstr, public-map",https://mapstr.com/map/philoudarblay,"Saved on Philippine Darblay's public Mapstr map: bonhomie — 22 Rue d'Enghien, Paris, France",0.82,true,,,,,,,,
cmogxnt5g07p7nwx0jyq8wdm6,pain moisan,"4 Avenue du Général Leclerc, France",,,,,generic,,"To try, Bakery, mapstr, public-map",https://mapstr.com/map/philoudarblay,"Saved on Philippine Darblay's public Mapstr map: pain moisan — 75 Rue Jean de la Fontaine, Paris, France",0.82,true,,,,,,,,
cmogxnt6e07s1nwx0igdfbnuc,Ida,"127 Rue de Vaugirard, Paris, France",,,,,generic,,"To try, Restaurant, Italian, mapstr, public-map",https://mapstr.com/map/philoudarblay,"Saved on Philippine Darblay's public Mapstr map: Ida — 127 Rue de Vaugirard, Paris, France",0.82,true,,,,,,,,
cmogxnt6g07s6nwx02r0ai74k,52 Fauboug Saint-Denis,"52 Rue du Faubourg Saint-Denis, Paris, France",,,,,generic,,"To try, Restaurant, mapstr, public-map",https://mapstr.com/map/philoudarblay,"Saved on Philippine Darblay's public Mapstr map: 52 Fauboug Saint-Denis — 52 Rue du Faubourg Saint-Denis, Paris, France",0.82,true,,,,,,,,
cmogxnt6j07sgnwx0k2xqmupx,Yeast 66 paris,"66 Rue d'Hauteville, Paris, France",,,,,generic,,"To try, Restaurant, Italian, mapstr, public-map",https://mapstr.com/map/philoudarblay,"Saved on Philippine Darblay's public Mapstr map: Yeast 66 paris — 66 Rue d'Hauteville, Paris, France",0.82,true,,,,,,,,
cmogxnt6k07slnwx0s60meqqp,De Haus,"Chaussée d'Ixelles 183 1050 Ixelles, Belgique",,,,,generic,,"Bar, mapstr, public-map",https://mapstr.com/map/philoudarblay,"Saved on Philippine Darblay's public Mapstr map: De Haus — Chaussée d'Ixelles 183 1050 Ixelles, Belgique",0.82,true,,,,,,,,
cmogxnt6p07t0nwx08c6gll3k,Chyl cafe bruxelles,"Rue de Belle-Vue 62, Bruxelles, Belgique",,,,,"generic, brunch",,"Brunch, Healthy, mapstr, public-map",https://mapstr.com/map/philoudarblay,"Saved on Philippine Darblay's public Mapstr map: Chyl cafe bruxelles — Rue de Belle-Vue 62, Bruxelles, Belgique",0.82,true,,,,,,,,
cmogxnt7m07vdnwx0gye03wbt,Blaine bar,"65 Rue Pierre Charron, Paris, France",,,,,generic,,"To try, Cocktail, Bar, mapstr, public-map",https://mapstr.com/map/philoudarblay,"Saved on Philippine Darblay's public Mapstr map: Blaine bar — 65 Rue Pierre Charron, Paris, France",0.82,true,,,,,,,,
cmogxnt8i07yanwx03v1n1546,Candelaria,"52 Rue de Saintonge, Paris, France",,,,,generic,,"Cocktail, Unusual, mapstr, public-map",https://mapstr.com/map/philoudarblay,"Saved on Philippine Darblay's public Mapstr map: Candelaria — 52 Rue de Saintonge, Paris, France",0.82,true,,,,,,,,
cmogxnt95080anwx0p86oa6pi,Soja,"20 Rue de la Pierre Levée, Paris, France",,,,,generic,,"To try, Restaurant, Healthy, mapstr, public-map",https://mapstr.com/map/philoudarblay,"Saved on Philippine Darblay's public Mapstr map: Soja — 20 Rue de la Pierre Levée, Paris, France",0.82,true,,,,,,,,
