name,address,city,arrondissement,neighborhood,category,cuisine,price_range,rating,review_count,latitude,longitude,google_maps_url,website_url,booking_url,description
114 Faubourg,"Rue du Faubourg Saint-Honoré, Paris, France",Paris,,,restaurant,,€€€€,4.7,454,48.8717796,2.3144678,https://maps.google.com/?cid=2154612531161811698&g_mp=CiVnb29nbGUubWFwcy5wbGFjZXMudjEuUGxhY2VzLkdldFBsYWNlEAIYBCAA,https://www.oetkercollection.com/fr/hotels/le-bristol-paris/restaurants-et-bar/restaurants/114-faubourg/,https://thefork.fr/restaurant/le-114-faubourg-le-bristol-paris-r291345/?cc=24751-923,"Type: French Restaurant
Price: €€€€
Google: 4.7 (454 reviews)
Food types: restaurant
Tags: Bistrot, Frenchie, Gastro / higher end
Google summary: Elevated dishes & tasting menus in a chic brasserie with plush seats & bold floral wall prints.
Google Maps: https://maps.google.com/?cid=2154612531161811698&g_mp=CiVnb29nbGUubWFwcy5wbGFjZXMudjEuUGxhY2VzLkdldFBsYWNlEAIYBCAA
Website: https://www.oetkercollection.com/fr/hotels/le-bristol-paris/restaurants-et-bar/restaurants/114-faubourg/
Booking: https://thefork.fr/restaurant/le-114-faubourg-le-bristol-paris-r291345/?cc=24751-923"
A La Renaissance,"87 Rue de la Roquette, 75011 Paris, France",Paris,11e,,bar,,€€,4.3,510,48.8571599,2.3786809,https://maps.google.com/?cid=17297391821107794765&g_mp=CiVnb29nbGUubWFwcy5wbGFjZXMudjEuUGxhY2VzLkdldFBsYWNlEAIYBCAA,http://www.restaurant-a-la-renaissance.com/,,"Type: Bistro
Arrondissement: 11e
Price: €€
Google: 4.3 (510 reviews)
Food types: bar
Tags: Bistrot, Dancing
Google Maps: https://maps.google.com/?cid=17297391821107794765&g_mp=CiVnb29nbGUubWFwcy5wbGFjZXMudjEuUGxhY2VzLkdldFBsYWNlEAIYBCAA
Website: http://www.restaurant-a-la-renaissance.com/"
ANONA,"80 boulevard des Batignolles, Paris 75017",Paris,17e,,restaurant,,,4.7,1702,48.8820038,2.318627,https://maps.google.com/?cid=14487341996310914081&g_mp=CiVnb29nbGUubWFwcy5wbGFjZXMudjEuUGxhY2VzLkdldFBsYWNlEAIYBCAA,http://www.anona.fr/,https://bookings.zenchef.com/results?rid=352333&fullscreen=1&mini=0&pid=mapstr&primaryColor=FFC222&type=web,"Type: French Restaurant
Arrondissement: 17e
Google: 4.7 (1,702 reviews)
Food types: restaurant
Tags: Gastro / higher end
Google summary: Sophisticated cuisine & tasting menus with a sustainable focus at a sleek venue with a terrace.
Google Maps: https://maps.google.com/?cid=14487341996310914081&g_mp=CiVnb29nbGUubWFwcy5wbGFjZXMudjEuUGxhY2VzLkdldFBsYWNlEAIYBCAA
Website: http://www.anona.fr/
Booking: https://bookings.zenchef.com/results?rid=352333&fullscreen=1&mini=0&pid=mapstr&primaryColor=FFC222&type=web"
Akabeko − Restaurant Fusion Français et Japonais,"40 Rue de l'Université, 75007 Paris, France",Paris,7e,,restaurant,,,4.8,635,48.8576718,2.3284201,https://maps.google.com/?cid=1901445872533971391&g_mp=CiVnb29nbGUubWFwcy5wbGFjZXMudjEuUGxhY2VzLkdldFBsYWNlEAIYBCAA,https://akabekorestaurant.com/,https://akabekorestaurant.com/restaurant-reserver/,"Type: French Restaurant
Arrondissement: 7e
Google: 4.8 (635 reviews)
Food types: restaurant
Tags: Gastro / higher end, Restaurant
Google Maps: https://maps.google.com/?cid=1901445872533971391&g_mp=CiVnb29nbGUubWFwcy5wbGFjZXMudjEuUGxhY2VzLkdldFBsYWNlEAIYBCAA
Website: https://akabekorestaurant.com/
Booking: https://akabekorestaurant.com/restaurant-reserver/"
Allard,41 rue Saint-André Des Arts Paris 75006,Paris,6e,,restaurant,,€€€,4.3,1269,48.85330320000001,2.3410216,https://maps.google.com/?cid=7378348292976889048&g_mp=CiVnb29nbGUubWFwcy5wbGFjZXMudjEuUGxhY2VzLkdldFBsYWNlEAIYBCAA,https://www.restaurant-allard.fr/,https://bookings.zenchef.com/results?rid=374504&fullscreen=1&mini=0&pid=mapstr&primaryColor=FFC222&type=web,"Type: French Restaurant
Arrondissement: 6e
Price: €€€
Google: 4.3 (1,269 reviews)
Food types: restaurant
Tags: Frenchie, Bistrot
Google summary: Old-school bistro offering elevated, traditional French dishes & wines in a warm atmosphere.
Google Maps: https://maps.google.com/?cid=7378348292976889048&g_mp=CiVnb29nbGUubWFwcy5wbGFjZXMudjEuUGxhY2VzLkdldFBsYWNlEAIYBCAA
Website: https://www.restaurant-allard.fr/
Booking: https://bookings.zenchef.com/results?rid=374504&fullscreen=1&mini=0&pid=mapstr&primaryColor=FFC222&type=web"
Ambassade d’Auvergne,"22 rue du grenier-saint-lazare, Paris 75003",Paris,3e,,restaurant,,€€€,4.2,2020,48.8630446,2.3534095,https://maps.google.com/?cid=11113300398678527964&g_mp=CiVnb29nbGUubWFwcy5wbGFjZXMudjEuUGxhY2VzLkdldFBsYWNlEAIYBCAA,http://www.ambassade-auvergne.com/,https://thefork.fr/restaurant/ambassade-d-auvergne-r841113/?cc=24751-923,"Type: French Restaurant
Arrondissement: 3e
Price: €€€
Google: 4.2 (2,020 reviews)
Food types: restaurant
Tags: Restaurant
Google summary: Venerable locale with exposed rafters & vintage posters, serving traditional Auvergne cuisine.
Google Maps: https://maps.google.com/?cid=11113300398678527964&g_mp=CiVnb29nbGUubWFwcy5wbGFjZXMudjEuUGxhY2VzLkdldFBsYWNlEAIYBCAA
Website: http://www.ambassade-auvergne.com/
Booking: https://thefork.fr/restaurant/ambassade-d-auvergne-r841113/?cc=24751-923"
Ambos,"38 Rue de Vaugirard, 75006 Paris, France",Paris,6e,,restaurant,,,4.8,472,48.8493205,2.335224,https://maps.google.com/?cid=13800952535615180196&g_mp=CiVnb29nbGUubWFwcy5wbGFjZXMudjEuUGxhY2VzLkdldFBsYWNlEAIYBCAA,https://www.ambos-restaurant.fr/,https://thefork.fr/restaurant/ambos-r745197/?cc=24751-923,"Type: French Restaurant
Arrondissement: 6e
Google: 4.8 (472 reviews)
Food types: restaurant
Tags: Gastro / higher end, Thaï, Frenchie
Google Maps: https://maps.google.com/?cid=13800952535615180196&g_mp=CiVnb29nbGUubWFwcy5wbGFjZXMudjEuUGxhY2VzLkdldFBsYWNlEAIYBCAA
Website: https://www.ambos-restaurant.fr/
Booking: https://thefork.fr/restaurant/ambos-r745197/?cc=24751-923"
Armande,"26 Rue Tholozé, 75018 Paris, France",Paris,18e,,restaurant,,,5,414,48.8865388,2.3355589,https://maps.google.com/?cid=4536107868716594584&g_mp=CiVnb29nbGUubWFwcy5wbGFjZXMudjEuUGxhY2VzLkdldFBsYWNlEAIYBCAA,,,"Type: French Restaurant
Arrondissement: 18e
Google: 5.0 (414 reviews)
Food types: restaurant
Tags: Cafe, Restaurant
Google Maps: https://maps.google.com/?cid=4536107868716594584&g_mp=CiVnb29nbGUubWFwcy5wbGFjZXMudjEuUGxhY2VzLkdldFBsYWNlEAIYBCAA"
Arnaud Nicolas Charcuterie Cuisinée,"46 Avenue de la Bourdonnais, 75007 Paris, France",Paris,7e,,restaurant,,,,,48.8569275,2.3010287,https://www.google.com/maps/search/?api=1&query=Arnaud%20Nicolas%20Charcuterie%20Cuisin%C3%A9e%2C%20Paris%2C%20France,http://arnaudnicolas.paris/,https://thefork.fr/restaurant/arnaud-nicolas-r313657/?cc=24751-923,"Arrondissement: 7e
Food types: restaurant
Tags: Frenchie, Restaurant, Meat
Google Maps: https://www.google.com/maps/search/?api=1&query=Arnaud%20Nicolas%20Charcuterie%20Cuisin%C3%A9e%2C%20Paris%2C%20France
Website: http://arnaudnicolas.paris/
Booking: https://thefork.fr/restaurant/arnaud-nicolas-r313657/?cc=24751-923"
Astier,"44 Rue Jean-Pierre Timbaud, 75011 Paris, France",Paris,11e,,restaurant,,,,,48.8662113,2.3720222,https://www.google.com/maps/search/?api=1&query=Astier%2C%20Paris%2C%20France,http://www.restaurant-astier.com/,https://thefork.fr/restaurant/astier-r5686/?cc=24751-923,"Arrondissement: 11e
Food types: restaurant
Tags: Frenchie, Restaurant
Google Maps: https://www.google.com/maps/search/?api=1&query=Astier%2C%20Paris%2C%20France
Website: http://www.restaurant-astier.com/
Booking: https://thefork.fr/restaurant/astier-r5686/?cc=24751-923"
Astrance,"32 Rue de Longchamp, 75116 Paris, France",Paris,16e,,restaurant,,€€€€,4.5,446,48.8655418,2.2831628,https://maps.google.com/?cid=1475113752476653515&g_mp=CiVnb29nbGUubWFwcy5wbGFjZXMudjEuUGxhY2VzLkdldFBsYWNlEAIYBCAA,http://www.astrancerestaurant.com/,https://thefork.fr/restaurant/astrance-r688509/?cc=24751-923,"Type: French Restaurant
Arrondissement: 16e
Price: €€€€
Google: 4.5 (446 reviews)
Food types: restaurant
Tags: Gastro / higher end, Restaurant
Google Maps: https://maps.google.com/?cid=1475113752476653515&g_mp=CiVnb29nbGUubWFwcy5wbGFjZXMudjEuUGxhY2VzLkdldFBsYWNlEAIYBCAA
Website: http://www.astrancerestaurant.com/
Booking: https://thefork.fr/restaurant/astrance-r688509/?cc=24751-923"
Au Moulin A Vent,"20 Rue des Fossés Saint-Bernard, 75005 Paris, France",Paris,5e,,restaurant,,,,,48.8485564,2.354766199999999,https://www.google.com/maps/search/?api=1&query=Au%20Moulin%20A%20Vent%2C%20Paris%2C%20France,http://www.au-moulinavent.com/,https://bookings.zenchef.com/results?rid=363128&fullscreen=1&mini=0&pid=mapstr&primaryColor=FFC222&type=web,"Arrondissement: 5e
Food types: restaurant
Tags: Frenchie, Restaurant, Bistrot
Google Maps: https://www.google.com/maps/search/?api=1&query=Au%20Moulin%20A%20Vent%2C%20Paris%2C%20France
Website: http://www.au-moulinavent.com/
Booking: https://bookings.zenchef.com/results?rid=363128&fullscreen=1&mini=0&pid=mapstr&primaryColor=FFC222&type=web"
Au Petit Bar,"7 Rue du Mont-Thabor, 75001 Paris, France",Paris,1er,,restaurant,,€,4.6,353,48.8654785,2.3291239,https://maps.google.com/?cid=1408194716450924502&g_mp=CiVnb29nbGUubWFwcy5wbGFjZXMudjEuUGxhY2VzLkdldFBsYWNlEAIYBCAA,https://www.paris-bistro.com/choisir/paris1/au-petit-bar,,"Type: Bar
Arrondissement: 1er
Price: €
Google: 4.6 (353 reviews)
Food types: restaurant
Tags: Bistrot
Google summary: Old-school, family-owned cafe & 24-seat bar offering homestyle bistro classics alongside wine.
Google Maps: https://maps.google.com/?cid=1408194716450924502&g_mp=CiVnb29nbGUubWFwcy5wbGFjZXMudjEuUGxhY2VzLkdldFBsYWNlEAIYBCAA
Website: https://www.paris-bistro.com/choisir/paris1/au-petit-bar"
Auberge Bressane,"16 Avenue de la Motte-Picquet, 75007 Paris, France",Paris,7e,,restaurant,,€€,4.6,2309,48.85653699999999,2.308508999999999,https://maps.google.com/?cid=9060875296924406592&g_mp=CiVnb29nbGUubWFwcy5wbGFjZXMudjEuUGxhY2VzLkdldFBsYWNlEAIYBCAA,http://www.auberge-bressane.com/,https://bookings.zenchef.com/results?rid=355693&fullscreen=1&mini=0&pid=mapstr&primaryColor=FFC222&type=web,"Type: French Restaurant
Arrondissement: 7e
Price: €€
Google: 4.6 (2,309 reviews)
Food types: restaurant
Tags: Frenchie, Restaurant, Bistrot
Google summary: Folksy, easygoing locale making traditional French food like coq au vin & chocolate soufflé.
Google Maps: https://maps.google.com/?cid=9060875296924406592&g_mp=CiVnb29nbGUubWFwcy5wbGFjZXMudjEuUGxhY2VzLkdldFBsYWNlEAIYBCAA
Website: http://www.auberge-bressane.com/
Booking: https://bookings.zenchef.com/results?rid=355693&fullscreen=1&mini=0&pid=mapstr&primaryColor=FFC222&type=web"
Aux Crus de Bourgogne,"3 Rue Bachaumont, Paris 75002",Paris,2e,,restaurant,,,4.6,1991,48.8658261,2.3465718,https://maps.google.com/?cid=3731929306327284416&g_mp=CiVnb29nbGUubWFwcy5wbGFjZXMudjEuUGxhY2VzLkdldFBsYWNlEAIYBCAA,http://www.auxcrusdebourgogne.com/,https://bookings.zenchef.com/results?rid=352723&fullscreen=1&mini=0&pid=mapstr&primaryColor=FFC222&type=web,"Type: French Restaurant
Arrondissement: 2e
Google: 4.6 (1,991 reviews)
Food types: restaurant
Tags: Frenchie
Google summary: Classic regional dishes & a long wine list in a vintage-chic bistro with sidewalk tables.
Google Maps: https://maps.google.com/?cid=3731929306327284416&g_mp=CiVnb29nbGUubWFwcy5wbGFjZXMudjEuUGxhY2VzLkdldFBsYWNlEAIYBCAA
Website: http://www.auxcrusdebourgogne.com/
Booking: https://bookings.zenchef.com/results?rid=352723&fullscreen=1&mini=0&pid=mapstr&primaryColor=FFC222&type=web"
Aux Deux Amis,"45 Rue Oberkampf, 75011 Paris, France",Paris,11e,,restaurant,,€€,4.1,841,48.86458069999999,2.3718376,https://maps.google.com/?cid=5700510830722341713&g_mp=CiVnb29nbGUubWFwcy5wbGFjZXMudjEuUGxhY2VzLkdldFBsYWNlEAIYBCAA,http://www.facebook.com/Aux-Deux-Amis-120307971356817/,,"Type: Bistro
Arrondissement: 11e
Price: €€
Google: 4.1 (841 reviews)
Food types: restaurant
Tags: Natural wine, Restaurant, ❤️, Trendy, Bar
Google summary: Cold cuts, small plates & natural wines at a cozy modern bar with counter seats & sidewalk tables.
Google Maps: https://maps.google.com/?cid=5700510830722341713&g_mp=CiVnb29nbGUubWFwcy5wbGFjZXMudjEuUGxhY2VzLkdldFBsYWNlEAIYBCAA
Website: http://www.facebook.com/Aux-Deux-Amis-120307971356817/"
Aux Lyonnais,32 rue Saint-Marc Paris 75002,Paris,2e,,restaurant,,€€€,4.4,1246,48.8707405,2.3387362,https://maps.google.com/?cid=868440092026751739&g_mp=CiVnb29nbGUubWFwcy5wbGFjZXMudjEuUGxhY2VzLkdldFBsYWNlEAIYBCAA,https://www.auxlyonnais.com/,https://bookings.zenchef.com/results?rid=373682&fullscreen=1&mini=0&pid=mapstr&primaryColor=FFC222&type=web,"Type: French Restaurant
Arrondissement: 2e
Price: €€€
Google: 4.4 (1,246 reviews)
Food types: restaurant
Tags: Bistrot, Gastro / higher end
Google summary: Sophisticated takes on classic Lyon specialties in an elegant Art Deco bistro with vintage features.
Google Maps: https://maps.google.com/?cid=868440092026751739&g_mp=CiVnb29nbGUubWFwcy5wbGFjZXMudjEuUGxhY2VzLkdldFBsYWNlEAIYBCAA
Website: https://www.auxlyonnais.com/
Booking: https://bookings.zenchef.com/results?rid=373682&fullscreen=1&mini=0&pid=mapstr&primaryColor=FFC222&type=web"
Baieta,"5 Rue de Pontoise, 75005 Paris, France",Paris,5e,,restaurant,,,,,48.8501043,2.352244999999999,https://www.google.com/maps/search/?api=1&query=Baieta%2C%20Paris%2C%20France,http://www.restaurant-baieta-paris.fr/,https://thefork.fr/restaurant/baieta-r724954/?cc=24751-923,"Arrondissement: 5e
Food types: restaurant
Tags: Restaurant, Bistrot
Google Maps: https://www.google.com/maps/search/?api=1&query=Baieta%2C%20Paris%2C%20France
Website: http://www.restaurant-baieta-paris.fr/
Booking: https://thefork.fr/restaurant/baieta-r724954/?cc=24751-923"
Benoit Paris,"Rue Saint-Martin, Paris, France",Paris,,,restaurant,,€€€€,4.3,2893,48.85838489999999,2.350088,https://maps.google.com/?cid=14478655399410179573&g_mp=CiVnb29nbGUubWFwcy5wbGFjZXMudjEuUGxhY2VzLkdldFBsYWNlEAIYBCAA,http://www.benoit-paris.com/,https://bookings.zenchef.com/results?rid=371167&fullscreen=1&mini=0&pid=mapstr&primaryColor=FFC222&type=web,"Type: French Restaurant
Price: €€€€
Google: 4.3 (2,893 reviews)
Food types: restaurant
Tags: Bistrot, Restaurant
Google summary: Casseroles, snails & desserts like profiteroles in a venerable bistro with brass details & mirrors.
Google Maps: https://maps.google.com/?cid=14478655399410179573&g_mp=CiVnb29nbGUubWFwcy5wbGFjZXMudjEuUGxhY2VzLkdldFBsYWNlEAIYBCAA
Website: http://www.benoit-paris.com/
Booking: https://bookings.zenchef.com/results?rid=371167&fullscreen=1&mini=0&pid=mapstr&primaryColor=FFC222&type=web"
Bistrot Belhara,"23 Rue Duvivier, 75007 Paris, France",Paris,7e,,restaurant,,,4.6,371,48.8564004,2.307450499999999,https://maps.google.com/?cid=4003693556219215886&g_mp=CiVnb29nbGUubWFwcy5wbGFjZXMudjEuUGxhY2VzLkdldFBsYWNlEAIYBCAA,http://www.bistrotbelhara.com/,https://thefork.fr/restaurant/bistrot-belhara-r43563/?cc=24751-923,"Type: Bistro
Arrondissement: 7e
Google: 4.6 (371 reviews)
Food types: restaurant
Tags: Restaurant, Bistrot
Google Maps: https://maps.google.com/?cid=4003693556219215886&g_mp=CiVnb29nbGUubWFwcy5wbGFjZXMudjEuUGxhY2VzLkdldFBsYWNlEAIYBCAA
Website: http://www.bistrotbelhara.com/
Booking: https://thefork.fr/restaurant/bistrot-belhara-r43563/?cc=24751-923"
Bistrot Des Tournelles,"Rue des Tournelles, Paris, France",Paris,,,restaurant,,,4.6,1157,48.8543,2.3674,https://maps.google.com/?cid=4001123751309885181&g_mp=CiVnb29nbGUubWFwcy5wbGFjZXMudjEuUGxhY2VzLkdldFBsYWNlEAIYBCAA,https://www.bistrotdestournelles.com/,,"Type: French Restaurant
Google: 4.6 (1,157 reviews)
Food types: restaurant
Tags: Bistrot
Google Maps: https://maps.google.com/?cid=4001123751309885181&g_mp=CiVnb29nbGUubWFwcy5wbGFjZXMudjEuUGxhY2VzLkdldFBsYWNlEAIYBCAA
Website: https://www.bistrotdestournelles.com/"
Bofinger,"5-7 Rue de la Bastille, Paris 75004",Paris,4e,,restaurant,,,,,48.853762,2.367904,https://www.google.com/maps/search/?api=1&query=Bofinger%2C%20Paris%2C%20France,http://www.bistrotjadis.fr/,https://bookings.zenchef.com/results?rid=351596&fullscreen=1&mini=0&pid=mapstr&primaryColor=FFC222&type=web,"Arrondissement: 4e
Food types: restaurant
Tags: Frenchie, Restaurant, Bistrot
Google Maps: https://www.google.com/maps/search/?api=1&query=Bofinger%2C%20Paris%2C%20France
Website: http://www.bistrotjadis.fr/
Booking: https://bookings.zenchef.com/results?rid=351596&fullscreen=1&mini=0&pid=mapstr&primaryColor=FFC222&type=web"
Bonvivant,"Rue des Écoles, Paris, France",Paris,,,restaurant,,€€,4.4,2537,48.8475454,2.3519748,https://maps.google.com/?cid=11268889822182331848&g_mp=CiVnb29nbGUubWFwcy5wbGFjZXMudjEuUGxhY2VzLkdldFBsYWNlEAIYBCAA,http://www.bonvivant.paris/,https://bookings.zenchef.com/results?rid=357254&fullscreen=1&mini=0&pid=mapstr&primaryColor=FFC222&type=web,"Type: French Restaurant
Price: €€
Google: 4.4 (2,537 reviews)
Food types: restaurant
Tags: Frenchie, Natural wine
Google summary: Buzzy bistro with a long wine list & robust steaks, grills & bar food, plus al fresco seating.
Google Maps: https://maps.google.com/?cid=11268889822182331848&g_mp=CiVnb29nbGUubWFwcy5wbGFjZXMudjEuUGxhY2VzLkdldFBsYWNlEAIYBCAA
Website: http://www.bonvivant.paris/
Booking: https://bookings.zenchef.com/results?rid=357254&fullscreen=1&mini=0&pid=mapstr&primaryColor=FFC222&type=web"
Bouillon Pigalle,"22 Bd de Clichy, 75018 Paris, France",Paris,18e,,restaurant,,€,4.6,54956,48.8826517,2.3374635,https://maps.google.com/?cid=7799438763248845030&g_mp=CiVnb29nbGUubWFwcy5wbGFjZXMudjEuUGxhY2VzLkdldFBsYWNlEAIYBCAA,http://www.bouillonpigalle.com/,https://bookings.zenchef.com/results?rid=357951&fullscreen=1&mini=0&pid=mapstr&primaryColor=FFC222&type=web,"Type: French Restaurant
Arrondissement: 18e
Price: €
Google: 4.6 (54,956 reviews)
Food types: restaurant
Tags: Bistrot, Trendy, For groups
Google summary: Popular casual bistro serving traditional French mains & desserts with house wines by the glass.
Google Maps: https://maps.google.com/?cid=7799438763248845030&g_mp=CiVnb29nbGUubWFwcy5wbGFjZXMudjEuUGxhY2VzLkdldFBsYWNlEAIYBCAA
Website: http://www.bouillonpigalle.com/
Booking: https://bookings.zenchef.com/results?rid=357951&fullscreen=1&mini=0&pid=mapstr&primaryColor=FFC222&type=web"
Brasserie Barbès,"2 Boulevard Barbès, 75018 Paris, France",Paris,18e,,restaurant,,€€,4.5,7281,48.8839705,2.3497069,https://maps.google.com/?cid=10803593479356726709&g_mp=CiVnb29nbGUubWFwcy5wbGFjZXMudjEuUGxhY2VzLkdldFBsYWNlEAIYBCAA,http://brasseriebarbes.com/,https://bookings.zenchef.com/results?rid=349532&fullscreen=1&mini=0&pid=mapstr&primaryColor=FFC222&type=web,"Type: Restaurant
Arrondissement: 18e
Price: €€
Google: 4.5 (7,281 reviews)
Food types: restaurant
Tags: Frenchie, Restaurant, Rooftop
Google summary: Bar & restaurant with an industrial-chic look, popular for cocktails & steaks on a courtyard patio.
Google Maps: https://maps.google.com/?cid=10803593479356726709&g_mp=CiVnb29nbGUubWFwcy5wbGFjZXMudjEuUGxhY2VzLkdldFBsYWNlEAIYBCAA
Website: http://brasseriebarbes.com/
Booking: https://bookings.zenchef.com/results?rid=349532&fullscreen=1&mini=0&pid=mapstr&primaryColor=FFC222&type=web"
Brasserie Des Prés,"6 Cr du Commerce Saint-André, 75006 Paris, France",Paris,6e,,restaurant,,€€,4.7,8065,48.8526663,2.3393167,https://maps.google.com/?cid=12232674330008008055&g_mp=CiVnb29nbGUubWFwcy5wbGFjZXMudjEuUGxhY2VzLkdldFBsYWNlEAIYBCAA,http://lanouvellegarde.com/,https://www.sevenrooms.com/explore/brasseriedespres/reservations/create/search/?venues=brasseriedespres%2Cbrasseriecharlie%2Cbrasseriedubillot%2Cbrasseriebellanger%2Cbrasseriemartin,"Type: French Restaurant
Arrondissement: 6e
Price: €€
Google: 4.7 (8,065 reviews)
Food types: restaurant
Tags: Bistrot, Restaurant
Google Maps: https://maps.google.com/?cid=12232674330008008055&g_mp=CiVnb29nbGUubWFwcy5wbGFjZXMudjEuUGxhY2VzLkdldFBsYWNlEAIYBCAA
Website: http://lanouvellegarde.com/
Booking: https://www.sevenrooms.com/explore/brasseriedespres/reservations/create/search/?venues=brasseriedespres%2Cbrasseriecharlie%2Cbrasseriedubillot%2Cbrasseriebellanger%2Cbrasseriemartin"
Brasserie Rosie,"53 Rue du Faubourg Saint-Antoine, Paris 75011",Paris,11e,,restaurant,,€€,4.7,7670,48.8522001,2.3730884,https://maps.google.com/?cid=48587829753716931&g_mp=CiVnb29nbGUubWFwcy5wbGFjZXMudjEuUGxhY2VzLkdldFBsYWNlEAIYBCAA,https://brasseriesalamode.com/brasserie-rosie,https://bookings.zenchef.com/results?rid=355132&fullscreen=1&mini=0&pid=mapstr&primaryColor=FFC222&type=web,"Type: Restaurant
Arrondissement: 11e
Price: €€
Google: 4.7 (7,670 reviews)
Food types: restaurant
Tags: Frenchie, For groups
Google summary: Hip locale with a vintage vibe serving traditional cuisine with a twist, plus cocktails.
Google Maps: https://maps.google.com/?cid=48587829753716931&g_mp=CiVnb29nbGUubWFwcy5wbGFjZXMudjEuUGxhY2VzLkdldFBsYWNlEAIYBCAA
Website: https://brasseriesalamode.com/brasserie-rosie
Booking: https://bookings.zenchef.com/results?rid=355132&fullscreen=1&mini=0&pid=mapstr&primaryColor=FFC222&type=web"
CRAVAN Paris 16e,"17 Rue Jean de la Fontaine, 75016 Paris, France",Paris,16e,,bar,,,4.6,210,48.8516434,2.273866,https://maps.google.com/?cid=15738103246510818055&g_mp=CiVnb29nbGUubWFwcy5wbGFjZXMudjEuUGxhY2VzLkdldFBsYWNlEAIYBCAA,https://instagram.com/cravanparis?utm_medium=copy_link,,"Type: Cocktail Bar
Arrondissement: 16e
Google: 4.6 (210 reviews)
Food types: bar
Tags: Restaurant, Bistrot, Trendy
Google Maps: https://maps.google.com/?cid=15738103246510818055&g_mp=CiVnb29nbGUubWFwcy5wbGFjZXMudjEuUGxhY2VzLkdldFBsYWNlEAIYBCAA
Website: https://instagram.com/cravanparis?utm_medium=copy_link"
Café de Flore,"172 Boulevard Saint-Germain, 75006 Paris, Francia",Paris,6e,,cafe,,€€€,3.9,14034,48.8541588,2.3326046,https://maps.google.com/?cid=1782201546845549567&g_mp=CiVnb29nbGUubWFwcy5wbGFjZXMudjEuUGxhY2VzLkdldFBsYWNlEAIYBCAA,http://cafedeflore.fr/,,"Type: Coffee Shop
Arrondissement: 6e
Price: €€€
Google: 3.9 (14,034 reviews)
Food types: cafe
Tags: Bistrot
Google summary: Long-running coffeehouse & celebrity haunt serving familiar French fare in a charming corner locale.
Google Maps: https://maps.google.com/?cid=1782201546845549567&g_mp=CiVnb29nbGUubWFwcy5wbGFjZXMudjEuUGxhY2VzLkdldFBsYWNlEAIYBCAA
Website: http://cafedeflore.fr/"
Café des Ministères,"83 Rue de l'Université, 75007 Paris, France",Paris,7e,,restaurant,,€€,4.6,566,48.86064109999999,2.319291499999999,https://maps.google.com/?cid=7528679401092021829&g_mp=CiVnb29nbGUubWFwcy5wbGFjZXMudjEuUGxhY2VzLkdldFBsYWNlEAIYBCAA,http://www.cafedesministeres.fr/,https://bookings.zenchef.com/results?rid=352301&fullscreen=1&mini=0&pid=mapstr&primaryColor=FFC222&type=web,"Type: French Restaurant
Arrondissement: 7e
Price: €€
Google: 4.6 (566 reviews)
Food types: restaurant
Tags: Frenchie, Restaurant, Bistrot
Google summary: Creatively reinterpreted classic French dishes, plus regional wines, at an elegant bistro.
Google Maps: https://maps.google.com/?cid=7528679401092021829&g_mp=CiVnb29nbGUubWFwcy5wbGFjZXMudjEuUGxhY2VzLkdldFBsYWNlEAIYBCAA
Website: http://www.cafedesministeres.fr/
Booking: https://bookings.zenchef.com/results?rid=352301&fullscreen=1&mini=0&pid=mapstr&primaryColor=FFC222&type=web"
Camille,"24 Rue des Francs Bourgeois, 75003 Paris, France",Paris,3e,,restaurant,,,,,48.8577648,2.3607054,https://www.google.com/maps/search/?api=1&query=Camille%2C%20Paris%2C%20France,https://eater.space/camille,https://bookings.zenchef.com/results?rid=361419&fullscreen=1&mini=0&pid=mapstr&primaryColor=FFC222&type=web,"Arrondissement: 3e
Food types: restaurant
Tags: Frenchie
Google Maps: https://www.google.com/maps/search/?api=1&query=Camille%2C%20Paris%2C%20France
Website: https://eater.space/camille
Booking: https://bookings.zenchef.com/results?rid=361419&fullscreen=1&mini=0&pid=mapstr&primaryColor=FFC222&type=web"
Carboni’s,"45 Rue de Poitou, 75003 Paris, France",Paris,3e,,restaurant,,,,,48.8616657,2.3613013,https://www.google.com/maps/search/?api=1&query=Carboni%E2%80%99s%2C%20Paris%2C%20France,http://www.carbonisparis.com/,https://bookings.zenchef.com/results?rid=348720&fullscreen=1&mini=0&pid=mapstr&primaryColor=FFC222&type=web,"Arrondissement: 3e
Food types: restaurant
Tags: Bistrot, Trendy
Google Maps: https://www.google.com/maps/search/?api=1&query=Carboni%E2%80%99s%2C%20Paris%2C%20France
Website: http://www.carbonisparis.com/
Booking: https://bookings.zenchef.com/results?rid=348720&fullscreen=1&mini=0&pid=mapstr&primaryColor=FFC222&type=web"
Cavalier,"22 Rue du Faubourg du Temple, 75011 Paris, France",Paris,11e,,bar,,,4.7,592,48.86842,2.36643,https://maps.google.com/?cid=13180615431601614904&g_mp=CiVnb29nbGUubWFwcy5wbGFjZXMudjEuUGxhY2VzLkdldFBsYWNlEAIYBCAA,https://www.pariscavalier.fr/,https://www.pariscavalier.fr/contact-reservations,"Type: Eastern European Restaurant
Arrondissement: 11e
Google: 4.7 (592 reviews)
Food types: bar
Tags: Bar, Restaurant, Trendy
Google summary: Bistro meals & classic cocktails whipped up in a convivial space with a rustic look.
Google Maps: https://maps.google.com/?cid=13180615431601614904&g_mp=CiVnb29nbGUubWFwcy5wbGFjZXMudjEuUGxhY2VzLkdldFBsYWNlEAIYBCAA
Website: https://www.pariscavalier.fr/
Booking: https://www.pariscavalier.fr/contact-reservations"
Chez Denise,"5 Rue des Prouvaires, 75001 Paris, France",Paris,1er,,restaurant,,€€,4.3,2524,48.8615614,2.3441953,https://maps.google.com/?cid=8302090940691035364&g_mp=CiVnb29nbGUubWFwcy5wbGFjZXMudjEuUGxhY2VzLkdldFBsYWNlEAIYBCAA,http://www.paris-bistro.com/choisir/paris1/la-tour-de-montlhery-chez-denise,,"Type: French Restaurant
Arrondissement: 1er
Price: €€
Google: 4.3 (2,524 reviews)
Food types: restaurant
Tags: Restaurant
Google Maps: https://maps.google.com/?cid=8302090940691035364&g_mp=CiVnb29nbGUubWFwcy5wbGFjZXMudjEuUGxhY2VzLkdldFBsYWNlEAIYBCAA
Website: http://www.paris-bistro.com/choisir/paris1/la-tour-de-montlhery-chez-denise"
Chez Dumonet,"117 Rue du Cherche-Midi, 75006 Paris, Frankreich",Paris,6e,,restaurant,,€€€,4.4,1042,48.845762,2.319896,https://maps.google.com/?cid=1141709340899504093&g_mp=CiVnb29nbGUubWFwcy5wbGFjZXMudjEuUGxhY2VzLkdldFBsYWNlEAIYBCAA,https://www.facebook.com/chezdumonetjosephine/,https://bookings.zenchef.com/results?rid=377647&fullscreen=1&mini=0&pid=mapstr&primaryColor=FFC222&type=web,"Type: French Restaurant
Arrondissement: 6e
Price: €€€
Google: 4.4 (1,042 reviews)
Food types: restaurant
Tags: Restaurant, Bistrot
Google summary: Foie gras, beef bourguignon, soufflés & a long regional wine list at a classic, veteran brasserie.
Google Maps: https://maps.google.com/?cid=1141709340899504093&g_mp=CiVnb29nbGUubWFwcy5wbGFjZXMudjEuUGxhY2VzLkdldFBsYWNlEAIYBCAA
Website: https://www.facebook.com/chezdumonetjosephine/
Booking: https://bookings.zenchef.com/results?rid=377647&fullscreen=1&mini=0&pid=mapstr&primaryColor=FFC222&type=web"
Chez Georges,"1 Rue du Mail, 75002 Paris, France",Paris,2e,,restaurant,,,,,48.8663761,2.3413437,https://www.google.com/maps/search/?api=1&query=Chez%20Georges%2C%20Paris%2C%20France,http://www.facebook.com/Chez-Georges-depuis-1964-209242622441222/,,"Arrondissement: 2e
Food types: restaurant
Tags: Frenchie, Restaurant, ❤️
Google Maps: https://www.google.com/maps/search/?api=1&query=Chez%20Georges%2C%20Paris%2C%20France
Website: http://www.facebook.com/Chez-Georges-depuis-1964-209242622441222/"
Chez Jeannette,"47 Rue du Faubourg Saint-Denis, 75010 Paris, France",Paris,10e,,restaurant,,€€,4,1393,48.871664,2.353529,https://maps.google.com/?cid=974455892981439418&g_mp=CiVnb29nbGUubWFwcy5wbGFjZXMudjEuUGxhY2VzLkdldFBsYWNlEAIYBCAA,https://www.facebook.com/chez.jeannette/,,"Type: Restaurant
Arrondissement: 10e
Price: €€
Google: 4.0 (1,393 reviews)
Food types: restaurant
Tags: Bar
Google summary: Drinks, pastries & light French standards at a buzzing retro bar with music & a sidewalk terrace.
Google Maps: https://maps.google.com/?cid=974455892981439418&g_mp=CiVnb29nbGUubWFwcy5wbGFjZXMudjEuUGxhY2VzLkdldFBsYWNlEAIYBCAA
Website: https://www.facebook.com/chez.jeannette/"
Chez Justine,"96 Rue Oberkampf, 75011 Paris, France",Paris,11e,,restaurant,,€€,4.4,2627,48.8656838,2.377854999999999,https://maps.google.com/?cid=3521816774576962417&g_mp=CiVnb29nbGUubWFwcy5wbGFjZXMudjEuUGxhY2VzLkdldFBsYWNlEAIYBCAA,https://justineparis.fr/,https://bookings.zenchef.com/results?rid=378661&fullscreen=1&mini=0&pid=mapstr&primaryColor=FFC222&type=web,"Type: Restaurant
Arrondissement: 11e
Price: €€
Google: 4.4 (2,627 reviews)
Food types: restaurant
Tags: Restaurant, Trendy, Italian
Google summary: Barbecued meats, salads & wood-fired Neapolitan-style pizzas in a light-filled, modern brasserie.
Google Maps: https://maps.google.com/?cid=3521816774576962417&g_mp=CiVnb29nbGUubWFwcy5wbGFjZXMudjEuUGxhY2VzLkdldFBsYWNlEAIYBCAA
Website: https://justineparis.fr/
Booking: https://bookings.zenchef.com/results?rid=378661&fullscreen=1&mini=0&pid=mapstr&primaryColor=FFC222&type=web"
Chez Marcel,"7 Rue Stanislas, 75006 Paris, France",Paris,6e,,restaurant,,€€,4.7,752,48.8437934,2.328337,https://maps.google.com/?cid=9045173215651603280&g_mp=CiVnb29nbGUubWFwcy5wbGFjZXMudjEuUGxhY2VzLkdldFBsYWNlEAIYBCAA,https://chezmarcel.cool/,https://bookings.zenchef.com/results?rid=349039&fullscreen=1&mini=0&pid=mapstr&primaryColor=FFC222&type=web,"Type: French Restaurant
Arrondissement: 6e
Price: €€
Google: 4.7 (752 reviews)
Food types: restaurant
Tags: Bistrot
Google summary: Traditional French meals in an easygoing locale with a retro vibe & eclectic artwork.
Google Maps: https://maps.google.com/?cid=9045173215651603280&g_mp=CiVnb29nbGUubWFwcy5wbGFjZXMudjEuUGxhY2VzLkdldFBsYWNlEAIYBCAA
Website: https://chezmarcel.cool/
Booking: https://bookings.zenchef.com/results?rid=349039&fullscreen=1&mini=0&pid=mapstr&primaryColor=FFC222&type=web"
Chez Nenesse,"17 Rue de Saintonge, 75003 Paris, France",Paris,3e,,restaurant,,€€,4.5,414,48.8617226,2.3622983,https://maps.google.com/?cid=16561272595310479406&g_mp=CiVnb29nbGUubWFwcy5wbGFjZXMudjEuUGxhY2VzLkdldFBsYWNlEAIYBCAA,http://chez-nenesse.edan.io,https://thefork.fr/restaurant/cafe-nenesse-r201777/?cc=24751-923,"Type: French Restaurant
Arrondissement: 3e
Price: €€
Google: 4.5 (414 reviews)
Food types: restaurant
Tags: bootstrap, marais, Bistrot, ❤️
Google Maps: https://maps.google.com/?cid=16561272595310479406&g_mp=CiVnb29nbGUubWFwcy5wbGFjZXMudjEuUGxhY2VzLkdldFBsYWNlEAIYBCAA
Website: http://chez-nenesse.edan.io
Booking: https://thefork.fr/restaurant/cafe-nenesse-r201777/?cc=24751-923"
Chez Prune,"36 Rue Beaurepaire, 75010 Paris, France",Paris,10e,,restaurant,,€€,4.3,1919,48.8716544,2.3645859,https://maps.google.com/?cid=17828098265767978677&g_mp=CiVnb29nbGUubWFwcy5wbGFjZXMudjEuUGxhY2VzLkdldFBsYWNlEAIYBCAA,http://www.etsy.com/shop/chezpruneetpompon,,"Type: Restaurant
Arrondissement: 10e
Price: €€
Google: 4.3 (1,919 reviews)
Food types: restaurant
Tags: Bistrot, Bar
Google summary: Breakfast, sharing boards & familiar staples at a compact bistro with a terrace beside the canal.
Google Maps: https://maps.google.com/?cid=17828098265767978677&g_mp=CiVnb29nbGUubWFwcy5wbGFjZXMudjEuUGxhY2VzLkdldFBsYWNlEAIYBCAA
Website: http://www.etsy.com/shop/chezpruneetpompon"
Chicahualco Table Mexicaine par Mercedes Ahumada,"77 Rue la Condamine, 75017 Paris, France",Paris,17e,,restaurant,,,4.8,285,48.88448715209961,2.319703340530396,https://maps.google.com/?cid=15721137406630003613&g_mp=CiVnb29nbGUubWFwcy5wbGFjZXMudjEuUGxhY2VzLkdldFBsYWNlEAIYBCAA,,https://thefork.fr/restaurant/chicahualco-par-mercedes-ahumada-r813176/?cc=24751-923,"Type: French Restaurant
Arrondissement: 17e
Google: 4.8 (285 reviews)
Food types: restaurant
Tags: Restaurant, Mexican
Google Maps: https://maps.google.com/?cid=15721137406630003613&g_mp=CiVnb29nbGUubWFwcy5wbGFjZXMudjEuUGxhY2VzLkdldFBsYWNlEAIYBCAA
Booking: https://thefork.fr/restaurant/chicahualco-par-mercedes-ahumada-r813176/?cc=24751-923"
Cloche Paris,"Rue Coq Héron, Paris, France",Paris,,,restaurant,,,3.9,239,48.86423260000001,2.3418651,https://maps.google.com/?cid=374123235033211080&g_mp=CiVnb29nbGUubWFwcy5wbGFjZXMudjEuUGxhY2VzLkdldFBsYWNlEAIYBCAA,https://www.instagram.com/clocheclochecloche/?hl=fr,http://www.opentable.fr/r/cloche-paris?ref=17374,"Type: Bistro
Google: 3.9 (239 reviews)
Food types: restaurant
Tags: Bistrot, Gastro / higher end
Google Maps: https://maps.google.com/?cid=374123235033211080&g_mp=CiVnb29nbGUubWFwcy5wbGFjZXMudjEuUGxhY2VzLkdldFBsYWNlEAIYBCAA
Website: https://www.instagram.com/clocheclochecloche/?hl=fr
Booking: http://www.opentable.fr/r/cloche-paris?ref=17374"
CoCo,"Palais Garnier, 1 Place Jacques Rouché, Paris 75009",Paris,9e,,restaurant,,€€€€,3.7,5894,48.8716754,2.3328516,https://maps.google.com/?cid=8447856253269244802&g_mp=CiVnb29nbGUubWFwcy5wbGFjZXMudjEuUGxhY2VzLkdldFBsYWNlEAIYBCAA,http://coco-paris.com/,,"Type: French Restaurant
Arrondissement: 9e
Price: €€€€
Google: 3.7 (5,894 reviews)
Food types: restaurant
Tags: Restaurant
Google summary: Genteel destination with a terrace offering fine dining & a weekend brunch menu.
Google Maps: https://maps.google.com/?cid=8447856253269244802&g_mp=CiVnb29nbGUubWFwcy5wbGFjZXMudjEuUGxhY2VzLkdldFBsYWNlEAIYBCAA
Website: http://coco-paris.com/"
Coinstot Vino,"22-30 Galerie Montmartre, 75002 Paris, France",Paris,2e,,restaurant,,,,,48.8706106,2.3416278,https://www.google.com/maps/search/?api=1&query=Coinstot%20Vino%2C%20Paris%2C%20France,http://lecoinstotvino.com/,,"Arrondissement: 2e
Food types: restaurant
Tags: Frenchie, Natural wine, Wine bar, Restaurant
Google Maps: https://www.google.com/maps/search/?api=1&query=Coinstot%20Vino%2C%20Paris%2C%20France
Website: http://lecoinstotvino.com/"
Dilia,"1 Rue d'Eupatoria, 75020 Paris, France",Paris,20e,,restaurant,,,,,48.86864389999999,2.3862279,https://www.google.com/maps/search/?api=1&query=Dilia%2C%20Paris%2C%20France,http://www.dilia.fr/,https://bookings.zenchef.com/results?rid=353401&fullscreen=1&mini=0&pid=mapstr&primaryColor=FFC222&type=web,"Arrondissement: 20e
Food types: restaurant
Tags: Frenchie, Restaurant, Gastro / higher end
Google Maps: https://www.google.com/maps/search/?api=1&query=Dilia%2C%20Paris%2C%20France
Website: http://www.dilia.fr/
Booking: https://bookings.zenchef.com/results?rid=353401&fullscreen=1&mini=0&pid=mapstr&primaryColor=FFC222&type=web"
Double Dragon,"52 Rue Saint-Maur, 75011 Paris, France",Paris,11e,,restaurant,,,4.2,655,48.862523,2.3799102,https://maps.google.com/?cid=972382536314200775&g_mp=CiVnb29nbGUubWFwcy5wbGFjZXMudjEuUGxhY2VzLkdldFBsYWNlEAIYBCAA,https://www.doubledragonparis.com/,,"Type: Bistro
Arrondissement: 11e
Google: 4.2 (655 reviews)
Food types: restaurant
Tags: Restaurant, Trendy
Google summary: A menu of vibrant, Filipino-influenced dishes & natural wine in a contemporary restaurant.
Google Maps: https://maps.google.com/?cid=972382536314200775&g_mp=CiVnb29nbGUubWFwcy5wbGFjZXMudjEuUGxhY2VzLkdldFBsYWNlEAIYBCAA
Website: https://www.doubledragonparis.com/"
Déviant,"39 Rue des Petites Écuries, 75010 Paris, France",Paris,10e,,bar,,,4.2,560,48.8738211,2.3500028,https://maps.google.com/?cid=9596080493349548867&g_mp=CiVnb29nbGUubWFwcy5wbGFjZXMudjEuUGxhY2VzLkdldFBsYWNlEAIYBCAA,http://vivantparis.com/,https://bookings.zenchef.com/results?rid=355094&fullscreen=1&mini=0&pid=mapstr&primaryColor=FFC222&type=web,"Type: Restaurant
Arrondissement: 10e
Google: 4.2 (560 reviews)
Food types: bar
Tags: Frenchie, Restaurant, Trendy
Google summary: Small, minimalist black-&-white bar sans tables for tapas plates alongside over 60 natural wines.
Google Maps: https://maps.google.com/?cid=9596080493349548867&g_mp=CiVnb29nbGUubWFwcy5wbGFjZXMudjEuUGxhY2VzLkdldFBsYWNlEAIYBCAA
Website: http://vivantparis.com/
Booking: https://bookings.zenchef.com/results?rid=355094&fullscreen=1&mini=0&pid=mapstr&primaryColor=FFC222&type=web"
EMPREINTES,"5 Rue de Picardie, 75003 Paris, France",Paris,3e,,shopping,,,4.5,294,48.8633689,2.3621905,https://maps.google.com/?cid=3570348297999114440&g_mp=CiVnb29nbGUubWFwcy5wbGFjZXMudjEuUGxhY2VzLkdldFBsYWNlEAIYBCAA,https://www.empreintes-paris.com/,,"Type: Store
Arrondissement: 3e
Google: 4.5 (294 reviews)
Food types: shopping
Tags: Cafe, Shopping
Google summary: Chic boutique presenting handcrafted decorative objects, jewelry & home goods from French designers.
Google Maps: https://maps.google.com/?cid=3570348297999114440&g_mp=CiVnb29nbGUubWFwcy5wbGFjZXMudjEuUGxhY2VzLkdldFBsYWNlEAIYBCAA
Website: https://www.empreintes-paris.com/"
Eunoé,"6 Rue Rochebrune, 75011 Paris, France",Paris,11e,,restaurant,,,4.8,905,48.8607713,2.378991,https://maps.google.com/?cid=9843713178588934640&g_mp=CiVnb29nbGUubWFwcy5wbGFjZXMudjEuUGxhY2VzLkdldFBsYWNlEAIYBCAA,https://www.eunoe-restaurant.com/,https://bookings.zenchef.com/results?rid=362706&fullscreen=1&mini=0&pid=mapstr&primaryColor=FFC222&type=web,"Type: Restaurant
Arrondissement: 11e
Google: 4.8 (905 reviews)
Food types: restaurant
Tags: Frenchie, Restaurant, Japanese
Google Maps: https://maps.google.com/?cid=9843713178588934640&g_mp=CiVnb29nbGUubWFwcy5wbGFjZXMudjEuUGxhY2VzLkdldFBsYWNlEAIYBCAA
Website: https://www.eunoe-restaurant.com/
Booking: https://bookings.zenchef.com/results?rid=362706&fullscreen=1&mini=0&pid=mapstr&primaryColor=FFC222&type=web"
Fana,"14 Rue Ferdinand Flocon, 75018 Paris, France",Paris,18e,,restaurant,,,4.9,880,48.8915119,2.345906,https://maps.google.com/?cid=16155946027569717043&g_mp=CiVnb29nbGUubWFwcy5wbGFjZXMudjEuUGxhY2VzLkdldFBsYWNlEAIYBCAA,https://www.fanabistro.fr/,,"Type: Bistro
Arrondissement: 18e
Google: 4.9 (880 reviews)
Food types: restaurant
Tags: Restaurant
Google Maps: https://maps.google.com/?cid=16155946027569717043&g_mp=CiVnb29nbGUubWFwcy5wbGFjZXMudjEuUGxhY2VzLkdldFBsYWNlEAIYBCAA
Website: https://www.fanabistro.fr/"
"Frenchie, Rue du Nil, Paris, France","5-6 Rue du Nil, Paris, France",Paris,,,restaurant,,€€€,4.5,2024,48.86776388811727,2.347981445756456,https://maps.google.com/?cid=10606828223601549059&g_mp=CiVnb29nbGUubWFwcy5wbGFjZXMudjEuUGxhY2VzLkdldFBsYWNlEAIYBCAA,http://www.frenchie-restaurant.com,https://bookings.zenchef.com/results?rid=357696&fullscreen=1&mini=0&pid=mapstr&primaryColor=FFC222&type=web,"Type: French Restaurant
Price: €€€
Google: 4.5 (2,024 reviews)
Food types: restaurant
Tags: Frenchie, Restaurant, Trendy
Google summary: Rustic-chic stop for seasonal French dishes with global influences, plus chef's carte blanche menus.
Google Maps: https://maps.google.com/?cid=10606828223601549059&g_mp=CiVnb29nbGUubWFwcy5wbGFjZXMudjEuUGxhY2VzLkdldFBsYWNlEAIYBCAA
Website: http://www.frenchie-restaurant.com
Booking: https://bookings.zenchef.com/results?rid=357696&fullscreen=1&mini=0&pid=mapstr&primaryColor=FFC222&type=web"
Fugue - Restaurant,"Rue du Faubourg Saint-Martin, Paris, France",Paris,,,restaurant,,,4.9,577,48.8768338,2.3610189,https://maps.google.com/?cid=1078145238813290068&g_mp=CiVnb29nbGUubWFwcy5wbGFjZXMudjEuUGxhY2VzLkdldFBsYWNlEAIYBCAA,https://fugueparis.fr/,,"Type: French Restaurant
Google: 4.9 (577 reviews)
Food types: restaurant
Tags: Wine bar, Restaurant
Google Maps: https://maps.google.com/?cid=1078145238813290068&g_mp=CiVnb29nbGUubWFwcy5wbGFjZXMudjEuUGxhY2VzLkdldFBsYWNlEAIYBCAA
Website: https://fugueparis.fr/"
Garance,"34 Rue Saint-Dominique, 75007 Paris, France",Paris,7e,,restaurant,,€€€€,4.5,319,48.8599927,2.3153274,https://maps.google.com/?cid=138072956287092235&g_mp=CiVnb29nbGUubWFwcy5wbGFjZXMudjEuUGxhY2VzLkdldFBsYWNlEAIYBCAA,http://www.garance-saintdominique.fr/,,"Type: French Restaurant
Arrondissement: 7e
Price: €€€€
Google: 4.5 (319 reviews)
Food types: restaurant
Tags: Restaurant
Google summary: Inventive, seasonal French cuisine, plus a robust wine list, in an understated, monochrome space.
Google Maps: https://maps.google.com/?cid=138072956287092235&g_mp=CiVnb29nbGUubWFwcy5wbGFjZXMudjEuUGxhY2VzLkdldFBsYWNlEAIYBCAA
Website: http://www.garance-saintdominique.fr/"
Gare au Gorille,"68 Rue des Dames, 75017 Paris, France",Paris,17e,,"restaurant, brunch",,,,,48.8835646,2.3199363,https://www.google.com/maps/search/?api=1&query=Gare%20au%20Gorille%2C%20Paris%2C%20France,http://www.gareaugorille.fr/,https://bookings.zenchef.com/results?rid=356846&fullscreen=1&mini=0&pid=mapstr&primaryColor=FFC222&type=web,"Arrondissement: 17e
Food types: restaurant, brunch
Tags: Frenchie, Brunch, Restaurant
Google Maps: https://www.google.com/maps/search/?api=1&query=Gare%20au%20Gorille%2C%20Paris%2C%20France
Website: http://www.gareaugorille.fr/
Booking: https://bookings.zenchef.com/results?rid=356846&fullscreen=1&mini=0&pid=mapstr&primaryColor=FFC222&type=web"
Garçon !,"83 Rue du Cherche-Midi, 75006 Paris, France",Paris,6e,,restaurant,,,4.8,354,48.8475348,2.3230452,https://maps.google.com/?cid=4945232902223918813&g_mp=CiVnb29nbGUubWFwcy5wbGFjZXMudjEuUGxhY2VzLkdldFBsYWNlEAIYBCAA,http://www.garcon-cafe.com/,https://thefork.fr/restaurant/garcon--r485827/?cc=24751-923,"Type: Restaurant
Arrondissement: 6e
Google: 4.8 (354 reviews)
Food types: restaurant
Tags: Restaurant, Frenchie
Google Maps: https://maps.google.com/?cid=4945232902223918813&g_mp=CiVnb29nbGUubWFwcy5wbGFjZXMudjEuUGxhY2VzLkdldFBsYWNlEAIYBCAA
Website: http://www.garcon-cafe.com/
Booking: https://thefork.fr/restaurant/garcon--r485827/?cc=24751-923"
Gaston et Marlo - La table des copains,"4 Boulevard St Denis, 75010 Paris, France",Paris,10e,,restaurant,,€€,4.3,3543,48.8691873,2.3548571,https://maps.google.com/?cid=16463095154158039715&g_mp=CiVnb29nbGUubWFwcy5wbGFjZXMudjEuUGxhY2VzLkdldFBsYWNlEAIYBCAA,http://www.leplombducantal.com/acces_rivedroite.htm,,"Type: French Restaurant
Arrondissement: 10e
Price: €€
Google: 4.3 (3,543 reviews)
Food types: restaurant
Tags: Restaurant
Google summary: Auvergne dishes like aligot, truffade & sausages served in a rustic dining room or on a terrace.
Google Maps: https://maps.google.com/?cid=16463095154158039715&g_mp=CiVnb29nbGUubWFwcy5wbGFjZXMudjEuUGxhY2VzLkdldFBsYWNlEAIYBCAA
Website: http://www.leplombducantal.com/acces_rivedroite.htm"
Grand Café Capucines,"4 Boulevard des Capucines, Paris 75009",Paris,9e,,restaurant,,€€€,4.5,16304,48.8711033,2.33364,https://maps.google.com/?cid=14345340856536771728&g_mp=CiVnb29nbGUubWFwcy5wbGFjZXMudjEuUGxhY2VzLkdldFBsYWNlEAIYBCAA,http://www.legrandcafe.com/?utm_source=Google&utm_medium=GMB&utm_campaign=GCC,https://bookings.zenchef.com/results?rid=352089&fullscreen=1&mini=0&pid=mapstr&primaryColor=FFC222&type=web,"Type: French Restaurant
Arrondissement: 9e
Price: €€€
Google: 4.5 (16,304 reviews)
Food types: restaurant
Tags: Frenchie
Google summary: Seafood platters, oysters & lobster, plus brasserie standards, in an opulent 1800s establishment.
Google Maps: https://maps.google.com/?cid=14345340856536771728&g_mp=CiVnb29nbGUubWFwcy5wbGFjZXMudjEuUGxhY2VzLkdldFBsYWNlEAIYBCAA
Website: http://www.legrandcafe.com/?utm_source=Google&utm_medium=GMB&utm_campaign=GCC
Booking: https://bookings.zenchef.com/results?rid=352089&fullscreen=1&mini=0&pid=mapstr&primaryColor=FFC222&type=web"
GrandCœur,"41 Rue du Temple, 75004 Paris, France",Paris,4e,,restaurant,,,,,48.85960069999999,2.3538752,https://www.google.com/maps/search/?api=1&query=GrandC%C5%93ur%2C%20Paris%2C%20France,http://www.grandcoeur.paris/,https://bookings.zenchef.com/results?rid=356815&pid=mapstr,"Arrondissement: 4e
Food types: restaurant
Tags: Bistrot, Frenchie, Italian
Google Maps: https://www.google.com/maps/search/?api=1&query=GrandC%C5%93ur%2C%20Paris%2C%20France
Website: http://www.grandcoeur.paris/
Booking: https://bookings.zenchef.com/results?rid=356815&pid=mapstr"
Guefen,"Rue du Vertbois, Paris, France",Paris,,,restaurant,,,4.9,351,48.86673355102539,2.358614206314087,https://maps.google.com/?cid=8462677400349660271&g_mp=CiVnb29nbGUubWFwcy5wbGFjZXMudjEuUGxhY2VzLkdldFBsYWNlEAIYBCAA,http://guefen.fr/,https://thefork.fr/restaurant/guefen-r833328/?cc=24751-923,"Type: French Restaurant
Google: 4.9 (351 reviews)
Food types: restaurant
Tags: Israeli, Gastro / higher end
Google Maps: https://maps.google.com/?cid=8462677400349660271&g_mp=CiVnb29nbGUubWFwcy5wbGFjZXMudjEuUGxhY2VzLkdldFBsYWNlEAIYBCAA
Website: http://guefen.fr/
Booking: https://thefork.fr/restaurant/guefen-r833328/?cc=24751-923"
Hotel Eldorado Paris,"18 Rue des Dames, 75017 Paris, France",Paris,17e,,"restaurant, hotel",,€,4.5,972,48.88504379999999,2.3249795,https://maps.google.com/?cid=4609522530565378518&g_mp=CiVnb29nbGUubWFwcy5wbGFjZXMudjEuUGxhY2VzLkdldFBsYWNlEAIYBCAA,https://hoteleldoradoparis.com/,https://bookings.zenchef.com/results?rid=357031&fullscreen=1&mini=0&pid=mapstr&primaryColor=FFC222&type=web,"Type: Hotel
Arrondissement: 17e
Price: €
Google: 4.5 (972 reviews)
Food types: restaurant, hotel
Tags: Hotel / BB, Bar, Cafe
Google summary: Bohemian hotel with warm, eclectic rooms & free Wi-Fi, plus a bistro with a garden terrace.
Google Maps: https://maps.google.com/?cid=4609522530565378518&g_mp=CiVnb29nbGUubWFwcy5wbGFjZXMudjEuUGxhY2VzLkdldFBsYWNlEAIYBCAA
Website: https://hoteleldoradoparis.com/
Booking: https://bookings.zenchef.com/results?rid=357031&fullscreen=1&mini=0&pid=mapstr&primaryColor=FFC222&type=web"
Hôtel Lutetia,"Boulevard Raspail, Paris, France",Paris,,,"lodging, hotel",,,4.6,2442,48.8512444,2.3272379,https://maps.google.com/?cid=12921620010862496306&g_mp=CiVnb29nbGUubWFwcy5wbGFjZXMudjEuUGxhY2VzLkdldFBsYWNlEAIYBCAA,https://www.hotellutetia.com/,,"Type: Hotel
Google: 4.6 (2,442 reviews)
Food types: lodging, hotel
Tags: Hotel / BB, Cocktails, Bar, Gastro / higher end
Google summary: Stylish rooms & suites in a sophisticated hotel with an upscale brasserie, plus a pool & a spa.
Google Maps: https://maps.google.com/?cid=12921620010862496306&g_mp=CiVnb29nbGUubWFwcy5wbGFjZXMudjEuUGxhY2VzLkdldFBsYWNlEAIYBCAA
Website: https://www.hotellutetia.com/"
Jaïs,"3 Rue Surcouf, 75007 Paris, France",Paris,7e,,restaurant,,,4.5,664,48.86205819999999,2.3094447,https://maps.google.com/?cid=1875691695314731698&g_mp=CiVnb29nbGUubWFwcy5wbGFjZXMudjEuUGxhY2VzLkdldFBsYWNlEAIYBCAA,https://www.le-jais.fr/,https://bookings.zenchef.com/results?rid=351858&fullscreen=1&mini=0&pid=mapstr&primaryColor=FFC222&type=web,"Type: French Restaurant
Arrondissement: 7e
Google: 4.5 (664 reviews)
Food types: restaurant
Tags: Gastro / higher end, Frenchie, Restaurant, Trendy
Google summary: Elegant, understated restaurant preparing refined, traditional bistro dishes with a modern twist.
Google Maps: https://maps.google.com/?cid=1875691695314731698&g_mp=CiVnb29nbGUubWFwcy5wbGFjZXMudjEuUGxhY2VzLkdldFBsYWNlEAIYBCAA
Website: https://www.le-jais.fr/
Booking: https://bookings.zenchef.com/results?rid=351858&fullscreen=1&mini=0&pid=mapstr&primaryColor=FFC222&type=web"
Jones,"43 Rue Godefroy Cavaignac, 75011 Paris, France",Paris,11e,,restaurant,,,,,48.856584,2.380064,https://www.google.com/maps/search/?api=1&query=Jones%2C%20Paris%2C%20France,http://www.jonescaferestaurant.com/,https://bookings.zenchef.com/results?rid=349783&fullscreen=1&mini=0&pid=mapstr&primaryColor=FFC222&type=web,"Arrondissement: 11e
Food types: restaurant
Tags: Frenchie, Trendy, For groups
Google Maps: https://www.google.com/maps/search/?api=1&query=Jones%2C%20Paris%2C%20France
Website: http://www.jonescaferestaurant.com/
Booking: https://bookings.zenchef.com/results?rid=349783&fullscreen=1&mini=0&pid=mapstr&primaryColor=FFC222&type=web"
Jouvence,"172 Bis Rue du Faubourg Saint-Antoine, 75012 Paris, France",Paris,12e,,restaurant,,,,,48.850231,2.3821274,https://www.google.com/maps/search/?api=1&query=Jouvence%2C%20Paris%2C%20France,http://www.jouvence.paris/,https://ib.guestonline.fr/instabook/bookings/4360/zB1TF8d,"Arrondissement: 12e
Food types: restaurant
Tags: Frenchie, Restaurant
Google Maps: https://www.google.com/maps/search/?api=1&query=Jouvence%2C%20Paris%2C%20France
Website: http://www.jouvence.paris/
Booking: https://ib.guestonline.fr/instabook/bookings/4360/zB1TF8d"
Juveniles,"47 Rue de Richelieu, 75001 Paris, France",Paris,1er,,restaurant,,,,,48.866245,2.3370654,https://www.google.com/maps/search/?api=1&query=Juveniles%2C%20Paris%2C%20France,http://www.juvenileswinebar.com/,https://bookings.zenchef.com/results?rid=375794&fullscreen=1&mini=0&pid=mapstr&primaryColor=FFC222&type=web,"Arrondissement: 1er
Food types: restaurant
Tags: Frenchie, Wine bar, Restaurant
Google Maps: https://www.google.com/maps/search/?api=1&query=Juveniles%2C%20Paris%2C%20France
Website: http://www.juvenileswinebar.com/
Booking: https://bookings.zenchef.com/results?rid=375794&fullscreen=1&mini=0&pid=mapstr&primaryColor=FFC222&type=web"
L'Almanach Montmartre,"35 rue Ramey, Paris 75018",Paris,18e,,restaurant,,,4.8,1126,48.8893226,2.3462706,https://maps.google.com/?cid=8728155109587728409&g_mp=CiVnb29nbGUubWFwcy5wbGFjZXMudjEuUGxhY2VzLkdldFBsYWNlEAIYBCAA,http://almanach-montmartre.fr/,https://bookings.zenchef.com/results?rid=364390&pid=mapstr,"Type: French Restaurant
Arrondissement: 18e
Google: 4.8 (1,126 reviews)
Food types: restaurant
Tags: Restaurant
Google Maps: https://maps.google.com/?cid=8728155109587728409&g_mp=CiVnb29nbGUubWFwcy5wbGFjZXMudjEuUGxhY2VzLkdldFBsYWNlEAIYBCAA
Website: http://almanach-montmartre.fr/
Booking: https://bookings.zenchef.com/results?rid=364390&pid=mapstr"
L'Auberge des Crus,"13 Rue Bosio, 75016 Paris, France",Paris,16e,,restaurant,,,4.6,210,48.8491013,2.2652917,https://maps.google.com/?cid=6427997088925446496&g_mp=CiVnb29nbGUubWFwcy5wbGFjZXMudjEuUGxhY2VzLkdldFBsYWNlEAIYBCAA,https://www.aubergedescrus.com/,https://thefork.fr/restaurant/l-auberge-des-crus-r845309/?cc=24751-923,"Type: Restaurant
Arrondissement: 16e
Google: 4.6 (210 reviews)
Food types: restaurant
Tags: Bistrot, Frenchie, Restaurant
Google Maps: https://maps.google.com/?cid=6427997088925446496&g_mp=CiVnb29nbGUubWFwcy5wbGFjZXMudjEuUGxhY2VzLkdldFBsYWNlEAIYBCAA
Website: https://www.aubergedescrus.com/
Booking: https://thefork.fr/restaurant/l-auberge-des-crus-r845309/?cc=24751-923"
L'Avant Comptoir du Marché,"Paris-6E-Arrondissement,, 6 Rue Lobineau, 75006 Paris-6E-Arrondissement, France",Paris,6e,,bar,,€€,4.4,1190,48.8517716,2.3355959,https://maps.google.com/?cid=6781171311742260664&g_mp=CiVnb29nbGUubWFwcy5wbGFjZXMudjEuUGxhY2VzLkdldFBsYWNlEAIYBCAA,https://camdeborde.com/,,"Type: Bar
Arrondissement: 6e
Price: €€
Google: 4.4 (1,190 reviews)
Food types: bar
Tags: Restaurant, ❤️, Frenchie
Google summary: Lively, buzzing wine bar for charcuterie platters, global small plates & meaty mains.
Google Maps: https://maps.google.com/?cid=6781171311742260664&g_mp=CiVnb29nbGUubWFwcy5wbGFjZXMudjEuUGxhY2VzLkdldFBsYWNlEAIYBCAA
Website: https://camdeborde.com/"
L'Ecailler du Bistrot,"22 Rue Paul Bert, 75011 Paris, France",Paris,11e,,restaurant,,€€,4.4,184,48.85243606567383,2.38494348526001,https://maps.google.com/?cid=15927900291157359439&g_mp=CiVnb29nbGUubWFwcy5wbGFjZXMudjEuUGxhY2VzLkdldFBsYWNlEAIYBCAA,https://l-ecailler-du-bistrot.business.site/?utm_source=mapstr&utm_medium=referral,,"Type: Seafood Restaurant
Arrondissement: 11e
Price: €€
Google: 4.4 (184 reviews)
Food types: restaurant
Tags: Restaurant, Seafood
Google summary: Shellfish & seafood platters, plus steaks & desserts, at a chic bistro with outdoor tables.
Google Maps: https://maps.google.com/?cid=15927900291157359439&g_mp=CiVnb29nbGUubWFwcy5wbGFjZXMudjEuUGxhY2VzLkdldFBsYWNlEAIYBCAA
Website: https://l-ecailler-du-bistrot.business.site/?utm_source=mapstr&utm_medium=referral"
L'Orillon,"35 Rue de l'Orillon, 75011 Paris, France",Paris,11e,,restaurant,,,,,48.8702805,2.3763935,https://www.google.com/maps/search/?api=1&query=L'Orillon%2C%20Paris%2C%20France,https://www.facebook.com/341368692625875,,"Arrondissement: 11e
Food types: restaurant
Tags: Frenchie, Restaurant
Google Maps: https://www.google.com/maps/search/?api=1&query=L'Orillon%2C%20Paris%2C%20France
Website: https://www.facebook.com/341368692625875"
LE CHARLOT - PARIS,"38 Rue de Bretagne, Paris 75003",Paris,3e,,restaurant,,€€,4.2,2958,48.8630273,2.3625833,https://maps.google.com/?cid=17591965283889458145&g_mp=CiVnb29nbGUubWFwcy5wbGFjZXMudjEuUGxhY2VzLkdldFBsYWNlEAIYBCAA,http://www.lecharlot-paris.com/,,"Type: French Restaurant
Arrondissement: 3e
Price: €€
Google: 4.2 (2,958 reviews)
Food types: restaurant
Tags: Cafe, Bistrot, Restaurant
Google summary: Sharing plates, burgers & egg dishes, plus brunch & cocktails, in a tiled interior or on a terrace.
Google Maps: https://maps.google.com/?cid=17591965283889458145&g_mp=CiVnb29nbGUubWFwcy5wbGFjZXMudjEuUGxhY2VzLkdldFBsYWNlEAIYBCAA
Website: http://www.lecharlot-paris.com/"
LE PETIT BAL PERDU,"32 Rue Tournefort, 75005 Paris, France",Paris,5e,,restaurant,,,4.7,666,48.8420621,2.3481673,https://maps.google.com/?cid=5260743515862086780&g_mp=CiVnb29nbGUubWFwcy5wbGFjZXMudjEuUGxhY2VzLkdldFBsYWNlEAIYBCAA,https://www.lepetitbalperdu.com/,,"Type: French Restaurant
Arrondissement: 5e
Google: 4.7 (666 reviews)
Food types: restaurant
Tags: Bistrot, Restaurant
Google Maps: https://maps.google.com/?cid=5260743515862086780&g_mp=CiVnb29nbGUubWFwcy5wbGFjZXMudjEuUGxhY2VzLkdldFBsYWNlEAIYBCAA
Website: https://www.lepetitbalperdu.com/"
La Belle Epoque,"36 Rue des Petits Champs, 75002 Paris, France",Paris,2e,,bar,,,,,48.8671832,2.3354614,https://www.google.com/maps/search/?api=1&query=La%20Belle%20Epoque%2C%20Paris%2C%20France,http://www.labelleepoqueparis.com/,https://bookings.zenchef.com/results?rid=352119&fullscreen=1&mini=0&pid=mapstr&primaryColor=FFC222&type=web,"Arrondissement: 2e
Food types: bar
Tags: Restaurant, Frenchie, Trendy, SH, For groups
Google Maps: https://www.google.com/maps/search/?api=1&query=La%20Belle%20Epoque%2C%20Paris%2C%20France
Website: http://www.labelleepoqueparis.com/
Booking: https://bookings.zenchef.com/results?rid=352119&fullscreen=1&mini=0&pid=mapstr&primaryColor=FFC222&type=web"
La Cave à Michel,"36 Rue Sainte-Marthe, 75010 Paris, France",Paris,10e,,generic,,,,,48.87435319999999,2.3729344,https://www.google.com/maps/search/?api=1&query=La%20Cave%20%C3%A0%20Michel%2C%20Paris%2C%20France,https://www.facebook.com/lacaveamichel,https://bookings.zenchef.com/results?rid=363213&fullscreen=1&mini=0&pid=mapstr&primaryColor=FFC222&type=web,"Arrondissement: 10e
Food types: generic
Tags: Frenchie, Restaurant, Bistrot, Bar
Google Maps: https://www.google.com/maps/search/?api=1&query=La%20Cave%20%C3%A0%20Michel%2C%20Paris%2C%20France
Website: https://www.facebook.com/lacaveamichel
Booking: https://bookings.zenchef.com/results?rid=363213&fullscreen=1&mini=0&pid=mapstr&primaryColor=FFC222&type=web"
La Chope Des Artistes,"48 Rue du Faubourg Saint-Martin, 75010 Paris, France",Paris,10e,,restaurant,,,4.3,231,48.87067990000001,2.3567059,https://maps.google.com/?cid=6646270359330819255&g_mp=CiVnb29nbGUubWFwcy5wbGFjZXMudjEuUGxhY2VzLkdldFBsYWNlEAIYBCAA,https://www.facebook.com/lachopedesartistesparis,,"Type: Bistro
Arrondissement: 10e
Google: 4.3 (231 reviews)
Food types: restaurant
Tags: Restaurant, Bar
Google summary: Refined French food in a stylish restaurant/bar lavishly decorated with chandeliers & mirrors.
Google Maps: https://maps.google.com/?cid=6646270359330819255&g_mp=CiVnb29nbGUubWFwcy5wbGFjZXMudjEuUGxhY2VzLkdldFBsYWNlEAIYBCAA
Website: https://www.facebook.com/lachopedesartistesparis"
La Condesa Paris,"17 Rue Rodier, 75009 Paris, France",Paris,9e,,restaurant,,,,,48.87855299999999,2.342762,https://www.google.com/maps/search/?api=1&query=La%20Condesa%20Paris%2C%20Paris%2C%20France,http://www.lacondesa-paris.com/,https://thefork.fr/restaurant/la-condesa-paris-r829700/?cc=24751-923,"Arrondissement: 9e
Food types: restaurant
Tags: Frenchie, Restaurant, Trendy, Healthy
Google Maps: https://www.google.com/maps/search/?api=1&query=La%20Condesa%20Paris%2C%20Paris%2C%20France
Website: http://www.lacondesa-paris.com/
Booking: https://thefork.fr/restaurant/la-condesa-paris-r829700/?cc=24751-923"
La Crèmerie,"9 Rue des Quatre Vents, 75006 Paris, France",Paris,6e,,bar,,,4.4,282,48.8517401,2.3377948,https://maps.google.com/?cid=10798800487371204972&g_mp=CiVnb29nbGUubWFwcy5wbGFjZXMudjEuUGxhY2VzLkdldFBsYWNlEAIYBCAA,http://www.facebook.com/lacremerieparis,https://bookings.zenchef.com/results?rid=371172&fullscreen=1&mini=0&pid=mapstr&primaryColor=FFC222&type=web,"Type: French Restaurant
Arrondissement: 6e
Google: 4.4 (282 reviews)
Food types: bar
Tags: Bar, Cheese shop
Google Maps: https://maps.google.com/?cid=10798800487371204972&g_mp=CiVnb29nbGUubWFwcy5wbGFjZXMudjEuUGxhY2VzLkdldFBsYWNlEAIYBCAA
Website: http://www.facebook.com/lacremerieparis
Booking: https://bookings.zenchef.com/results?rid=371172&fullscreen=1&mini=0&pid=mapstr&primaryColor=FFC222&type=web"
La Datcha Paris,"62 Rue Jean-Pierre Timbaud, 75011 Paris, France",Paris,11e,,"restaurant, brunch",,,4.7,406,48.8666712,2.3735192,https://maps.google.com/?cid=10562815847847167715&g_mp=CiVnb29nbGUubWFwcy5wbGFjZXMudjEuUGxhY2VzLkdldFBsYWNlEAIYBCAA,https://www.ladatchaparis.com/,,"Type: French Restaurant
Arrondissement: 11e
Google: 4.7 (406 reviews)
Food types: restaurant, brunch
Tags: Brunch, Restaurant
Google Maps: https://maps.google.com/?cid=10562815847847167715&g_mp=CiVnb29nbGUubWFwcy5wbGFjZXMudjEuUGxhY2VzLkdldFBsYWNlEAIYBCAA
Website: https://www.ladatchaparis.com/"
La Fontaine Gaillon,"1 Rue de la Michodière, 75002 Paris, France",Paris,2e,,bar,,€€€,4.7,1995,48.86909199999999,2.334237,https://maps.google.com/?cid=5649456535509709870&g_mp=CiVnb29nbGUubWFwcy5wbGFjZXMudjEuUGxhY2VzLkdldFBsYWNlEAIYBCAA,www.lafontainegaillon.com,https://www.sevenrooms.com/explore/lafontainegaillon/reservations/create/search?tracking=mapstr-la-fontaine-gaillon,"Type: French Restaurant
Arrondissement: 2e
Price: €€€
Google: 4.7 (1,995 reviews)
Food types: bar
Tags: Restaurant, Frenchie
Google summary: Refined fish & seafood dishes at an upscale, ornately decorated venue with a leafy terrace.
Google Maps: https://maps.google.com/?cid=5649456535509709870&g_mp=CiVnb29nbGUubWFwcy5wbGFjZXMudjEuUGxhY2VzLkdldFBsYWNlEAIYBCAA
Website: www.lafontainegaillon.com
Booking: https://www.sevenrooms.com/explore/lafontainegaillon/reservations/create/search?tracking=mapstr-la-fontaine-gaillon"
La Fontaine de Mars,"129 Rue Saint-Dominique, 75007 Paris, France",Paris,7e,,restaurant,,€€€,4.4,2451,48.85839199999999,2.302569,https://maps.google.com/?cid=12956417825552490679&g_mp=CiVnb29nbGUubWFwcy5wbGFjZXMudjEuUGxhY2VzLkdldFBsYWNlEAIYBCAA,https://www.fontaine-de-mars.com/,https://bookings.zenchef.com/results?rid=356713&fullscreen=1&mini=0&pid=mapstr&primaryColor=FFC222&type=web,"Type: French Restaurant
Arrondissement: 7e
Price: €€€
Google: 4.4 (2,451 reviews)
Food types: restaurant
Tags: Bistrot
Google summary: Steak, fries, casseroles & French classics in a chic, colorful bistro with patio seating.
Google Maps: https://maps.google.com/?cid=12956417825552490679&g_mp=CiVnb29nbGUubWFwcy5wbGFjZXMudjEuUGxhY2VzLkdldFBsYWNlEAIYBCAA
Website: https://www.fontaine-de-mars.com/
Booking: https://bookings.zenchef.com/results?rid=356713&fullscreen=1&mini=0&pid=mapstr&primaryColor=FFC222&type=web"
La Perle,"78 Rue Vieille du Temple, 75003 Paris, France",Paris,3e,,cafe,,€€,3.4,1670,48.8598003,2.3606963,https://maps.google.com/?cid=4190812438264054898&g_mp=CiVnb29nbGUubWFwcy5wbGFjZXMudjEuUGxhY2VzLkdldFBsYWNlEAIYBCAA,http://cafelaperle.com/,,"Type: Cafe
Arrondissement: 3e
Price: €€
Google: 3.4 (1,670 reviews)
Food types: cafe
Tags: Cafe, Trendy
Google summary: Classic French lunch items & desserts, plus pizza, served at a trendy cafe with sidewalk tables.
Google Maps: https://maps.google.com/?cid=4190812438264054898&g_mp=CiVnb29nbGUubWFwcy5wbGFjZXMudjEuUGxhY2VzLkdldFBsYWNlEAIYBCAA
Website: http://cafelaperle.com/"
La Petite Périgourdine,"39 Rue des Écoles, 75005 Paris, France",Paris,5e,,bar,,€€,4.4,1820,48.8488724,2.347194,https://maps.google.com/?cid=13334502312602225459&g_mp=CiVnb29nbGUubWFwcy5wbGFjZXMudjEuUGxhY2VzLkdldFBsYWNlEAIYBCAA,http://www.facebook.com/La.Petite.Perigourdine/timeline,https://bookings.zenchef.com/results?rid=360897&fullscreen=1&mini=0&pid=mapstr&primaryColor=FFC222&type=web,"Type: Restaurant
Arrondissement: 5e
Price: €€
Google: 4.4 (1,820 reviews)
Food types: bar
Tags: Bistrot
Google Maps: https://maps.google.com/?cid=13334502312602225459&g_mp=CiVnb29nbGUubWFwcy5wbGFjZXMudjEuUGxhY2VzLkdldFBsYWNlEAIYBCAA
Website: http://www.facebook.com/La.Petite.Perigourdine/timeline
Booking: https://bookings.zenchef.com/results?rid=360897&fullscreen=1&mini=0&pid=mapstr&primaryColor=FFC222&type=web"
La Traversée,"2 Rue Ramey, 75018 Paris, France",Paris,18e,,restaurant,,,,,48.8872645,2.3475986,https://www.google.com/maps/search/?api=1&query=La%20Travers%C3%A9e%2C%20Paris%2C%20France,https://www.latraverseeparis.com/,https://menuwidget.zenchef.com/v4.php?rid=348683,"Arrondissement: 18e
Food types: restaurant
Tags: Frenchie, Restaurant, Trendy
Google Maps: https://www.google.com/maps/search/?api=1&query=La%20Travers%C3%A9e%2C%20Paris%2C%20France
Website: https://www.latraverseeparis.com/
Booking: https://menuwidget.zenchef.com/v4.php?rid=348683"
La méduse,"177 Quai de Valmy, 75010 Paris, France",Paris,10e,,bar,,,,,48.86146220000001,2.3779976,https://www.google.com/maps/search/?api=1&query=La%20m%C3%A9duse%2C%20Paris%2C%20France,,,"Arrondissement: 10e
Food types: bar
Tags: Frenchie, Restaurant, Cocktail
Google Maps: https://www.google.com/maps/search/?api=1&query=La%20m%C3%A9duse%2C%20Paris%2C%20France"
Ladurée,"16 Rue Royale, 75008 Paris, France",Paris,8e,,"restaurant, brunch",,€€€,4.1,3381,48.8684378,2.3236443,https://maps.google.com/?cid=15123703379817243956&g_mp=CiVnb29nbGUubWFwcy5wbGFjZXMudjEuUGxhY2VzLkdldFBsYWNlEAIYBCAA,https://www.laduree.fr/laduree-paris-royale.html,https://thefork.fr/restaurant/laduree-paris-royale-r5141/?cc=24751-923,"Type: Pastry Shop
Arrondissement: 8e
Price: €€€
Google: 4.1 (3,381 reviews)
Food types: restaurant, brunch
Tags: Brunch, Bakery, Cafe
Google summary: Upscale bakery with Parisian origins, specializing in French macarons in a number of flavors.
Google Maps: https://maps.google.com/?cid=15123703379817243956&g_mp=CiVnb29nbGUubWFwcy5wbGFjZXMudjEuUGxhY2VzLkdldFBsYWNlEAIYBCAA
Website: https://www.laduree.fr/laduree-paris-royale.html
Booking: https://thefork.fr/restaurant/laduree-paris-royale-r5141/?cc=24751-923"
Ladurée Pavillon Gravelle,"2 Rte du Pesage, 75012 Paris, France",Paris,12e,,"restaurant, brunch",,€€€,3.9,308,48.8226259,2.4460264,https://maps.google.com/?cid=16874507459378194118&g_mp=CiVnb29nbGUubWFwcy5wbGFjZXMudjEuUGxhY2VzLkdldFBsYWNlEAIYBCAA,https://www.instagram.com/pavillongravelle.laduree/,https://thefork.fr/restaurant/laduree-pavillon-gravelle-r824030/?cc=24751-923,"Type: French Restaurant
Arrondissement: 12e
Price: €€€
Google: 3.9 (308 reviews)
Food types: restaurant, brunch
Tags: Cafe, Brunch, Restaurant
Google summary: Upscale bakery with Parisian origins, specializing in French macarons in a number of flavors.
Google Maps: https://maps.google.com/?cid=16874507459378194118&g_mp=CiVnb29nbGUubWFwcy5wbGFjZXMudjEuUGxhY2VzLkdldFBsYWNlEAIYBCAA
Website: https://www.instagram.com/pavillongravelle.laduree/
Booking: https://thefork.fr/restaurant/laduree-pavillon-gravelle-r824030/?cc=24751-923"
Lafayette's restaurant rue d'Anjou,"Rue d'Anjou, Paris, France",Paris,,,restaurant,,,4.4,1160,48.8697748,2.320838,https://maps.google.com/?cid=12942500976107558915&g_mp=CiVnb29nbGUubWFwcy5wbGFjZXMudjEuUGxhY2VzLkdldFBsYWNlEAIYBCAA,http://www.ran-paris.com/,,"Type: Restaurant
Google: 4.4 (1,160 reviews)
Food types: restaurant
Tags: Trendy, Restaurant, Gastro / higher end, African, Frenchie
Google summary: Historic house offering French dishes in a refined, cozy setting.
Google Maps: https://maps.google.com/?cid=12942500976107558915&g_mp=CiVnb29nbGUubWFwcy5wbGFjZXMudjEuUGxhY2VzLkdldFBsYWNlEAIYBCAA
Website: http://www.ran-paris.com/"
Le Bar des Prés,"25 Rue du Dragon, 75006 Paris, France",Paris,6e,,restaurant,,,,,48.8528061,2.330487600000001,https://www.google.com/maps/search/?api=1&query=Le%20Bar%20des%20Pr%C3%A9s%2C%20Paris%2C%20France,http://www.lebardespres.com/fr/accueil/,,"Arrondissement: 6e
Food types: restaurant
Tags: Frenchie, Japanese, SH, Trendy
Google Maps: https://www.google.com/maps/search/?api=1&query=Le%20Bar%20des%20Pr%C3%A9s%2C%20Paris%2C%20France
Website: http://www.lebardespres.com/fr/accueil/"
Le Baratin,"3 Rue Jouye-Rouve, 75020 Paris, France",Paris,20e,,restaurant,,,,,48.8730712,2.382835099999999,https://www.google.com/maps/search/?api=1&query=Le%20Baratin%2C%20Paris%2C%20France,https://lefooding.com/fr/restaurants/restaurant-le-baratin-paris,,"Arrondissement: 20e
Food types: restaurant
Tags: Frenchie, Wine bar, Restaurant
Google Maps: https://www.google.com/maps/search/?api=1&query=Le%20Baratin%2C%20Paris%2C%20France
Website: https://lefooding.com/fr/restaurants/restaurant-le-baratin-paris"
Le Bistrot d'Yves,"33 Rue Cardinet, 75017 Paris, France",Paris,17e,,restaurant,,,,,48.8821429,2.3038057,https://www.google.com/maps/search/?api=1&query=Le%20Bistrot%20d'Yves%2C%20Paris%2C%20France,http://menuonline.fr/le-bistrot-d-yves,https://thefork.fr/restaurant/le-bistrot-d-yves-r36313/?cc=24751-923,"Arrondissement: 17e
Food types: restaurant
Tags: Restaurant, Meat, Bistrot
Google Maps: https://www.google.com/maps/search/?api=1&query=Le%20Bistrot%20d'Yves%2C%20Paris%2C%20France
Website: http://menuonline.fr/le-bistrot-d-yves
Booking: https://thefork.fr/restaurant/le-bistrot-d-yves-r36313/?cc=24751-923"
Le Bistrot de Paris,"33 Rue de Lille, 75007 Paris, France",Paris,7e,,restaurant,,,4.4,587,48.858577,2.32935,https://maps.google.com/?cid=10295144339473228327&g_mp=CiVnb29nbGUubWFwcy5wbGFjZXMudjEuUGxhY2VzLkdldFBsYWNlEAIYBCAA,http://www.facebook.com/pages/Le-Bistrot-de-Paris-depuis-1965/224910604192636,https://bookings.zenchef.com/results?rid=357075&fullscreen=1&mini=0&pid=mapstr&primaryColor=FFC222&type=web,"Type: Bistro
Arrondissement: 7e
Google: 4.4 (587 reviews)
Food types: restaurant
Tags: Restaurant, Bistrot
Google summary: Elegant restaurant in a 19th-century building preparing a menu of classic & contemporary dishes.
Google Maps: https://maps.google.com/?cid=10295144339473228327&g_mp=CiVnb29nbGUubWFwcy5wbGFjZXMudjEuUGxhY2VzLkdldFBsYWNlEAIYBCAA
Website: http://www.facebook.com/pages/Le-Bistrot-de-Paris-depuis-1965/224910604192636
Booking: https://bookings.zenchef.com/results?rid=357075&fullscreen=1&mini=0&pid=mapstr&primaryColor=FFC222&type=web"
Le Bizetro,"6 Rue Georges Bizet, 75116 Paris, France",Paris,16e,,bar,,€€,4.8,1240,48.8667804,2.2987559,https://maps.google.com/?cid=6270697427225073709&g_mp=CiVnb29nbGUubWFwcy5wbGFjZXMudjEuUGxhY2VzLkdldFBsYWNlEAIYBCAA,http://eater.space/le-bizetro,,"Type: French Restaurant
Arrondissement: 16e
Price: €€
Google: 4.8 (1,240 reviews)
Food types: bar
Tags: Bistrot, Restaurant
Google summary: Traditional bistro fare presented in a rustic space with exposed-brick walls & nostalgic fixtures.
Google Maps: https://maps.google.com/?cid=6270697427225073709&g_mp=CiVnb29nbGUubWFwcy5wbGFjZXMudjEuUGxhY2VzLkdldFBsYWNlEAIYBCAA
Website: http://eater.space/le-bizetro"
Le Bon Georges,"45 Rue Saint-Georges, 75009 Paris, France",Paris,9e,,restaurant,,€€,4.5,2594,48.87765759999999,2.3372005,https://maps.google.com/?cid=16995110964793138726&g_mp=CiVnb29nbGUubWFwcy5wbGFjZXMudjEuUGxhY2VzLkdldFBsYWNlEAIYBCAA,http://www.lebongeorges.paris/,https://bookings.zenchef.com/results?rid=376532&fullscreen=1&mini=0&pid=mapstr&primaryColor=FFC222&type=web,"Type: French Restaurant
Arrondissement: 9e
Price: €€
Google: 4.5 (2,594 reviews)
Food types: restaurant
Tags: Bistrot
Google summary: Classic Parisian bistro with a chalkboard menu of daily dishes with seasonal produce, plus a long wine list.
Google Maps: https://maps.google.com/?cid=16995110964793138726&g_mp=CiVnb29nbGUubWFwcy5wbGFjZXMudjEuUGxhY2VzLkdldFBsYWNlEAIYBCAA
Website: http://www.lebongeorges.paris/
Booking: https://bookings.zenchef.com/results?rid=376532&fullscreen=1&mini=0&pid=mapstr&primaryColor=FFC222&type=web"
Le Bon Saint Pourçain,"10 Bis Rue Servandoni, 75006 Paris, France",Paris,6e,,restaurant,,,,,48.8500729,2.3346529,https://www.google.com/maps/search/?api=1&query=Le%20Bon%20Saint%20Pour%C3%A7ain%2C%20Paris%2C%20France,http://www.bonsaintpourcain.com,http://www.opentable.fr/r/le-bon-saint-pourcain-paris?ref=17374,"Arrondissement: 6e
Food types: restaurant
Tags: Frenchie, Restaurant
Google Maps: https://www.google.com/maps/search/?api=1&query=Le%20Bon%20Saint%20Pour%C3%A7ain%2C%20Paris%2C%20France
Website: http://www.bonsaintpourcain.com
Booking: http://www.opentable.fr/r/le-bon-saint-pourcain-paris?ref=17374"
Le Bouclard,"1 Rue Cavallotti, 75018 Paris, France",Paris,18e,,bar,,€€€,4.7,540,48.8858148,2.3286966,https://maps.google.com/?cid=4411465332494128493&g_mp=CiVnb29nbGUubWFwcy5wbGFjZXMudjEuUGxhY2VzLkdldFBsYWNlEAIYBCAA,http://www.bouclard.com/,https://thefork.fr/restaurant/le-bouclard-r10089/?cc=24751-923,"Type: French Restaurant
Arrondissement: 18e
Price: €€€
Google: 4.7 (540 reviews)
Food types: bar
Tags: Bistrot
Google summary: Quaint restaurant specializing in homestyle comfort food plates based on inherited recipes.
Google Maps: https://maps.google.com/?cid=4411465332494128493&g_mp=CiVnb29nbGUubWFwcy5wbGFjZXMudjEuUGxhY2VzLkdldFBsYWNlEAIYBCAA
Website: http://www.bouclard.com/
Booking: https://thefork.fr/restaurant/le-bouclard-r10089/?cc=24751-923"
Le Brandevin,"29 Rue du Dr Blanche, 75016 Paris, France",Paris,16e,,restaurant,,€€,4.5,413,48.85377330000001,2.265589400000001,https://maps.google.com/?cid=5134373376524673414&g_mp=CiVnb29nbGUubWFwcy5wbGFjZXMudjEuUGxhY2VzLkdldFBsYWNlEAIYBCAA,http://www.lebrandevin.fr/,https://bookings.zenchef.com/results?rid=1094&fullscreen=1&mini=0&pid=mapstr&primaryColor=FFC222&type=web,"Type: Restaurant
Arrondissement: 16e
Price: €€
Google: 4.5 (413 reviews)
Food types: restaurant
Tags: Restaurant, Bistrot
Google summary: Warm bistro offering traditional French cuisine, along with wines, in a classic setting.
Google Maps: https://maps.google.com/?cid=5134373376524673414&g_mp=CiVnb29nbGUubWFwcy5wbGFjZXMudjEuUGxhY2VzLkdldFBsYWNlEAIYBCAA
Website: http://www.lebrandevin.fr/
Booking: https://bookings.zenchef.com/results?rid=1094&fullscreen=1&mini=0&pid=mapstr&primaryColor=FFC222&type=web"
Le Cadoret,"1 Rue Pradier, 75019 Paris, France",Paris,19e,,restaurant,,,4.3,519,48.87475699999999,2.381041,https://maps.google.com/?cid=1897773483001877358&g_mp=CiVnb29nbGUubWFwcy5wbGFjZXMudjEuUGxhY2VzLkdldFBsYWNlEAIYBCAA,https://www.facebook.com/KD-Restaurant-326044977742147/?fref=ts,https://bookings.zenchef.com/results?rid=378708&fullscreen=1&mini=0&pid=mapstr&primaryColor=FFC222&type=web,"Type: Bistro
Arrondissement: 19e
Google: 4.3 (519 reviews)
Food types: restaurant
Tags: Frenchie, Restaurant, Bistrot, Trendy
Google summary: Typical French food & set menu options at a cozy corner restaurant with a street terrace.
Google Maps: https://maps.google.com/?cid=1897773483001877358&g_mp=CiVnb29nbGUubWFwcy5wbGFjZXMudjEuUGxhY2VzLkdldFBsYWNlEAIYBCAA
Website: https://www.facebook.com/KD-Restaurant-326044977742147/?fref=ts
Booking: https://bookings.zenchef.com/results?rid=378708&fullscreen=1&mini=0&pid=mapstr&primaryColor=FFC222&type=web"
Le Canard Sauvage,"14 Bd de Strasbourg, 75010 Paris",Paris,10e,,restaurant,,,4.6,85,48.8705382,2.3554759,https://maps.google.com/?cid=9509719228214757666&g_mp=CiVnb29nbGUubWFwcy5wbGFjZXMudjEuUGxhY2VzLkdldFBsYWNlEAIYBCAA,https://bookings.zenchef.com/results?rid=378070&pid=1001,https://bookings.zenchef.com/results?rid=378070&fullscreen=1&mini=0&pid=mapstr&primaryColor=FFC222&type=web,"Type: Restaurant
Arrondissement: 10e
Google: 4.6 (85 reviews)
Food types: restaurant
Tags: Frenchie, Restaurant, Trendy, ❤️
Google Maps: https://maps.google.com/?cid=9509719228214757666&g_mp=CiVnb29nbGUubWFwcy5wbGFjZXMudjEuUGxhY2VzLkdldFBsYWNlEAIYBCAA
Website: https://bookings.zenchef.com/results?rid=378070&pid=1001
Booking: https://bookings.zenchef.com/results?rid=378070&fullscreen=1&mini=0&pid=mapstr&primaryColor=FFC222&type=web"
Le Chardonnay,"3 Rue Bachaumont, 75002 Paris, France",Paris,2e,,restaurant,,,4.6,551,48.8658229,2.3464376,https://maps.google.com/?cid=16170402615737098959&g_mp=CiVnb29nbGUubWFwcy5wbGFjZXMudjEuUGxhY2VzLkdldFBsYWNlEAIYBCAA,http://www.lechardonnay-comptoir.fr/,https://bookings.zenchef.com/results?rid=362234&fullscreen=1&mini=0&pid=mapstr&primaryColor=FFC222&type=web,"Type: Restaurant
Arrondissement: 2e
Google: 4.6 (551 reviews)
Food types: restaurant
Tags: Bistrot, Restaurant
Google Maps: https://maps.google.com/?cid=16170402615737098959&g_mp=CiVnb29nbGUubWFwcy5wbGFjZXMudjEuUGxhY2VzLkdldFBsYWNlEAIYBCAA
Website: http://www.lechardonnay-comptoir.fr/
Booking: https://bookings.zenchef.com/results?rid=362234&fullscreen=1&mini=0&pid=mapstr&primaryColor=FFC222&type=web"
Le Clarence,"31 Avenue Franklin Delano Roosevelt, 75008 Paris, France",Paris,8e,,restaurant,,€€€€,4.7,827,48.86739540000001,2.3097858,https://maps.google.com/?cid=11879370148947669534&g_mp=CiVnb29nbGUubWFwcy5wbGFjZXMudjEuUGxhY2VzLkdldFBsYWNlEAIYBCAA,http://www.le-clarence.paris/,https://thefork.fr/restaurant/le-clarence-r74933/?cc=24751-923,"Type: French Restaurant
Arrondissement: 8e
Price: €€€€
Google: 4.7 (827 reviews)
Food types: restaurant
Tags: Gastro / higher end, Restaurant
Google summary: Regal option with an old-world ambiance featuring elevated classics & a wine cellar.
Google Maps: https://maps.google.com/?cid=11879370148947669534&g_mp=CiVnb29nbGUubWFwcy5wbGFjZXMudjEuUGxhY2VzLkdldFBsYWNlEAIYBCAA
Website: http://www.le-clarence.paris/
Booking: https://thefork.fr/restaurant/le-clarence-r74933/?cc=24751-923"
Le Clown Bar,"114 Rue Amelot, 75011 Paris, France",Paris,11e,,restaurant,,,,,48.863604,2.367232,https://www.google.com/maps/search/?api=1&query=Le%20Clown%20Bar%2C%20Paris%2C%20France,http://www.clownbar.fr,https://bookings.zenchef.com/results?rid=354275&fullscreen=1&mini=0&pid=mapstr&primaryColor=FFC222&type=web,"Arrondissement: 11e
Food types: restaurant
Tags: Restaurant, Trendy, Wine bar, Frenchie, Natural wine
Google Maps: https://www.google.com/maps/search/?api=1&query=Le%20Clown%20Bar%2C%20Paris%2C%20France
Website: http://www.clownbar.fr
Booking: https://bookings.zenchef.com/results?rid=354275&fullscreen=1&mini=0&pid=mapstr&primaryColor=FFC222&type=web"
Le Comptoir du Relais,"l'Odéon França, 5 Carrefour de l'Odéon, Paris, France",Paris,,,restaurant,,,,,48.8519701,2.3388454,https://www.google.com/maps/search/?api=1&query=Le%20Comptoir%20du%20Relais%2C%20Paris%2C%20France,http://m.hotel-paris-relais-saint-germain.com/savourez-les-restaurants.html,,"Food types: restaurant
Tags: Frenchie, Restaurant
Google Maps: https://www.google.com/maps/search/?api=1&query=Le%20Comptoir%20du%20Relais%2C%20Paris%2C%20France
Website: http://m.hotel-paris-relais-saint-germain.com/savourez-les-restaurants.html"
Le Floréal,"73 Rue du Faubourg du Temple, 75010 Paris, France",Paris,10e,,restaurant,,€€,4.2,1397,48.870165,2.371141,https://maps.google.com/?cid=11136652347602899876&g_mp=CiVnb29nbGUubWFwcy5wbGFjZXMudjEuUGxhY2VzLkdldFBsYWNlEAIYBCAA,https://lefloreal.com/fr,https://lefloreal.com/fr/services,"Type: French Restaurant
Arrondissement: 10e
Price: €€
Google: 4.2 (1,397 reviews)
Food types: restaurant
Tags: Cafe
Google Maps: https://maps.google.com/?cid=11136652347602899876&g_mp=CiVnb29nbGUubWFwcy5wbGFjZXMudjEuUGxhY2VzLkdldFBsYWNlEAIYBCAA
Website: https://lefloreal.com/fr
Booking: https://lefloreal.com/fr/services"
Le Grand Bain,"14 Rue Denoyez, 75020 Paris, France",Paris,20e,,restaurant,,,,,48.871651,2.378566,https://www.google.com/maps/search/?api=1&query=Le%20Grand%20Bain%2C%20Paris%2C%20France,http://legrandbainparis.com/,https://bookings.zenchef.com/results?rid=353523&fullscreen=1&mini=0&pid=mapstr&primaryColor=FFC222&type=web,"Arrondissement: 20e
Food types: restaurant
Tags: Frenchie, Bistrot, Trendy
Google Maps: https://www.google.com/maps/search/?api=1&query=Le%20Grand%20Bain%2C%20Paris%2C%20France
Website: http://legrandbainparis.com/
Booking: https://bookings.zenchef.com/results?rid=353523&fullscreen=1&mini=0&pid=mapstr&primaryColor=FFC222&type=web"
Le Grand Colbert,"2 Rue Vivienne, 75002 Paris, France",Paris,2e,,restaurant,,,,,48.8666252,2.3390047,https://www.google.com/maps/search/?api=1&query=Le%20Grand%20Colbert%2C%20Paris%2C%20France,https://legrandcolbert.fr/index.php/fr/,https://bookings.zenchef.com/results?rid=353935&fullscreen=1&mini=0&pid=mapstr&primaryColor=FFC222&type=web,"Arrondissement: 2e
Food types: restaurant
Tags: Restaurant, Bistrot
Google Maps: https://www.google.com/maps/search/?api=1&query=Le%20Grand%20Colbert%2C%20Paris%2C%20France
Website: https://legrandcolbert.fr/index.php/fr/
Booking: https://bookings.zenchef.com/results?rid=353935&fullscreen=1&mini=0&pid=mapstr&primaryColor=FFC222&type=web"
Le Pantruche,"3 Rue Victor Massé, 75009 Paris, France",Paris,9e,,restaurant,,€€,4.7,1213,48.8804948,2.3396424,https://maps.google.com/?cid=3423459202858904342&g_mp=CiVnb29nbGUubWFwcy5wbGFjZXMudjEuUGxhY2VzLkdldFBsYWNlEAIYBCAA,https://www.lapantruchoise.com/lepantruche,https://bookings.zenchef.com/results?rid=348235&fullscreen=1&mini=0&pid=mapstr&primaryColor=FFC222&type=web,"Type: Bistro
Arrondissement: 9e
Price: €€
Google: 4.7 (1,213 reviews)
Food types: restaurant
Tags: Restaurant, Bistrot
Google summary: Classic French dishes like soufflés & beef in red wine with a modern touch, in a cozy bistro.
Google Maps: https://maps.google.com/?cid=3423459202858904342&g_mp=CiVnb29nbGUubWFwcy5wbGFjZXMudjEuUGxhY2VzLkdldFBsYWNlEAIYBCAA
Website: https://www.lapantruchoise.com/lepantruche
Booking: https://bookings.zenchef.com/results?rid=348235&fullscreen=1&mini=0&pid=mapstr&primaryColor=FFC222&type=web"
Le Petit Célestin,"12 Quai des Célestins, 75004 Paris, France",Paris,4e,,restaurant,,€€,4.1,706,48.8521177,2.3613136,https://maps.google.com/?cid=12894566964199851042&g_mp=CiVnb29nbGUubWFwcy5wbGFjZXMudjEuUGxhY2VzLkdldFBsYWNlEAIYBCAA,http://www.lepetitcelestin.fr/,https://bookings.zenchef.com/results?rid=314952&fullscreen=1&mini=0&pid=mapstr&primaryColor=FFC222&type=web,"Type: French Restaurant
Arrondissement: 4e
Price: €€
Google: 4.1 (706 reviews)
Food types: restaurant
Tags: Restaurant, Dancing
Google summary: Quaint stop with wood accents & red tables, making typical bistro fare like tartare & steaks.
Google Maps: https://maps.google.com/?cid=12894566964199851042&g_mp=CiVnb29nbGUubWFwcy5wbGFjZXMudjEuUGxhY2VzLkdldFBsYWNlEAIYBCAA
Website: http://www.lepetitcelestin.fr/
Booking: https://bookings.zenchef.com/results?rid=314952&fullscreen=1&mini=0&pid=mapstr&primaryColor=FFC222&type=web"
Le Petit Lutetia,"107 Rue de Sèvres, 75006 Paris, France",Paris,6e,,restaurant,,€€€,4.3,1328,48.8483485,2.3205966,https://maps.google.com/?cid=12108938859626468216&g_mp=CiVnb29nbGUubWFwcy5wbGFjZXMudjEuUGxhY2VzLkdldFBsYWNlEAIYBCAA,https://www.facebook.com/pages/Le-Petit-Lutetia/174256995952825,https://bookings.zenchef.com/results?rid=360287&fullscreen=1&mini=0&pid=mapstr&primaryColor=FFC222&type=web,"Type: French Restaurant
Arrondissement: 6e
Price: €€€
Google: 4.3 (1,328 reviews)
Food types: restaurant
Tags: Restaurant, Bistrot
Google summary: Elegant brasserie with a vintage feel & sidewalk seating, serving French fare & homemade desserts.
Google Maps: https://maps.google.com/?cid=12108938859626468216&g_mp=CiVnb29nbGUubWFwcy5wbGFjZXMudjEuUGxhY2VzLkdldFBsYWNlEAIYBCAA
Website: https://www.facebook.com/pages/Le-Petit-Lutetia/174256995952825
Booking: https://bookings.zenchef.com/results?rid=360287&fullscreen=1&mini=0&pid=mapstr&primaryColor=FFC222&type=web"
Le Petit Olympia,"6 Rue de Caumartin, 75009 Paris, France",Paris,9e,,restaurant,,,4.3,324,48.8706588,2.328246,https://maps.google.com/?cid=3478663271060264414&g_mp=CiVnb29nbGUubWFwcy5wbGFjZXMudjEuUGxhY2VzLkdldFBsYWNlEAIYBCAA,https://www.lepetitolympia.com/,https://thefork.fr/restaurant/le-petit-olympia-r425651/?cc=24751-923,"Type: Restaurant
Arrondissement: 9e
Google: 4.3 (324 reviews)
Food types: restaurant
Tags: Frenchie, Restaurant, Bistrot
Google summary: Wine & entrees served in a casual eatery featuring classic wood-paneled walls & paintings.
Google Maps: https://maps.google.com/?cid=3478663271060264414&g_mp=CiVnb29nbGUubWFwcy5wbGFjZXMudjEuUGxhY2VzLkdldFBsYWNlEAIYBCAA
Website: https://www.lepetitolympia.com/
Booking: https://thefork.fr/restaurant/le-petit-olympia-r425651/?cc=24751-923"
Le Petit Vendôme,"8 Rue des Capucines, 75002 Paris, France",Paris,2e,,bar,,€€,4.3,2778,48.8687628,2.3297223,https://maps.google.com/?cid=8432549558822105511&g_mp=CiVnb29nbGUubWFwcy5wbGFjZXMudjEuUGxhY2VzLkdldFBsYWNlEAIYBCAA,https://www.facebook.com/lepetitvendome/,,"Type: French Restaurant
Arrondissement: 2e
Price: €€
Google: 4.3 (2,778 reviews)
Food types: bar
Tags: Bistrot
Google summary: Colorful, unpretentious bistro whipping up regional classics, sandwiches & daily specials.
Google Maps: https://maps.google.com/?cid=8432549558822105511&g_mp=CiVnb29nbGUubWFwcy5wbGFjZXMudjEuUGxhY2VzLkdldFBsYWNlEAIYBCAA
Website: https://www.facebook.com/lepetitvendome/"
Le Petit Verdot,"75 Rue du Cherche-Midi, 75006 Paris, France",Paris,6e,,restaurant,,€€,4.7,228,48.847869,2.323569,https://maps.google.com/?cid=8948181745683820005&g_mp=CiVnb29nbGUubWFwcy5wbGFjZXMudjEuUGxhY2VzLkdldFBsYWNlEAIYBCAA,http://www.le-petit-verdot.com/,,"Type: French Restaurant
Arrondissement: 6e
Price: €€
Google: 4.7 (228 reviews)
Food types: restaurant
Tags: Frenchie, Restaurant
Google Maps: https://maps.google.com/?cid=8948181745683820005&g_mp=CiVnb29nbGUubWFwcy5wbGFjZXMudjEuUGxhY2VzLkdldFBsYWNlEAIYBCAA
Website: http://www.le-petit-verdot.com/"
Le Plomb du Cantal,"3 Rue de la Gaité, 75014 Paris, France",Paris,14e,,restaurant,,€€,4.3,6264,48.8407596,2.3245496,https://maps.google.com/?cid=3155056994160105464&g_mp=CiVnb29nbGUubWFwcy5wbGFjZXMudjEuUGxhY2VzLkdldFBsYWNlEAIYBCAA,http://www.leplombducantal.com/,,"Type: French Restaurant
Arrondissement: 14e
Price: €€
Google: 4.3 (6,264 reviews)
Food types: restaurant
Tags: Bistrot, Restaurant
Google summary: Lively bistro known for dairy-rich recipes & mountain wines from the rugged Auvergne countryside.
Google Maps: https://maps.google.com/?cid=3155056994160105464&g_mp=CiVnb29nbGUubWFwcy5wbGFjZXMudjEuUGxhY2VzLkdldFBsYWNlEAIYBCAA
Website: http://www.leplombducantal.com/"
Le Quincy,"28 Avenue Ledru-Rollin, 75012 Paris, France",Paris,12e,,restaurant,,,,,48.8470738,2.3701329,https://www.google.com/maps/search/?api=1&query=Le%20Quincy%2C%20Paris%2C%20France,http://www.lequincy.fr,,"Arrondissement: 12e
Food types: restaurant
Tags: Bistrot, Restaurant, ❤️
Google Maps: https://www.google.com/maps/search/?api=1&query=Le%20Quincy%2C%20Paris%2C%20France
Website: http://www.lequincy.fr"
Le Relais Plaza,"21 Avenue Montaigne, 75008 Paris, France",Paris,8e,,restaurant,,€€€€,4.3,527,48.8661319,2.3038703,https://maps.google.com/?cid=10211892911784827070&g_mp=CiVnb29nbGUubWFwcy5wbGFjZXMudjEuUGxhY2VzLkdldFBsYWNlEAIYBCAA,https://www.dorchestercollection.com/en/paris/hotel-plaza-athenee/restaurants-bars/le-relais-plaza/,https://thefork.fr/restaurant/relais-plaza-hotel-plaza-athenee-r708537/?cc=24751-923,"Type: Restaurant
Arrondissement: 8e
Price: €€€€
Google: 4.3 (527 reviews)
Food types: restaurant
Tags: Gastro / higher end
Google summary: Gourmet takes on brasserie classics presented in a posh environment with art deco styling.
Google Maps: https://maps.google.com/?cid=10211892911784827070&g_mp=CiVnb29nbGUubWFwcy5wbGFjZXMudjEuUGxhY2VzLkdldFBsYWNlEAIYBCAA
Website: https://www.dorchestercollection.com/en/paris/hotel-plaza-athenee/restaurants-bars/le-relais-plaza/
Booking: https://thefork.fr/restaurant/relais-plaza-hotel-plaza-athenee-r708537/?cc=24751-923"
Le Roi du Pot au Feu,"34 Rue Vignon, 75009 Paris, France",Paris,9e,,restaurant,,,,,48.8721493,2.3266434,https://www.google.com/maps/search/?api=1&query=Le%20Roi%20du%20Pot%20au%20Feu%2C%20Paris%2C%20France,https://www.facebook.com/pages/le-roi-du-pot-au-feu/104311942972928,,"Arrondissement: 9e
Food types: restaurant
Tags: Frenchie, Restaurant, Bistrot
Google Maps: https://www.google.com/maps/search/?api=1&query=Le%20Roi%20du%20Pot%20au%20Feu%2C%20Paris%2C%20France
Website: https://www.facebook.com/pages/le-roi-du-pot-au-feu/104311942972928"
Le Rouquet,"Boulevard Saint-Germain, Paris, France",Paris,,,restaurant,,€€€,2.9,501,48.8546643,2.3304213,https://maps.google.com/?cid=8978704800617157836&g_mp=CiVnb29nbGUubWFwcy5wbGFjZXMudjEuUGxhY2VzLkdldFBsYWNlEAIYBCAA,https://lor.paris/p/le-rouquet-paris/accueil,,"Type: Restaurant
Price: €€€
Google: 2.9 (501 reviews)
Food types: restaurant
Tags: Bar, Bistrot
Google Maps: https://maps.google.com/?cid=8978704800617157836&g_mp=CiVnb29nbGUubWFwcy5wbGFjZXMudjEuUGxhY2VzLkdldFBsYWNlEAIYBCAA
Website: https://lor.paris/p/le-rouquet-paris/accueil"
Le Rubis,"10 Rue du Marché Saint-Honoré, 75001 Paris, France",Paris,1er,,"bar, restaurant",,€€,4.4,721,48.8662382,2.3313684,https://maps.google.com/?cid=18273164744386044605&g_mp=CiVnb29nbGUubWFwcy5wbGFjZXMudjEuUGxhY2VzLkdldFBsYWNlEAIYBCAA,https://www.facebook.com/Le-Rubis-964093417031887/,,"Type: Bistro
Arrondissement: 1er
Price: €€
Google: 4.4 (721 reviews)
Food types: bar, restaurant
Tags: bootstrap, wine-bar, Bistrot, Cafe
Google Maps: https://maps.google.com/?cid=18273164744386044605&g_mp=CiVnb29nbGUubWFwcy5wbGFjZXMudjEuUGxhY2VzLkdldFBsYWNlEAIYBCAA
Website: https://www.facebook.com/Le-Rubis-964093417031887/"
Le Récamier,"4 Rue Récamier, 75007 Paris, France",Paris,7e,,restaurant,,€€€,4.5,4187,48.852203,2.328119,https://maps.google.com/?cid=7173841611168196839&g_mp=CiVnb29nbGUubWFwcy5wbGFjZXMudjEuUGxhY2VzLkdldFBsYWNlEAIYBCAA,http://lerecamier.com/,https://bookings.zenchef.com/results?rid=349893&fullscreen=1&mini=0&pid=mapstr&primaryColor=FFC222&type=web,"Type: French Restaurant
Arrondissement: 7e
Price: €€€
Google: 4.5 (4,187 reviews)
Food types: restaurant
Tags: Frenchie
Google summary: Famed savory & sweet soufflés, plus classic French food, at an elegant, literary-themed venue.
Google Maps: https://maps.google.com/?cid=7173841611168196839&g_mp=CiVnb29nbGUubWFwcy5wbGFjZXMudjEuUGxhY2VzLkdldFBsYWNlEAIYBCAA
Website: http://lerecamier.com/
Booking: https://bookings.zenchef.com/results?rid=349893&fullscreen=1&mini=0&pid=mapstr&primaryColor=FFC222&type=web"
Le Sand,"Rue Rouget de Lisle, Paris, France",Paris,,,restaurant,,,4.4,133,48.8661767,2.3263406,https://maps.google.com/?cid=4221179675037965680&g_mp=CiVnb29nbGUubWFwcy5wbGFjZXMudjEuUGxhY2VzLkdldFBsYWNlEAIYBCAA,https://www.lesand-paris.com/,https://thefork.fr/restaurant/le-sand-paris-r843266/?cc=24751-923,"Type: French Restaurant
Google: 4.4 (133 reviews)
Food types: restaurant
Tags: Restaurant
Google Maps: https://maps.google.com/?cid=4221179675037965680&g_mp=CiVnb29nbGUubWFwcy5wbGFjZXMudjEuUGxhY2VzLkdldFBsYWNlEAIYBCAA
Website: https://www.lesand-paris.com/
Booking: https://thefork.fr/restaurant/le-sand-paris-r843266/?cc=24751-923"
Le Servan,"32 Rue Saint-Maur, 75011 Paris, France",Paris,11e,,restaurant,,€€€,4.5,1093,48.86101559999999,2.3814506,https://maps.google.com/?cid=9530374725574136956&g_mp=CiVnb29nbGUubWFwcy5wbGFjZXMudjEuUGxhY2VzLkdldFBsYWNlEAIYBCAA,https://leservan.fr/,https://thefork.fr/restaurant/sensation-r831294/?cc=24751-923,"Type: Bistro
Arrondissement: 11e
Price: €€€
Google: 4.5 (1,093 reviews)
Food types: restaurant
Tags: Restaurant, Trendy, ❤️
Google summary: French-Asian dishes like blood sausage wontons & ginger pork belly, in a space with a vintage vibe.
Google Maps: https://maps.google.com/?cid=9530374725574136956&g_mp=CiVnb29nbGUubWFwcy5wbGFjZXMudjEuUGxhY2VzLkdldFBsYWNlEAIYBCAA
Website: https://leservan.fr/
Booking: https://thefork.fr/restaurant/sensation-r831294/?cc=24751-923"
Le Soufflé,"36 Rue du Mont Thabor, 75001 Paris, France",Paris,1er,,restaurant,,€€,4.7,4236,48.8664672,2.3264267,https://maps.google.com/?cid=17259246465247453084&g_mp=CiVnb29nbGUubWFwcy5wbGFjZXMudjEuUGxhY2VzLkdldFBsYWNlEAIYBCAA,http://www.lesouffle.fr/,https://bookings.zenchef.com/results?rid=361852&fullscreen=1&mini=0&pid=mapstr&primaryColor=FFC222&type=web,"Type: French Restaurant
Arrondissement: 1er
Price: €€
Google: 4.7 (4,236 reviews)
Food types: restaurant
Tags: Frenchie, Restaurant, Bistrot
Google summary: Sweet & savory soufflés with flavors like beef bourguignon & hazelnut, served in a tidy dining room.
Google Maps: https://maps.google.com/?cid=17259246465247453084&g_mp=CiVnb29nbGUubWFwcy5wbGFjZXMudjEuUGxhY2VzLkdldFBsYWNlEAIYBCAA
Website: http://www.lesouffle.fr/
Booking: https://bookings.zenchef.com/results?rid=361852&fullscreen=1&mini=0&pid=mapstr&primaryColor=FFC222&type=web"
Le Square Trousseau,"1 Rue Antoine Vollon, 75012 Paris, France",Paris,12e,,restaurant,,€€€,4,620,48.85021459999999,2.376449,https://maps.google.com/?cid=16920901166049746526&g_mp=CiVnb29nbGUubWFwcy5wbGFjZXMudjEuUGxhY2VzLkdldFBsYWNlEAIYBCAA,http://www.squaretrousseau.com/,,"Type: French Restaurant
Arrondissement: 12e
Price: €€€
Google: 4.0 (620 reviews)
Food types: restaurant
Tags: Frenchie, Restaurant
Google summary: Light-filled bistro with period features offering an all-day menu of traditional cuisine.
Google Maps: https://maps.google.com/?cid=16920901166049746526&g_mp=CiVnb29nbGUubWFwcy5wbGFjZXMudjEuUGxhY2VzLkdldFBsYWNlEAIYBCAA
Website: http://www.squaretrousseau.com/"
Le Vieux Crapaud,"16 Rue Lauriston, 75116 Paris, France",Paris,16e,,restaurant,,€€,4.5,393,48.8718386,2.2924522,https://maps.google.com/?cid=9338349377463934498&g_mp=CiVnb29nbGUubWFwcy5wbGFjZXMudjEuUGxhY2VzLkdldFBsYWNlEAIYBCAA,https://www.facebook.com/levieuxcrapaud/,https://bookings.zenchef.com/results?rid=377781&fullscreen=1&mini=0&pid=mapstr&primaryColor=FFC222&type=web,"Type: French Restaurant
Arrondissement: 16e
Price: €€
Google: 4.5 (393 reviews)
Food types: restaurant
Tags: Bistrot
Google Maps: https://maps.google.com/?cid=9338349377463934498&g_mp=CiVnb29nbGUubWFwcy5wbGFjZXMudjEuUGxhY2VzLkdldFBsYWNlEAIYBCAA
Website: https://www.facebook.com/levieuxcrapaud/
Booking: https://bookings.zenchef.com/results?rid=377781&fullscreen=1&mini=0&pid=mapstr&primaryColor=FFC222&type=web"
Le Voltaire - Restaurant et Brasserie Haut de Gamme,"Quai Voltaire, Paris, France",Paris,,,restaurant,,€€€€,4.3,522,48.85913249999999,2.330200899999999,https://maps.google.com/?cid=10508836296204151837&g_mp=CiVnb29nbGUubWFwcy5wbGFjZXMudjEuUGxhY2VzLkdldFBsYWNlEAIYBCAA,http://www.facebook.com/pages/Restaurant-Le-Voltaire/103437023055736,https://ib.guestonline.fr/instabook/bookings/8313/zB1TF8d,"Type: French Restaurant
Price: €€€€
Google: 4.3 (522 reviews)
Food types: restaurant
Tags: Bistrot, Gastro / higher end, Restaurant
Google summary: Traditional French cuisine served in a refined space with dark-wood paneling, or at terrace tables.
Google Maps: https://maps.google.com/?cid=10508836296204151837&g_mp=CiVnb29nbGUubWFwcy5wbGFjZXMudjEuUGxhY2VzLkdldFBsYWNlEAIYBCAA
Website: http://www.facebook.com/pages/Restaurant-Le-Voltaire/103437023055736
Booking: https://ib.guestonline.fr/instabook/bookings/8313/zB1TF8d"
Les Fous de l'Ile,"33 Rue des Deux Ponts, 75004 Paris, France",Paris,4e,,bar,,€€,4.4,1809,48.8518414,2.3565519,https://maps.google.com/?cid=15195169802769798841&g_mp=CiVnb29nbGUubWFwcy5wbGFjZXMudjEuUGxhY2VzLkdldFBsYWNlEAIYBCAA,http://www.lesfousdelile.com/,https://thefork.fr/restaurant/les-fous-de-l-ile-r824747/?cc=24751-923,"Type: French Restaurant
Arrondissement: 4e
Price: €€
Google: 4.4 (1,809 reviews)
Food types: bar
Tags: Bistrot, Restaurant
Google summary: Traditional cuisine in a relaxed, modern bistro decorated with chicken-related images & objects.
Google Maps: https://maps.google.com/?cid=15195169802769798841&g_mp=CiVnb29nbGUubWFwcy5wbGFjZXMudjEuUGxhY2VzLkdldFBsYWNlEAIYBCAA
Website: http://www.lesfousdelile.com/
Booking: https://thefork.fr/restaurant/les-fous-de-l-ile-r824747/?cc=24751-923"
Les Ptits Gros,"27 Av. Trudaine, 75009 Paris, France",Paris,9e,,restaurant,,€€,4.4,1067,48.8811753,2.343376,https://maps.google.com/?cid=9726893426749344995&g_mp=CiVnb29nbGUubWFwcy5wbGFjZXMudjEuUGxhY2VzLkdldFBsYWNlEAIYBCAA,https://www.lesptitsgros.com/,https://bookings.zenchef.com/results?rid=375226&fullscreen=1&mini=0&pid=mapstr&primaryColor=FFC222&type=web,"Type: French Restaurant
Arrondissement: 9e
Price: €€
Google: 4.4 (1,067 reviews)
Food types: restaurant
Tags: Bar
Google Maps: https://maps.google.com/?cid=9726893426749344995&g_mp=CiVnb29nbGUubWFwcy5wbGFjZXMudjEuUGxhY2VzLkdldFBsYWNlEAIYBCAA
Website: https://www.lesptitsgros.com/
Booking: https://bookings.zenchef.com/results?rid=375226&fullscreen=1&mini=0&pid=mapstr&primaryColor=FFC222&type=web"
Les Pères PoPulaires,"46 Rue de Buzenval, 75020 Paris, France",Paris,20e,,restaurant,,,,,48.8511345,2.4018248,https://www.google.com/maps/search/?api=1&query=Les%20P%C3%A8res%20PoPulaires%2C%20Paris%2C%20France,,,"Arrondissement: 20e
Food types: restaurant
Tags: Frenchie, Restaurant, Bistrot
Google Maps: https://www.google.com/maps/search/?api=1&query=Les%20P%C3%A8res%20PoPulaires%2C%20Paris%2C%20France"
Lissit,"48 Rue de la Folie Méricourt, 75011 Paris, France",Paris,11e,,restaurant,,,4.9,265,48.8638416,2.3721689,https://maps.google.com/?cid=16989440043625837637&g_mp=CiVnb29nbGUubWFwcy5wbGFjZXMudjEuUGxhY2VzLkdldFBsYWNlEAIYBCAA,https://www.barlissit.com/,https://bookings.zenchef.com/results?rid=374609&fullscreen=1&mini=0&pid=mapstr&primaryColor=FFC222&type=web,"Type: French Restaurant
Arrondissement: 11e
Google: 4.9 (265 reviews)
Food types: restaurant
Tags: Bistrot, Restaurant, Trendy, ❤️
Google Maps: https://maps.google.com/?cid=16989440043625837637&g_mp=CiVnb29nbGUubWFwcy5wbGFjZXMudjEuUGxhY2VzLkdldFBsYWNlEAIYBCAA
Website: https://www.barlissit.com/
Booking: https://bookings.zenchef.com/results?rid=374609&fullscreen=1&mini=0&pid=mapstr&primaryColor=FFC222&type=web"
L’Auberge Aveyronnaise,"40 Rue Gabriel Lamé, 75012 Paris, France",Paris,12e,,restaurant,,€€,4.5,4660,48.8348088,2.3862469,https://maps.google.com/?cid=17623375295315507893&g_mp=CiVnb29nbGUubWFwcy5wbGFjZXMudjEuUGxhY2VzLkdldFBsYWNlEAIYBCAA,http://auberge-aveyronnaise.paris/,,"Type: French Restaurant
Arrondissement: 12e
Price: €€
Google: 4.5 (4,660 reviews)
Food types: restaurant
Tags: Bistrot, Restaurant
Google summary: Classic regional French fare, plus cheeses & wines, in a longstanding, traditional restaurant.
Google Maps: https://maps.google.com/?cid=17623375295315507893&g_mp=CiVnb29nbGUubWFwcy5wbGFjZXMudjEuUGxhY2VzLkdldFBsYWNlEAIYBCAA
Website: http://auberge-aveyronnaise.paris/"
L’italien de La Belle Époque,"36 Rue des Petits Champs, 75002 Paris, France",Paris,2e,,restaurant,,€€,3.7,1033,48.86678695678711,2.336488008499146,https://maps.google.com/?cid=17132008827808969732&g_mp=CiVnb29nbGUubWFwcy5wbGFjZXMudjEuUGxhY2VzLkdldFBsYWNlEAIYBCAA,https://www.restaurantmer-coquillageparis.com/,https://bookings.zenchef.com/results?rid=358500&fullscreen=1&mini=0&pid=mapstr&primaryColor=FFC222&type=web,"Type: Restaurant
Arrondissement: 2e
Price: €€
Google: 3.7 (1,033 reviews)
Food types: restaurant
Tags: Restaurant, Italian
Google summary: Traditional brasserie serving meat & fish dishes in a 1920s-style dining room or at sidewalk tables.
Google Maps: https://maps.google.com/?cid=17132008827808969732&g_mp=CiVnb29nbGUubWFwcy5wbGFjZXMudjEuUGxhY2VzLkdldFBsYWNlEAIYBCAA
Website: https://www.restaurantmer-coquillageparis.com/
Booking: https://bookings.zenchef.com/results?rid=358500&fullscreen=1&mini=0&pid=mapstr&primaryColor=FFC222&type=web"
MORI YOSHIDA,"65 Avenue de Breteuil, 75007 Paris, France",Paris,7e,,restaurant,,,,,48.84797929999999,2.3122056,https://www.google.com/maps/search/?api=1&query=MORI%20YOSHIDA%2C%20Paris%2C%20France,http://www.moriyoshida.fr/,,"Arrondissement: 7e
Food types: restaurant
Tags: Frenchie, Japanese, Pastry
Google Maps: https://www.google.com/maps/search/?api=1&query=MORI%20YOSHIDA%2C%20Paris%2C%20France
Website: http://www.moriyoshida.fr/"
Magma,"9 Rue Jean-Pierre Timbaud, 75011 Paris, France",Paris,11e,,restaurant,,,4.6,687,48.8651114,2.3672331,https://maps.google.com/?cid=12616132024001628538&g_mp=CiVnb29nbGUubWFwcy5wbGFjZXMudjEuUGxhY2VzLkdldFBsYWNlEAIYBCAA,,https://thefork.fr/restaurant/restaurant-magma-r821430/?cc=24751-923,"Type: French Restaurant
Arrondissement: 11e
Google: 4.6 (687 reviews)
Food types: restaurant
Tags: Frenchie, Restaurant
Google Maps: https://maps.google.com/?cid=12616132024001628538&g_mp=CiVnb29nbGUubWFwcy5wbGFjZXMudjEuUGxhY2VzLkdldFBsYWNlEAIYBCAA
Booking: https://thefork.fr/restaurant/restaurant-magma-r821430/?cc=24751-923"
Maison Baroche,"18 Rue Cadet, 75009 Paris, France",Paris,9e,,restaurant,,,4.5,60,48.8754593,2.3434249,https://maps.google.com/?cid=18236696355883521180&g_mp=CiVnb29nbGUubWFwcy5wbGFjZXMudjEuUGxhY2VzLkdldFBsYWNlEAIYBCAA,https://maisonbaroche.fr/,,"Type: Grocery Store
Arrondissement: 9e
Google: 4.5 (60 reviews)
Food types: restaurant
Tags: Frenchie
Google Maps: https://maps.google.com/?cid=18236696355883521180&g_mp=CiVnb29nbGUubWFwcy5wbGFjZXMudjEuUGxhY2VzLkdldFBsYWNlEAIYBCAA
Website: https://maisonbaroche.fr/"
Margaux,"10 Av. de New York, 75116 Paris, France",Paris,16e,,restaurant,,,4.7,1502,48.8641264,2.2989862,https://maps.google.com/?cid=13452062831568045297&g_mp=CiVnb29nbGUubWFwcy5wbGFjZXMudjEuUGxhY2VzLkdldFBsYWNlEAIYBCAA,https://www.restaurantmargaux.com/,https://thefork.fr/restaurant/margaux-r835079/?cc=24751-923,"Type: French Restaurant
Arrondissement: 16e
Google: 4.7 (1,502 reviews)
Food types: restaurant
Tags: Frenchie, Restaurant
Google Maps: https://maps.google.com/?cid=13452062831568045297&g_mp=CiVnb29nbGUubWFwcy5wbGFjZXMudjEuUGxhY2VzLkdldFBsYWNlEAIYBCAA
Website: https://www.restaurantmargaux.com/
Booking: https://thefork.fr/restaurant/margaux-r835079/?cc=24751-923"
Martin,"24 Boulevard du Temple, 75011 Paris, France",Paris,11e,,bar,,,,,48.864849,2.365981,https://www.google.com/maps/search/?api=1&query=Martin%2C%20Paris%2C%20France,http://bar-martin.fr/,,"Arrondissement: 11e
Food types: bar
Tags: Frenchie, Restaurant
Google Maps: https://www.google.com/maps/search/?api=1&query=Martin%2C%20Paris%2C%20France
Website: http://bar-martin.fr/"
"Mille & Un (Boulangerie, Pâtisserie, Salon de Thé)","32 Rue Saint-Placide, 75006 Paris, France",Paris,6e,,restaurant,,,4.5,1404,48.84865970000001,2.325478,https://maps.google.com/?cid=7890592480825157891&g_mp=CiVnb29nbGUubWFwcy5wbGFjZXMudjEuUGxhY2VzLkdldFBsYWNlEAIYBCAA,,,"Type: Bakery
Arrondissement: 6e
Google: 4.5 (1,404 reviews)
Food types: restaurant
Tags: Bakery, Korean
Google summary: Informal French-Korean bakery with outdoor tables showcasing creative pastries & cakes, plus bingsu.
Google Maps: https://maps.google.com/?cid=7890592480825157891&g_mp=CiVnb29nbGUubWFwcy5wbGFjZXMudjEuUGxhY2VzLkdldFBsYWNlEAIYBCAA"
Mr.T,"38 Rue de Saintonge, 75003 Paris, France",Paris,3e,,restaurant,,,,,48.8626707,2.36368,https://www.google.com/maps/search/?api=1&query=Mr.T%2C%20Paris%2C%20France,http://www.mrt-restaurant.fr/,https://bookings.zenchef.com/results?rid=351813&fullscreen=1&mini=0&pid=mapstr&primaryColor=FFC222&type=web,"Arrondissement: 3e
Food types: restaurant
Tags: Frenchie, Asian, Mexican, ❤️, Trendy
Google Maps: https://www.google.com/maps/search/?api=1&query=Mr.T%2C%20Paris%2C%20France
Website: http://www.mrt-restaurant.fr/
Booking: https://bookings.zenchef.com/results?rid=351813&fullscreen=1&mini=0&pid=mapstr&primaryColor=FFC222&type=web"
Parcelles,"13 Rue Chapon, 75003 Paris, France",Paris,3e,,restaurant,,,4.5,477,48.8630868,2.3565614,https://maps.google.com/?cid=12086924999685936275&g_mp=CiVnb29nbGUubWFwcy5wbGFjZXMudjEuUGxhY2VzLkdldFBsYWNlEAIYBCAA,https://www.parcelles-paris.fr/,,"Type: French Restaurant
Arrondissement: 3e
Google: 4.5 (477 reviews)
Food types: restaurant
Tags: Restaurant
Google Maps: https://maps.google.com/?cid=12086924999685936275&g_mp=CiVnb29nbGUubWFwcy5wbGFjZXMudjEuUGxhY2VzLkdldFBsYWNlEAIYBCAA
Website: https://www.parcelles-paris.fr/"
Passage 53,"53 Passage des Panoramas, 75002 Paris, France",Paris,2e,,restaurant,,,,,48.87117199999999,2.341695,https://www.google.com/maps/search/?api=1&query=Passage%2053%2C%20Paris%2C%20France,http://www.latabledu53.com/,,"Arrondissement: 2e
Food types: restaurant
Tags: Frenchie, Restaurant, Gastro / higher end
Google Maps: https://www.google.com/maps/search/?api=1&query=Passage%2053%2C%20Paris%2C%20France
Website: http://www.latabledu53.com/"
Patine Bistrot,"16 Rue la Vacquerie, 75011 Paris, France",Paris,11e,,restaurant,,,4.9,109,48.8583587,2.3849892,https://maps.google.com/?cid=4321861797129807666&g_mp=CiVnb29nbGUubWFwcy5wbGFjZXMudjEuUGxhY2VzLkdldFBsYWNlEAIYBCAA,https://www.patine-bistrot.fr/,,"Type: French Restaurant
Arrondissement: 11e
Google: 4.9 (109 reviews)
Food types: restaurant
Tags: ❤️, Frenchie, Restaurant
Google Maps: https://maps.google.com/?cid=4321861797129807666&g_mp=CiVnb29nbGUubWFwcy5wbGFjZXMudjEuUGxhY2VzLkdldFBsYWNlEAIYBCAA
Website: https://www.patine-bistrot.fr/"
Patsy,"26 Rue Bergère, 75009 Paris, France",Paris,9e,,restaurant,,,4.9,161,48.8725168,2.3446353,https://maps.google.com/?cid=13453863671297659258&g_mp=CiVnb29nbGUubWFwcy5wbGFjZXMudjEuUGxhY2VzLkdldFBsYWNlEAIYBCAA,https://restaurant-patsy.com/,,"Type: Restaurant
Arrondissement: 9e
Google: 4.9 (161 reviews)
Food types: restaurant
Tags: ❤️, Bistrot, Trendy, Restaurant
Google Maps: https://maps.google.com/?cid=13453863671297659258&g_mp=CiVnb29nbGUubWFwcy5wbGFjZXMudjEuUGxhY2VzLkdldFBsYWNlEAIYBCAA
Website: https://restaurant-patsy.com/"
Paul Chêne,"123 Rue Lauriston, 75116 Paris, France",Paris,16e,,restaurant,,€€,4.5,674,48.8657376,2.285838,https://maps.google.com/?cid=16760174407518908822&g_mp=CiVnb29nbGUubWFwcy5wbGFjZXMudjEuUGxhY2VzLkdldFBsYWNlEAIYBCAA,http://www.paulchene.com/,https://bookings.zenchef.com/results?rid=360248&fullscreen=1&mini=0&pid=mapstr&primaryColor=FFC222&type=web,"Type: French Restaurant
Arrondissement: 16e
Price: €€
Google: 4.5 (674 reviews)
Food types: restaurant
Tags: Frenchie, Restaurant, Bistrot
Google summary: Bistro classics with a modern twist, plus cognac & fine wines, at a neighborhood institution.
Google Maps: https://maps.google.com/?cid=16760174407518908822&g_mp=CiVnb29nbGUubWFwcy5wbGFjZXMudjEuUGxhY2VzLkdldFBsYWNlEAIYBCAA
Website: http://www.paulchene.com/
Booking: https://bookings.zenchef.com/results?rid=360248&fullscreen=1&mini=0&pid=mapstr&primaryColor=FFC222&type=web"
Paul Chêne Cherche Midi,"79 Rue du Cherche-Midi, 75006 Paris, France",Paris,6e,,restaurant,,€€,4.4,162,48.84772880000001,2.323308,https://maps.google.com/?cid=5627152388365986600&g_mp=CiVnb29nbGUubWFwcy5wbGFjZXMudjEuUGxhY2VzLkdldFBsYWNlEAIYBCAA,http://paulchene-cherchemidi.fr/,https://bookings.zenchef.com/results?rid=361192&fullscreen=1&mini=0&pid=mapstr&primaryColor=FFC222&type=web,"Type: French Restaurant
Arrondissement: 6e
Price: €€
Google: 4.4 (162 reviews)
Food types: restaurant
Tags: Restaurant, Bistrot
Google Maps: https://maps.google.com/?cid=5627152388365986600&g_mp=CiVnb29nbGUubWFwcy5wbGFjZXMudjEuUGxhY2VzLkdldFBsYWNlEAIYBCAA
Website: http://paulchene-cherchemidi.fr/
Booking: https://bookings.zenchef.com/results?rid=361192&fullscreen=1&mini=0&pid=mapstr&primaryColor=FFC222&type=web"
Pedzouille L'étable,"66 Rue du Faubourg Poissonnière, 75010 Paris, France",Paris,10e,,restaurant,,,,,48.87613,2.3485288,https://www.google.com/maps/search/?api=1&query=Pedzouille%20L'%C3%A9table%2C%20Paris%2C%20France,http://www.pedzouille.fr/,https://bookings.zenchef.com/results?rid=356311&fullscreen=1&mini=0&pid=mapstr&primaryColor=FFC222&type=web,"Arrondissement: 10e
Food types: restaurant
Tags: Frenchie, Restaurant, Meat
Google Maps: https://www.google.com/maps/search/?api=1&query=Pedzouille%20L'%C3%A9table%2C%20Paris%2C%20France
Website: http://www.pedzouille.fr/
Booking: https://bookings.zenchef.com/results?rid=356311&fullscreen=1&mini=0&pid=mapstr&primaryColor=FFC222&type=web"
Pierro par Pierre Gagnaire,"44 Rue du Bac, 75007 Paris, France",Paris,7e,,restaurant,,,4.4,263,48.8566934,2.3267091,https://maps.google.com/?cid=4430642939950905436&g_mp=CiVnb29nbGUubWFwcy5wbGFjZXMudjEuUGxhY2VzLkdldFBsYWNlEAIYBCAA,https://www.pierregagnaire.com/restaurants/piero-paris,https://thefork.fr/restaurant/piero-tt-r658801/?cc=24751-923,"Type: Restaurant
Arrondissement: 7e
Google: 4.4 (263 reviews)
Food types: restaurant
Tags: Italian, Restaurant
Google summary: Warm, upscale bistro with marble tables featuring northern Italian cuisine by an acclaimed chef.
Google Maps: https://maps.google.com/?cid=4430642939950905436&g_mp=CiVnb29nbGUubWFwcy5wbGFjZXMudjEuUGxhY2VzLkdldFBsYWNlEAIYBCAA
Website: https://www.pierregagnaire.com/restaurants/piero-paris
Booking: https://thefork.fr/restaurant/piero-tt-r658801/?cc=24751-923"
Pottoka,"4 Rue de l'Exposition, 75007 Paris, France",Paris,7e,,restaurant,,,,,48.8581265,2.302567799999999,https://www.google.com/maps/search/?api=1&query=Pottoka%2C%20Paris%2C%20France,http://www.pottoka.fr/,https://pottoka.fr/carte-pottoka/Menu-pottoka-fr.pdf,"Arrondissement: 7e
Food types: restaurant
Tags: Frenchie, Restaurant
Google Maps: https://www.google.com/maps/search/?api=1&query=Pottoka%2C%20Paris%2C%20France
Website: http://www.pottoka.fr/
Booking: https://pottoka.fr/carte-pottoka/Menu-pottoka-fr.pdf"
Pouliche - Amandine Chaignot,"11 Rue d'Enghien, 75010 Paris, France",Paris,10e,,restaurant,,€€€,4.6,2726,48.8719347,2.3513538,https://maps.google.com/?cid=14974205681606584309&g_mp=CiVnb29nbGUubWFwcy5wbGFjZXMudjEuUGxhY2VzLkdldFBsYWNlEAIYBCAA,https://poulicheparis.com/,https://bookings.zenchef.com/results?rid=353381&prescriber_id=20117&prescriber_name=MAPSTR&pid=mapstr,"Type: French Restaurant
Arrondissement: 10e
Price: €€€
Google: 4.6 (2,726 reviews)
Food types: restaurant
Tags: Restaurant, Healthy, Vegetarian
Google summary: A thoughtfully sourced fixed-price menu is served with cocktails & wine at this chic, artful bistro.
Google Maps: https://maps.google.com/?cid=14974205681606584309&g_mp=CiVnb29nbGUubWFwcy5wbGFjZXMudjEuUGxhY2VzLkdldFBsYWNlEAIYBCAA
Website: https://poulicheparis.com/
Booking: https://bookings.zenchef.com/results?rid=353381&prescriber_id=20117&prescriber_name=MAPSTR&pid=mapstr"
Quinsou,"33 Rue de l'Abbé Grégoire, 75006 Paris, France",Paris,6e,,restaurant,,€€€€,4.4,412,48.8476946,2.3254803,https://maps.google.com/?cid=17673559145921728318&g_mp=CiVnb29nbGUubWFwcy5wbGFjZXMudjEuUGxhY2VzLkdldFBsYWNlEAIYBCAA,https://quinsou.business.site/,https://thefork.fr/restaurant/quinsou-r824305/?cc=24751-923,"Type: Fine Dining Restaurant
Arrondissement: 6e
Price: €€€€
Google: 4.4 (412 reviews)
Food types: restaurant
Tags: Frenchie, Restaurant, Gastro / higher end
Google summary: Innovative, artfully presented French-inspired dishes with wine pairings in a stylish setting.
Google Maps: https://maps.google.com/?cid=17673559145921728318&g_mp=CiVnb29nbGUubWFwcy5wbGFjZXMudjEuUGxhY2VzLkdldFBsYWNlEAIYBCAA
Website: https://quinsou.business.site/
Booking: https://thefork.fr/restaurant/quinsou-r824305/?cc=24751-923"
Racines,"8 Passage des Panoramas, 75002 Paris, France",Paris,2e,,restaurant,,,,,48.87125160000001,2.3418543,https://www.google.com/maps/search/?api=1&query=Racines%2C%20Paris%2C%20France,http://www.racinesparis.com/,https://racines.superbexperience.com/reserve/experience,"Arrondissement: 2e
Food types: restaurant
Tags: Frenchie, Restaurant, ❤️, Trendy
Google Maps: https://www.google.com/maps/search/?api=1&query=Racines%2C%20Paris%2C%20France
Website: http://www.racinesparis.com/
Booking: https://racines.superbexperience.com/reserve/experience"
Racines Des Prés,"1 Rue de Gribeauval, 75007 Paris, France",Paris,7e,,restaurant,,€€,4.6,405,48.8561191,2.3270644,https://maps.google.com/?cid=12221058701971630718&g_mp=CiVnb29nbGUubWFwcy5wbGFjZXMudjEuUGxhY2VzLkdldFBsYWNlEAIYBCAA,http://www.racinesdespres.com/,https://bookings.zenchef.com/results?rid=353535&fullscreen=1&mini=0&pid=mapstr&primaryColor=FFC222&type=web,"Type: Restaurant
Arrondissement: 7e
Price: €€
Google: 4.6 (405 reviews)
Food types: restaurant
Tags: Restaurant, Bistrot
Google summary: Contemporary outfit with an open kitchen serving creatively presented seasonal cuisine.
Google Maps: https://maps.google.com/?cid=12221058701971630718&g_mp=CiVnb29nbGUubWFwcy5wbGFjZXMudjEuUGxhY2VzLkdldFBsYWNlEAIYBCAA
Website: http://www.racinesdespres.com/
Booking: https://bookings.zenchef.com/results?rid=353535&fullscreen=1&mini=0&pid=mapstr&primaryColor=FFC222&type=web"
Restaurant Alan Geaam,"19 Rue Lauriston, 75016 Paris, France",Paris,16e,,restaurant,,€€€€,4.8,1120,48.8714325,2.2924576,https://maps.google.com/?cid=13333900603047881157&g_mp=CiVnb29nbGUubWFwcy5wbGFjZXMudjEuUGxhY2VzLkdldFBsYWNlEAIYBCAA,http://www.alangeaam.fr/,https://bookings.zenchef.com/results?rid=374696&fullscreen=1&mini=0&pid=mapstr&primaryColor=FFC222&type=web,"Type: Fine Dining Restaurant
Arrondissement: 16e
Price: €€€€
Google: 4.8 (1,120 reviews)
Food types: restaurant
Tags: Gastro / higher end, Libanese
Google summary: Imaginative, Lebanese-inflected French cuisine, plus wine pairings, in a sleek, understated space.
Google Maps: https://maps.google.com/?cid=13333900603047881157&g_mp=CiVnb29nbGUubWFwcy5wbGFjZXMudjEuUGxhY2VzLkdldFBsYWNlEAIYBCAA
Website: http://www.alangeaam.fr/
Booking: https://bookings.zenchef.com/results?rid=374696&fullscreen=1&mini=0&pid=mapstr&primaryColor=FFC222&type=web"
Restaurant Biche,"129 Rue du Faubourg Saint-Honoré, 75008 Paris, France",Paris,8e,,restaurant,,,4.6,2226,48.87335,2.30925,https://maps.google.com/?cid=7871108702379607073&g_mp=CiVnb29nbGUubWFwcy5wbGFjZXMudjEuUGxhY2VzLkdldFBsYWNlEAIYBCAA,https://www.biche-restaurant.com/,,"Type: French Restaurant
Arrondissement: 8e
Google: 4.6 (2,226 reviews)
Food types: restaurant
Tags: Restaurant
Google Maps: https://maps.google.com/?cid=7871108702379607073&g_mp=CiVnb29nbGUubWFwcy5wbGFjZXMudjEuUGxhY2VzLkdldFBsYWNlEAIYBCAA
Website: https://www.biche-restaurant.com/"
Restaurant Cèna,"23 Rue Treilhard, 75008 Paris, France",Paris,8e,,restaurant,,,4.5,142,48.87671630000001,2.3131153,https://maps.google.com/?cid=13320545348417439297&g_mp=CiVnb29nbGUubWFwcy5wbGFjZXMudjEuUGxhY2VzLkdldFBsYWNlEAIYBCAA,https://www.cena.restaurant/,https://thefork.fr/restaurant/cena-r848950/?cc=24751-923,"Type: French Restaurant
Arrondissement: 8e
Google: 4.5 (142 reviews)
Food types: restaurant
Tags: Gastro / higher end, Restaurant
Google Maps: https://maps.google.com/?cid=13320545348417439297&g_mp=CiVnb29nbGUubWFwcy5wbGFjZXMudjEuUGxhY2VzLkdldFBsYWNlEAIYBCAA
Website: https://www.cena.restaurant/
Booking: https://thefork.fr/restaurant/cena-r848950/?cc=24751-923"
Restaurant Drouant,"16-18 Place Gaillon, Paris 75002",Paris,2e,,restaurant,,€€€,4.2,1334,48.8686426,2.3344382,https://maps.google.com/?cid=8674680426340803033&g_mp=CiVnb29nbGUubWFwcy5wbGFjZXMudjEuUGxhY2VzLkdldFBsYWNlEAIYBCAA,http://www.drouant.com/,https://thefork.fr/restaurant/drouant-r569553/?cc=24751-923,"Type: French Restaurant
Arrondissement: 2e
Price: €€€
Google: 4.2 (1,334 reviews)
Food types: restaurant
Tags: Bistrot, Gastro / higher end, Restaurant
Google summary: Art Deco French restaurant with famed staircase & lounges, for classic food with modern influences.
Google Maps: https://maps.google.com/?cid=8674680426340803033&g_mp=CiVnb29nbGUubWFwcy5wbGFjZXMudjEuUGxhY2VzLkdldFBsYWNlEAIYBCAA
Website: http://www.drouant.com/
Booking: https://thefork.fr/restaurant/drouant-r569553/?cc=24751-923"
Restaurant Kei,"5 Rue Coq Héron, 75001 Paris, France",Paris,1er,,restaurant,,€€€€,4.7,1227,48.8643574,2.3420781,https://maps.google.com/?cid=9257759260887336002&g_mp=CiVnb29nbGUubWFwcy5wbGFjZXMudjEuUGxhY2VzLkdldFBsYWNlEAIYBCAA,http://www.restaurant-kei.fr/,https://bookings.zenchef.com/results?rid=365417&fullscreen=1&mini=0&pid=mapstr&primaryColor=FFC222&type=web,"Type: French Restaurant
Arrondissement: 1er
Price: €€€€
Google: 4.7 (1,227 reviews)
Food types: restaurant
Tags: Restaurant, Gastro / higher end
Google summary: High-end venue for Japanese/French fusion, with an artfully presented tasting menu & European wines.
Google Maps: https://maps.google.com/?cid=9257759260887336002&g_mp=CiVnb29nbGUubWFwcy5wbGFjZXMudjEuUGxhY2VzLkdldFBsYWNlEAIYBCAA
Website: http://www.restaurant-kei.fr/
Booking: https://bookings.zenchef.com/results?rid=365417&fullscreen=1&mini=0&pid=mapstr&primaryColor=FFC222&type=web"
Restaurant La Scène - Stéphanie Le Quellec,"32 Av. Matignon, 75008 Paris, France",Paris,8e,,restaurant,,€€€€,4.7,1027,48.8719824,2.3144676,https://maps.google.com/?cid=6508746646158541023&g_mp=CiVnb29nbGUubWFwcy5wbGFjZXMudjEuUGxhY2VzLkdldFBsYWNlEAIYBCAA,https://www.la-scene.paris/,https://thefork.fr/restaurant/la-scene--r823229/?cc=24751-923,"Type: French Restaurant
Arrondissement: 8e
Price: €€€€
Google: 4.7 (1,027 reviews)
Food types: restaurant
Tags: Restaurant, Gastro / higher end
Google summary: Warm, stylish restaurant plating an acclaimed chef's refined, modern French fare & tasting menus.
Google Maps: https://maps.google.com/?cid=6508746646158541023&g_mp=CiVnb29nbGUubWFwcy5wbGFjZXMudjEuUGxhY2VzLkdldFBsYWNlEAIYBCAA
Website: https://www.la-scene.paris/
Booking: https://thefork.fr/restaurant/la-scene--r823229/?cc=24751-923"
Restaurant Lasserre,"17 Avenue Franklin Delano Roosevelt, 75008 Paris, France",Paris,8e,,restaurant,,€€€€,4.5,649,48.8663019,2.3097918,https://maps.google.com/?cid=14932709781497144347&g_mp=CiVnb29nbGUubWFwcy5wbGFjZXMudjEuUGxhY2VzLkdldFBsYWNlEAIYBCAA,http://www.restaurant-lasserre.com/,https://thefork.fr/restaurant/lasserre-r250/?cc=24751-923,"Type: French Restaurant
Arrondissement: 8e
Price: €€€€
Google: 4.5 (649 reviews)
Food types: restaurant
Tags: Restaurant, Gastro / higher end
Google summary: Refined takes on classic French fare, plus tasting menus & wine pairings, in an elegant space.
Google Maps: https://maps.google.com/?cid=14932709781497144347&g_mp=CiVnb29nbGUubWFwcy5wbGFjZXMudjEuUGxhY2VzLkdldFBsYWNlEAIYBCAA
Website: http://www.restaurant-lasserre.com/
Booking: https://thefork.fr/restaurant/lasserre-r250/?cc=24751-923"
Restaurant Montcalm,"21 Rue Montcalm, 75018 Paris, France",Paris,18e,,restaurant,,,,,48.89282780000001,2.3370904,https://www.google.com/maps/search/?api=1&query=Restaurant%20Montcalm%2C%20Paris%2C%20France,,https://bookings.zenchef.com/results?rid=379504&fullscreen=1&mini=0&pid=mapstr&primaryColor=FFC222&type=web,"Arrondissement: 18e
Food types: restaurant
Tags: Frenchie, Restaurant
Google Maps: https://www.google.com/maps/search/?api=1&query=Restaurant%20Montcalm%2C%20Paris%2C%20France
Booking: https://bookings.zenchef.com/results?rid=379504&fullscreen=1&mini=0&pid=mapstr&primaryColor=FFC222&type=web"
Restaurant Pages,"4 Rue Auguste Vacquerie, 75116 Paris, France",Paris,16e,,restaurant,,,,,48.8709266,2.2961591,https://www.google.com/maps/search/?api=1&query=Restaurant%20Pages%2C%20Paris%2C%20France,http://www.116pages.fr/,https://thefork.fr/restaurant/pages-r65716/?cc=24751-923,"Arrondissement: 16e
Food types: restaurant
Tags: Frenchie, Japanese, Restaurant
Google Maps: https://www.google.com/maps/search/?api=1&query=Restaurant%20Pages%2C%20Paris%2C%20France
Website: http://www.116pages.fr/
Booking: https://thefork.fr/restaurant/pages-r65716/?cc=24751-923"
Restaurant Panurge,"24 Rue du Sentier, 75002 Paris, France",Paris,2e,,restaurant,,,4.8,175,48.8696774,2.3463159,https://maps.google.com/?cid=69062231218686658&g_mp=CiVnb29nbGUubWFwcy5wbGFjZXMudjEuUGxhY2VzLkdldFBsYWNlEAIYBCAA,https://www.restaurant-panurge.com/,https://thefork.fr/restaurant/panurge-r854149/?cc=24751-923,"Type: French Restaurant
Arrondissement: 2e
Google: 4.8 (175 reviews)
Food types: restaurant
Tags: Frenchie
Google Maps: https://maps.google.com/?cid=69062231218686658&g_mp=CiVnb29nbGUubWFwcy5wbGFjZXMudjEuUGxhY2VzLkdldFBsYWNlEAIYBCAA
Website: https://www.restaurant-panurge.com/
Booking: https://thefork.fr/restaurant/panurge-r854149/?cc=24751-923"
Restaurant Plume,"24 Rue Pierre Leroux, 75007 Paris, France",Paris,7e,,restaurant,,,4.5,737,48.8487714,2.319201,https://maps.google.com/?cid=8312512234578341059&g_mp=CiVnb29nbGUubWFwcy5wbGFjZXMudjEuUGxhY2VzLkdldFBsYWNlEAIYBCAA,https://restaurant-plume.com/,https://bookings.zenchef.com/results?rid=374979&fullscreen=1&mini=0&pid=mapstr&primaryColor=FFC222&type=web,"Type: Restaurant
Arrondissement: 7e
Google: 4.5 (737 reviews)
Food types: restaurant
Tags: Restaurant, Gastro / higher end, Bistrot
Google summary: Fine dining in a trendy, airy locale with wood accents, geometric patterns & dangling Edison bulbs.
Google Maps: https://maps.google.com/?cid=8312512234578341059&g_mp=CiVnb29nbGUubWFwcy5wbGFjZXMudjEuUGxhY2VzLkdldFBsYWNlEAIYBCAA
Website: https://restaurant-plume.com/
Booking: https://bookings.zenchef.com/results?rid=374979&fullscreen=1&mini=0&pid=mapstr&primaryColor=FFC222&type=web"
Restaurant Quedubon,"22 Rue du Plateau, 75019 Paris, France",Paris,19e,,bar,,€€,4.6,516,48.878097,2.3843937,https://maps.google.com/?cid=9547065934567075187&g_mp=CiVnb29nbGUubWFwcy5wbGFjZXMudjEuUGxhY2VzLkdldFBsYWNlEAIYBCAA,http://www.restaurantquedubon.fr/fr,,"Type: French Restaurant
Arrondissement: 19e
Price: €€
Google: 4.6 (516 reviews)
Food types: bar
Tags: Bistrot, Restaurant
Google Maps: https://maps.google.com/?cid=9547065934567075187&g_mp=CiVnb29nbGUubWFwcy5wbGFjZXMudjEuUGxhY2VzLkdldFBsYWNlEAIYBCAA
Website: http://www.restaurantquedubon.fr/fr"
Restaurant Waknine Et Associes,"9 Avenue Pierre 1er de Serbie, 75116 Paris, France",Paris,16e,,restaurant,,,4.3,369,48.8655972,2.2953563,https://maps.google.com/?cid=8944917317209384110&g_mp=CiVnb29nbGUubWFwcy5wbGFjZXMudjEuUGxhY2VzLkdldFBsYWNlEAIYBCAA,http://www.waknine.fr/,https://bookings.zenchef.com/results?rid=379309&fullscreen=1&mini=0&pid=mapstr&primaryColor=FFC222&type=web,"Type: Restaurant
Arrondissement: 16e
Google: 4.3 (369 reviews)
Food types: restaurant
Tags: Bistrot
Google summary: Refined French cuisine with a global spin, plus aperitifs, in an elegant space or on a terrace.
Google Maps: https://maps.google.com/?cid=8944917317209384110&g_mp=CiVnb29nbGUubWFwcy5wbGFjZXMudjEuUGxhY2VzLkdldFBsYWNlEAIYBCAA
Website: http://www.waknine.fr/
Booking: https://bookings.zenchef.com/results?rid=379309&fullscreen=1&mini=0&pid=mapstr&primaryColor=FFC222&type=web"
Restaurant Willette Café Troquet,"21 Rue de Trévise, 75009 Paris, France",Paris,9e,,"restaurant, cafe, bar",,,4.8,356,48.8738966,2.3452161,https://maps.google.com/?cid=2916336383746478039&g_mp=CiVnb29nbGUubWFwcy5wbGFjZXMudjEuUGxhY2VzLkdldFBsYWNlEAIYBCAA,https://www.facebook.com/Willette-caf%C3%A9-troquet-325510518140371/,https://thefork.fr/restaurant/willette-r565193/?cc=24751-923,"Type: French Restaurant
Arrondissement: 9e
Google: 4.8 (356 reviews)
Food types: restaurant, cafe, bar
Tags: bootstrap, cafe, Bistrot
Google Maps: https://maps.google.com/?cid=2916336383746478039&g_mp=CiVnb29nbGUubWFwcy5wbGFjZXMudjEuUGxhY2VzLkdldFBsYWNlEAIYBCAA
Website: https://www.facebook.com/Willette-caf%C3%A9-troquet-325510518140371/
Booking: https://thefork.fr/restaurant/willette-r565193/?cc=24751-923"
Robert et Louise,"64 Rue Vieille du Temple, 75003 Paris, France",Paris,3e,,restaurant,,€€,4.5,3345,48.8590787,2.3594352,https://maps.google.com/?cid=13476296587106863437&g_mp=CiVnb29nbGUubWFwcy5wbGFjZXMudjEuUGxhY2VzLkdldFBsYWNlEAIYBCAA,http://robertetlouise.com/,https://bookings.zenchef.com/results?rid=352419&fullscreen=1&mini=0&pid=mapstr&primaryColor=FFC222&type=web,"Type: French Restaurant
Arrondissement: 3e
Price: €€
Google: 4.5 (3,345 reviews)
Food types: restaurant
Tags: Bistrot, Restaurant
Google summary: Steak, duck confit & a long wine list in a relaxed venue with wood beams & stone walls.
Google Maps: https://maps.google.com/?cid=13476296587106863437&g_mp=CiVnb29nbGUubWFwcy5wbGFjZXMudjEuUGxhY2VzLkdldFBsYWNlEAIYBCAA
Website: http://robertetlouise.com/
Booking: https://bookings.zenchef.com/results?rid=352419&fullscreen=1&mini=0&pid=mapstr&primaryColor=FFC222&type=web"
Semilla,"Rue de Seine, Paris, France",Paris,,,restaurant,,€€€,4.5,948,48.8540662,2.336884699999999,https://maps.google.com/?cid=17909131433648070151&g_mp=CiVnb29nbGUubWFwcy5wbGFjZXMudjEuUGxhY2VzLkdldFBsYWNlEAIYBCAA,http://www.semillaparis.com/,https://bookings.zenchef.com/results?rid=353221&fullscreen=1&mini=0&pid=mapstr&primaryColor=FFC222&type=web,"Type: French Restaurant
Price: €€€
Google: 4.5 (948 reviews)
Food types: restaurant
Tags: Frenchie, Restaurant
Google summary: Contemporary, intricate French cuisine with Mediterranean accents amid exposed ducts & brickwork.
Google Maps: https://maps.google.com/?cid=17909131433648070151&g_mp=CiVnb29nbGUubWFwcy5wbGFjZXMudjEuUGxhY2VzLkdldFBsYWNlEAIYBCAA
Website: http://www.semillaparis.com/
Booking: https://bookings.zenchef.com/results?rid=353221&fullscreen=1&mini=0&pid=mapstr&primaryColor=FFC222&type=web"
Septime,"80 Rue de Charonne, 75011 Paris, France",Paris,11e,,restaurant,,,,,48.8535789,2.3807315,https://www.google.com/maps/search/?api=1&query=Septime%2C%20Paris%2C%20France,http://www.septime-charonne.fr/,,"Arrondissement: 11e
Food types: restaurant
Tags: Frenchie, Wine bar, ❤️, Trendy, Bar
Google Maps: https://www.google.com/maps/search/?api=1&query=Septime%2C%20Paris%2C%20France
Website: http://www.septime-charonne.fr/"
Sola,"12 Rue de l'Hôtel Colbert, 75005 Paris, France",Paris,5e,,restaurant,,,4.7,866,48.8515846,2.3483035,https://maps.google.com/?cid=17893814821362708005&g_mp=CiVnb29nbGUubWFwcy5wbGFjZXMudjEuUGxhY2VzLkdldFBsYWNlEAIYBCAA,http://www.restaurant-sola.com/,https://bookings.zenchef.com/results?rid=369580&fullscreen=1&mini=0&pid=mapstr&primaryColor=FFC222&type=web,"Type: French Restaurant
Arrondissement: 5e
Google: 4.7 (866 reviews)
Food types: restaurant
Tags: Japanese, Restaurant
Google summary: Refined, creative Japanese food with French influences, served in a stone cellar & elegant room.
Google Maps: https://maps.google.com/?cid=17893814821362708005&g_mp=CiVnb29nbGUubWFwcy5wbGFjZXMudjEuUGxhY2VzLkdldFBsYWNlEAIYBCAA
Website: http://www.restaurant-sola.com/
Booking: https://bookings.zenchef.com/results?rid=369580&fullscreen=1&mini=0&pid=mapstr&primaryColor=FFC222&type=web"
Source,"17 Rue Grégoire de Tours, Paris 75006",Paris,6e,,restaurant,,€€,4.2,1937,48.853009,2.3379268,https://maps.google.com/?cid=345689054557147137&g_mp=CiVnb29nbGUubWFwcy5wbGFjZXMudjEuUGxhY2VzLkdldFBsYWNlEAIYBCAA,https://www.sourcerestaurant.fr,https://thefork.fr/restaurant/l-ouzeri-r836163/?cc=24751-923,"Type: French Restaurant
Arrondissement: 6e
Price: €€
Google: 4.2 (1,937 reviews)
Food types: restaurant
Tags: Restaurant
Google Maps: https://maps.google.com/?cid=345689054557147137&g_mp=CiVnb29nbGUubWFwcy5wbGFjZXMudjEuUGxhY2VzLkdldFBsYWNlEAIYBCAA
Website: https://www.sourcerestaurant.fr
Booking: https://thefork.fr/restaurant/l-ouzeri-r836163/?cc=24751-923"
Sugaar,"5 Rue Gozlin, 75006 Paris, France",Paris,6e,,restaurant,,,4,420,48.853292,2.333627,https://maps.google.com/?cid=11057144900801582300&g_mp=CiVnb29nbGUubWFwcy5wbGFjZXMudjEuUGxhY2VzLkdldFBsYWNlEAIYBCAA,,https://bookings.zenchef.com/results?rid=358531&fullscreen=1&mini=0&pid=mapstr&primaryColor=FFC222&type=web,"Type: Restaurant
Arrondissement: 6e
Google: 4.0 (420 reviews)
Food types: restaurant
Tags: Bistrot, Gastro / higher end
Google Maps: https://maps.google.com/?cid=11057144900801582300&g_mp=CiVnb29nbGUubWFwcy5wbGFjZXMudjEuUGxhY2VzLkdldFBsYWNlEAIYBCAA
Booking: https://bookings.zenchef.com/results?rid=358531&fullscreen=1&mini=0&pid=mapstr&primaryColor=FFC222&type=web"
Superfine,"8 Pass. Josset, 75011 Paris, France",Paris,11e,,"restaurant, bar",,,4.8,91,48.8527026,2.3765031,https://maps.google.com/?cid=6676943630750227351&g_mp=CiVnb29nbGUubWFwcy5wbGFjZXMudjEuUGxhY2VzLkdldFBsYWNlEAIYBCAA,https://www.instagram.com/superfinebar/,,"Type: Cocktail Bar
Arrondissement: 11e
Google: 4.8 (91 reviews)
Food types: restaurant, bar
Tags: bootstrap, bistro, Cocktails, Restaurant, Street food
Google Maps: https://maps.google.com/?cid=6676943630750227351&g_mp=CiVnb29nbGUubWFwcy5wbGFjZXMudjEuUGxhY2VzLkdldFBsYWNlEAIYBCAA
Website: https://www.instagram.com/superfinebar/"
Table Penja,"2 Rue Sedillot, 75007 Paris, France",Paris,7e,,restaurant,,,4.9,153,48.8592041,2.3014614,https://maps.google.com/?cid=1508556089686244812&g_mp=CiVnb29nbGUubWFwcy5wbGFjZXMudjEuUGxhY2VzLkdldFBsYWNlEAIYBCAA,http://www.tablepenja.paris/,https://thefork.fr/restaurant/table-penja-r839652/?cc=24751-923,"Type: Restaurant
Arrondissement: 7e
Google: 4.9 (153 reviews)
Food types: restaurant
Tags: Restaurant, Frenchie, African
Google Maps: https://maps.google.com/?cid=1508556089686244812&g_mp=CiVnb29nbGUubWFwcy5wbGFjZXMudjEuUGxhY2VzLkdldFBsYWNlEAIYBCAA
Website: http://www.tablepenja.paris/
Booking: https://thefork.fr/restaurant/table-penja-r839652/?cc=24751-923"
Vantre,"19 Rue de la Fontaine au Roi, 75011 Paris, France",Paris,11e,,restaurant,,€€,4.4,670,48.8684941,2.3701551,https://maps.google.com/?cid=10696963794562617589&g_mp=CiVnb29nbGUubWFwcy5wbGFjZXMudjEuUGxhY2VzLkdldFBsYWNlEAIYBCAA,http://www.vantre.fr/,https://bookings.zenchef.com/results?rid=364088&fullscreen=1&mini=0&pid=mapstr&primaryColor=FFC222&type=web,"Type: French Restaurant
Arrondissement: 11e
Price: €€
Google: 4.4 (670 reviews)
Food types: restaurant
Tags: Restaurant
Google Maps: https://maps.google.com/?cid=10696963794562617589&g_mp=CiVnb29nbGUubWFwcy5wbGFjZXMudjEuUGxhY2VzLkdldFBsYWNlEAIYBCAA
Website: http://www.vantre.fr/
Booking: https://bookings.zenchef.com/results?rid=364088&fullscreen=1&mini=0&pid=mapstr&primaryColor=FFC222&type=web"
Vivant 2,"43 Rue des Petites Écuries, 75010 Paris, Francia",Paris,10e,,restaurant,,€€,4.3,433,48.8738319,2.3496603,https://maps.google.com/?cid=7540361736806579762&g_mp=CiVnb29nbGUubWFwcy5wbGFjZXMudjEuUGxhY2VzLkdldFBsYWNlEAIYBCAA,http://www.vivantparis.com/,https://bookings.zenchef.com/results?rid=355093&fullscreen=1&mini=0&pid=mapstr&primaryColor=FFC222&type=web,"Type: Restaurant
Arrondissement: 10e
Price: €€
Google: 4.3 (433 reviews)
Food types: restaurant
Tags: Restaurant, Trendy, Frenchie, Wine bar, SH
Google summary: Gourmet cuisine made with healthy products, served in an industrial-chic space.
Google Maps: https://maps.google.com/?cid=7540361736806579762&g_mp=CiVnb29nbGUubWFwcy5wbGFjZXMudjEuUGxhY2VzLkdldFBsYWNlEAIYBCAA
Website: http://www.vivantparis.com/
Booking: https://bookings.zenchef.com/results?rid=355093&fullscreen=1&mini=0&pid=mapstr&primaryColor=FFC222&type=web"
À la Biche au Bois,"45 Av. Ledru Rollin, 75012 Paris, France",Paris,12e,,restaurant,,€€,4.5,1384,48.8506597,2.3754554,https://maps.google.com/?cid=2837411074796861473&g_mp=CiVnb29nbGUubWFwcy5wbGFjZXMudjEuUGxhY2VzLkdldFBsYWNlEAIYBCAA,https://www.facebook.com/alabicheaubois/,,"Type: French Restaurant
Arrondissement: 12e
Price: €€
Google: 4.5 (1,384 reviews)
Food types: restaurant
Tags: Restaurant
Google summary: Typical French fare like terrine & braised chicken, turned out in a relaxed setup.
Google Maps: https://maps.google.com/?cid=2837411074796861473&g_mp=CiVnb29nbGUubWFwcy5wbGFjZXMudjEuUGxhY2VzLkdldFBsYWNlEAIYBCAA
Website: https://www.facebook.com/alabicheaubois/"
Åke - Au Quai Caviste Paris 10,"15 rue Alibert, 75010 Paris, France",Paris,10e,,library,,,,,48.87159,2.36728,https://www.google.com/maps/search/?api=1&query=%C3%85ke%20-%20Au%20Quai%20Caviste%20Paris%2010%2C%20Paris%2C%20France,http://www.akeparis.fr,,"Arrondissement: 10e
Food types: library
Tags: Restaurant, Bistrot, Trendy
Google Maps: https://www.google.com/maps/search/?api=1&query=%C3%85ke%20-%20Au%20Quai%20Caviste%20Paris%2010%2C%20Paris%2C%20France
Website: http://www.akeparis.fr"
Épopée,"52 Rue Léon Frot, 75011 Paris, France",Paris,11e,,restaurant,,,4.8,104,48.8561329,2.3861665,https://maps.google.com/?cid=9656181437775388142&g_mp=CiVnb29nbGUubWFwcy5wbGFjZXMudjEuUGxhY2VzLkdldFBsYWNlEAIYBCAA,https://www.epopee-charonne.fr/,,"Type: French Restaurant
Arrondissement: 11e
Google: 4.8 (104 reviews)
Food types: restaurant
Tags: Gastro / higher end, Restaurant
Google Maps: https://maps.google.com/?cid=9656181437775388142&g_mp=CiVnb29nbGUubWFwcy5wbGFjZXMudjEuUGxhY2VzLkdldFBsYWNlEAIYBCAA
Website: https://www.epopee-charonne.fr/"
